<Defs>

<ThingDef ParentName="BaseWeaponTurret">
    <defName>MLRP_Weaponless</defName>
    <label>weaponised annoyance</label>
    <description>You can't help but want to punch the guy.</description>
    <descriptionHyperlinks>
		<ThingDef>MLRP_Mudbriar</ThingDef>
		<ThingDef>MLRP_QuibblePants</ThingDef>
		<ThingDef>MLRP_ZephyrBreeze</ThingDef>
	</descriptionHyperlinks>
    <graphicData>
      <texPath>Things/PonyPlush/PlushEquipped</texPath>
      <graphicClass>Graphic_Single</graphicClass>
    </graphicData>
    <soundInteract>Metal_Drop</soundInteract>
    <destroyOnDrop>true</destroyOnDrop>
    <tradeability>None</tradeability>
    <useHitPoints>false</useHitPoints>
    <statBases>
      <AccuracyTouch>0.1</AccuracyTouch>
      <AccuracyShort>0.25</AccuracyShort>
      <AccuracyMedium>0.25</AccuracyMedium>
      <AccuracyLong>1</AccuracyLong>
      <RangedWeapon_Cooldown>3</RangedWeapon_Cooldown>
      <DeteriorationRate>0</DeteriorationRate>
      <Mass>5</Mass>
      <Flammability>0</Flammability>
    </statBases>
    <weaponTags Inherit="false">
      <li>TurretGun</li>
    </weaponTags>
    <verbs>
      <li>
        <verbClass>Verb_Shoot</verbClass>
        <hasStandardCommand>true</hasStandardCommand>
        <defaultProjectile>MLRP_WeaponisedArrogance</defaultProjectile>
        <warmupTime>0</warmupTime>
        <range>10</range>
        <ticksBetweenBurstShots>250</ticksBetweenBurstShots>
        <burstShotCount>3</burstShotCount>
      </li>
    </verbs>
  </ThingDef>

	<ThingDef ParentName="BaseBullet">
		<defName>MLRP_WeaponisedArrogance</defName>
		<label>wooden bullet</label>
		<graphicData>
			<texPath>Things/PonyPlush/PlushEquipped</texPath>
			<graphicClass>Graphic_Single</graphicClass>
		</graphicData>
		<projectile>
			<damageDef>MLRP_Harmless</damageDef>
			<damageAmountBase>0.1</damageAmountBase>
			<speed>125</speed>
		</projectile>
	</ThingDef>
  
	<DamageDef Name="MLRP_Harmless">
		<defName>MLRP_Harmless</defName>
		<label>wooden bullet</label>
		<workerClass>DamageWorker_AddInjury</workerClass>
		<externalViolence>true</externalViolence>
		<deathMessage>{0} has died from a rather nasty splinter.</deathMessage>
		<hediff>Gunshot</hediff>
		<harmAllLayersUntilOutside>true</harmAllLayersUntilOutside>
		<impactSoundType>Bullet</impactSoundType>
		<armorCategory>Sharp</armorCategory>
		<overkillPctToDestroyPart>0~0.7</overkillPctToDestroyPart>
		<isRanged>true</isRanged>
		<makesAnimalsFlee>true</makesAnimalsFlee>
	</DamageDef>
	
</Defs>