<Defs>

<ThingDef ParentName="BuildingBase">
    <defName>MLRP_Daybreaker</defName>
    <label>Statue of Daybreaker</label>
    <description>Celestia's evil alter ego only ever manifested herself as part of Starlight Glimmer's nightmare, but even then her power was something to behold.\n\nAt least all of the heat she is emanating can be put to some use...</description>
    <thingClass>Building_WorkTable</thingClass>
	<designationHotKey>Misc8</designationHotKey>
    <graphicData>
      <texPath>Things/Building/Daybreaker</texPath>
      <graphicClass>Graphic_Multi</graphicClass>
      <drawSize>(2,2)</drawSize>
    </graphicData>
	<minifiedDef>MinifiedThing</minifiedDef>
    <thingCategories>
		<li>BuildingsProduction</li>
    </thingCategories>
	<costStuffCount>750</costStuffCount>
    <stuffCategories>
      <li>Metallic</li>
      <li>Stony</li>
      <li>Woody</li>
    </stuffCategories>
    <altitudeLayer>Building</altitudeLayer>
    <fillPercent>0.5</fillPercent>
    <useHitPoints>True</useHitPoints>
    <statBases>
      <WorkToBuild>7200</WorkToBuild>
      <MaxHitPoints>250</MaxHitPoints>
      <Flammability>0</Flammability>
	  <Mass>50</Mass>
    </statBases>
    <size>(2,2)</size>
    <designationCategory>MLRP_Buildings</designationCategory>
	<uiOrder>1</uiOrder>
    <passability>PassThroughOnly</passability>
    <pathCost>50</pathCost>
    <hasInteractionCell>True</hasInteractionCell>
    <interactionCellOffset>(0,0,-1)</interactionCellOffset>
    <surfaceType>Item</surfaceType>
    <inspectorTabs>
      <li>ITab_Bills</li>
    </inspectorTabs>
	<constructionSkillPrerequisite>6</constructionSkillPrerequisite>
    <building>
      <spawnedConceptLearnOpportunity>BillsTab</spawnedConceptLearnOpportunity>
    </building>
    <placeWorkers>
      <li>PlaceWorker_PreventInteractionSpotOverlap</li>
    </placeWorkers>
    <researchPrerequisites>
      <li>MLRP_NightmareMoonResearch</li>
    </researchPrerequisites>
	<comps>
		<li Class="CompProperties_Glower">
			<glowRadius>6</glowRadius>
			<glowColor>(255,241,127,0)</glowColor>
		</li>
		<li Class="CompProperties_HeatPusher">
			<compClass>CompHeatPusherPowered</compClass>
			<heatPerSecond>9</heatPerSecond>
			<heatPushMaxTemperature>25</heatPushMaxTemperature>
		</li>
	</comps>
  </ThingDef>
  
</Defs>