<Defs>

<ThingDef ParentName="BuildingBase">
    <defName>MLRP_MarblePieStoneExchange</defName>
    <label>Stone Exchange</label>
    <description>Marble will sell you 100 stone bricks in exchange for silver.\n\nJust don't expect any kind of conversation.</description>
    <thingClass>Building_WorkTable</thingClass>
	<!--<designationHotKey>Misc4</designationHotKey>-->
    <graphicData>
      <texPath>Things/Building/MarblePie</texPath>
      <graphicClass>Graphic_Multi</graphicClass>
      <drawSize>(1,1)</drawSize>
    </graphicData>
	<minifiedDef>MinifiedThing</minifiedDef>
    <thingCategories>
		<li>BuildingsProduction</li>
    </thingCategories>
	<costStuffCount>200</costStuffCount>
    <stuffCategories>
      <li>Metallic</li>
      <li>Stony</li>
      <li>Woody</li>
    </stuffCategories>
    <altitudeLayer>Building</altitudeLayer>
    <fillPercent>0.5</fillPercent>
    <useHitPoints>True</useHitPoints>
    <statBases>
      <WorkToBuild>720</WorkToBuild>
      <MaxHitPoints>250</MaxHitPoints>
      <Flammability>0</Flammability>
      <Mass>25</Mass>
    </statBases>
    <size>(1,1)</size>
    <designationCategory>MLRP_Buildings</designationCategory>
	<uiOrder>40</uiOrder>
    <passability>PassThroughOnly</passability>
    <pathCost>50</pathCost>
    <hasInteractionCell>True</hasInteractionCell>
    <interactionCellOffset>(0,0,-1)</interactionCellOffset>
    <surfaceType>Item</surfaceType>
    <inspectorTabs>
      <li>ITab_Bills</li>
    </inspectorTabs>
	<constructionSkillPrerequisite>6</constructionSkillPrerequisite>
    <building>
      <spawnedConceptLearnOpportunity>BillsTab</spawnedConceptLearnOpportunity>
    </building>
    <placeWorkers>
      <li>PlaceWorker_PreventInteractionSpotOverlap</li>
    </placeWorkers>
    <researchPrerequisites>
      <li>Stonecutting</li>
    </researchPrerequisites>
  </ThingDef>

</Defs>  