<Defs>

  <ThingDef ParentName="BuildingBase">
    <defName>MLRP_MissHarshwhinny</defName>
    <label>Miss Harshwhinny</label>
    <description>Miss Harshwhinny's demeanour has been described by many as 'cold enough to freeze a room.'\n\nOut here on the rim, that's probably a good thing.</description>
    <category>Building</category>
    <graphicData>
      <texPath>Things/Building/MissHarshwhinny</texPath>
      <graphicClass>Graphic_Single</graphicClass>
      <drawRotated>false</drawRotated>
      <allowFlip>false</allowFlip>
      <shadowData>
        <volume>(0.9,0.3,0.9)</volume>
      </shadowData>
      <damageData>
        <rect>(0.2,0,0.6,0.1)</rect>
      </damageData>
    </graphicData>
    <rotatable>false</rotatable>
    <altitudeLayer>Building</altitudeLayer>
    <passability>PassThroughOnly</passability>
    <pathCost>30</pathCost>
    <constructEffect>ConstructDirt</constructEffect>
    <tickerType>Normal</tickerType>
    <drawerType>RealtimeOnly</drawerType>
    <fillPercent>0.40</fillPercent>
    <statBases>
      <MaxHitPoints>80</MaxHitPoints>
      <WorkToBuild>200</WorkToBuild>
      <Flammability>1</Flammability>
    </statBases>
    <selectable>true</selectable>
    <costList>
      <WoodLog>50</WoodLog>
    </costList>
    <building>
      <destroySound>BuildingDestroyed_Metal_Small</destroySound>
    </building>
    <soundImpactDefault>BulletImpact_Ground</soundImpactDefault>
    <leaveResourcesWhenKilled>false</leaveResourcesWhenKilled>
    <resourcesFractionWhenDeconstructed>0</resourcesFractionWhenDeconstructed>
    <placeWorkers>
      <li>PlaceWorker_CoolerSimple</li>
    </placeWorkers>
    <drawPlaceWorkersWhileSelected>true</drawPlaceWorkersWhileSelected>
    <comps>
      <li Class="CompProperties_HeatPusher">
        <compClass>CompHeatPusherPowered</compClass>
        <heatPerSecond>-22</heatPerSecond>
        <heatPushMinTemperature>0</heatPushMinTemperature>
      </li>
      <li Class="CompProperties_Refuelable">
        <fuelConsumptionRate>20</fuelConsumptionRate>
        <fuelCapacity>50.0</fuelCapacity>
        <fuelFilter>
          <thingDefs>
            <li>WoodLog</li>
            <li>Chemfuel</li>
          </thingDefs>
        </fuelFilter>
        <initialFuelPercent>1</initialFuelPercent>
        <showAllowAutoRefuelToggle>true</showAllowAutoRefuelToggle>
      </li>
    </comps>
    <designationCategory>MLRP_Buildings</designationCategory>
    <researchPrerequisites>
      <li>PassiveCooler</li>
    </researchPrerequisites>
  </ThingDef>

</Defs>