<Defs>

	<DesignationCategoryDef>
		<defName>MLRP_Buildings</defName>
		<label>RimPony</label>
		<order>0</order>
		<specialDesignatorClasses>
			<li>Designator_Cancel</li>
			<li>Designator_Deconstruct</li>
		</specialDesignatorClasses>
	</DesignationCategoryDef>

  <ThingDef Abstract="True" Name="MLRP_LampBase" ParentName="BuildingBase">
    <thingClass>Building</thingClass>
    <category>Building</category>
    <minifiedDef>MinifiedThing</minifiedDef>
    <altitudeLayer>Building</altitudeLayer>
    <passability>PassThroughOnly</passability>
    <selectable>true</selectable>
    <fillPercent>0.20</fillPercent>
    <pathCost>14</pathCost>
    <leaveResourcesWhenKilled>false</leaveResourcesWhenKilled>
    <soundImpactDefault>BulletImpact_Metal</soundImpactDefault>
    <designationCategory>MLRP_Buildings</designationCategory>
	<uiOrder>5</uiOrder>
    <rotatable>false</rotatable>
    <uiIconOffset>(0, 0.03)</uiIconOffset>
    <thingCategories>
      <li>BuildingsFurniture</li>
    </thingCategories>
    <graphicData>
      <graphicClass>Graphic_Single</graphicClass>
      <shadowData>
        <volume>(0.3, 0.6, 0.3)</volume>
        <offset>(0,0,-0.1)</offset>
      </shadowData>
      <damageData>
        <rect>(0.2,0.2,0.6,0.6)</rect>
      </damageData>
    </graphicData>
    <statBases>
      <MaxHitPoints>50</MaxHitPoints>
      <WorkToBuild>150</WorkToBuild>
      <Flammability>1</Flammability>
    </statBases>
  </ThingDef>

  <ThingDef Abstract="True" Name="DiscordLampBase" ParentName="MLRP_LampBase">
    <graphicData>
      <texPath>Things/Building/DiscordLamp</texPath>
	  <drawSize>(1,1)</drawSize>
    </graphicData>
    <costStuffCount>300</costStuffCount>
    <stuffCategories>
      <li>Fabric</li>
      <li>Leathery</li>
      <li>Metallic</li>
      <li>Stony</li>
      <li>Woody</li>
    </stuffCategories>
    <statBases>
      <Mass>4</Mass>
    </statBases>
    <comps>
      <li Class="CompProperties_Glower">
        <glowRadius>8</glowRadius>
      </li>
    </comps>
	<specialDisplayRadius>8</specialDisplayRadius>
  </ThingDef>
  
  <ThingDef ParentName="DiscordLampBase" >
    <defName>MLRP_DiscordLamp</defName>
    <label>Discord lamp</label>
    <description>It's a lamp that looks like Discord, what else is there to say? While it doesn't provide much in the way of light, it doesn't require any power and will continue operating even during a solar flare.\n\nIts unique design appeals even to your enemies, who will not target it during raids.</description>
    <comps>
		<li Class="CompProperties_Glower">
			<!--<glowColor>(255,255,255,0)</glowColor>-->
			<glowColor>(214,148,94,0)</glowColor>
			<colorPickerEnabled>true</colorPickerEnabled>
			<darklightToggle>true</darklightToggle>
		</li>
    </comps>
    <building>
		<ai_neverTrashThis>true</ai_neverTrashThis>
    </building>
  </ThingDef>
  
</Defs>