<Defs>

<ThingDef ParentName="BuildingBase">
    <defName>MLRP_NightmareMoon</defName>
    <label>Statue of Nightmare Moon</label>
    <description>Nightmare Moon was once Equestria's greatest threat, feared by many and respected by few.\n\nOut here on the rimworlds, however, she's perfectly happy to accept offers of silver - and sometimes other stuff - in exchange for powerful items that will benefit your colony.</description>
    <thingClass>Building_WorkTable</thingClass>
	<designationHotKey>Misc4</designationHotKey>
    <graphicData>
      <texPath>Things/Building/NightmareMoon</texPath>
      <graphicClass>Graphic_Multi</graphicClass>
      <drawSize>(2,2)</drawSize>
    </graphicData>
	<minifiedDef>MinifiedThing</minifiedDef>
    <thingCategories>
		<li>BuildingsProduction</li>
    </thingCategories>
	<costStuffCount>750</costStuffCount>
    <stuffCategories>
      <li>Metallic</li>
      <li>Stony</li>
      <li>Woody</li>
    </stuffCategories>
    <altitudeLayer>Building</altitudeLayer>
    <fillPercent>0.5</fillPercent>
    <useHitPoints>True</useHitPoints>
    <statBases>
      <WorkToBuild>7200</WorkToBuild>
      <MaxHitPoints>250</MaxHitPoints>
      <Flammability>0</Flammability>
      <Mass>50</Mass>
    </statBases>
    <size>(2,2)</size>
    <designationCategory>MLRP_Buildings</designationCategory>
	<uiOrder>20</uiOrder>
    <passability>PassThroughOnly</passability>
    <pathCost>50</pathCost>
    <hasInteractionCell>True</hasInteractionCell>
    <interactionCellOffset>(0,0,-1)</interactionCellOffset>
    <surfaceType>Item</surfaceType>
    <inspectorTabs>
      <li>ITab_Bills</li>
    </inspectorTabs>
	<constructionSkillPrerequisite>6</constructionSkillPrerequisite>
    <building>
      <spawnedConceptLearnOpportunity>BillsTab</spawnedConceptLearnOpportunity>
    </building>
    <placeWorkers>
      <li>PlaceWorker_PreventInteractionSpotOverlap</li>
    </placeWorkers>
    <researchPrerequisites>
      <li>MLRP_NightmareMoonResearch</li>
    </researchPrerequisites>
  </ThingDef>

</Defs>  