<Defs>

<ThingDef ParentName="BuildingBase">
    <defName>MLRP_NurseRedheart</defName>
    <label>Nurse Redheart</label>
    <description>As a nurse, Redheart has seen it all; she knows that being prepared for any eventuality is of vital importance.\n\nThis building will generate medicine after a set period of time.</description>
    <graphicData>
      <texPath>Things/Building/NurseRedheart</texPath>
      <graphicClass>Graphic_Single</graphicClass>
      <drawSize>(1, 1)</drawSize>
    </graphicData>
    <thingCategories>
      <li>BuildingsSpecial</li>
    </thingCategories>
    <costList>
      <Cloth>500</Cloth>
      <ComponentSpacer>6</ComponentSpacer>
    </costList>
    <building>
      <destroySound>BuildingDestroyed_Soft_Small</destroySound>
    </building>
    <comps>
      <li Class="CompProperties_Power">
        <compClass>CompPowerTrader</compClass>
        <basePowerConsumption>350</basePowerConsumption>
        <powerUpgrades>
          <li>
            <researchProject>MLRP_MagicMirrorExtraPowerResearch</researchProject>
            <factor>0.75</factor>
          </li>
        </powerUpgrades>
      </li>
      <li Class="CompProperties_Flickable"/>
      <li Class="CompProperties_Spawner">
        <requiresPower>true</requiresPower>
        <thingToSpawn>MedicineIndustrial</thingToSpawn>
        <spawnCount>5</spawnCount>
        <spawnIntervalRange><min>600000</min><max>600000</max></spawnIntervalRange>
        <writeTimeLeftToSpawn>true</writeTimeLeftToSpawn>
        <showMessageIfOwned>true</showMessageIfOwned>
      </li>
    </comps>
    <altitudeLayer>Building</altitudeLayer>
    <statBases>
      <MarketValue>1500</MarketValue>
      <MaxHitPoints>200</MaxHitPoints>
      <Flammability>1.0</Flammability>
      <Beauty>2</Beauty>
      <Mass>15</Mass>
      <WorkToBuild>12000</WorkToBuild>
    </statBases>
    <thingSetMakerTags>
      <li>RewardStandardHighFreq</li>
    </thingSetMakerTags>
    <tickerType>Normal</tickerType>
    <size>(1, 1)</size>
    <fillPercent>1.0</fillPercent>
    <leaveResourcesWhenKilled>false</leaveResourcesWhenKilled>
    <terrainAffordanceNeeded>Medium</terrainAffordanceNeeded>
    <passability>Impassable</passability>
    <rotatable>false</rotatable>
    <canOverlapZones>false</canOverlapZones>
    <minifiedDef>MinifiedThing</minifiedDef>
    <tradeability>Buyable</tradeability>
    <tradeTags>
      <li>ExoticBuilding</li>
    </tradeTags>
  </ThingDef>
  
</Defs>