<Defs>

<ThingDef ParentName="BenchBase">
    <defName>PlushieBench</defName>
    <label>pony workbench</label>
    <description>A workbench dedicated to the creation of plushies and other pony-themed items.\n\nCan work without electricity at 50% of its normal speed.</description>
    <thingClass>Building_WorkTable</thingClass>
	<designationHotKey>Misc12</designationHotKey>
    <graphicData>
      <texPath>Things/Building/PlushieBench</texPath>
      <graphicClass>Graphic_Multi</graphicClass>
      <drawSize>(3.5,1.5)</drawSize>
      <shaderType>CutoutComplex</shaderType>
    </graphicData>
	<minifiedDef>MinifiedThing</minifiedDef>
    <castEdgeShadows>true</castEdgeShadows>
    <staticSunShadowHeight>0.20</staticSunShadowHeight>
    <costList>
      <Steel>75</Steel>
      <ComponentIndustrial>2</ComponentIndustrial>
    </costList>
    <altitudeLayer>Building</altitudeLayer>
    <fillPercent>0.5</fillPercent>
    <useHitPoints>True</useHitPoints>
    <statBases>
      <WorkToBuild>2500</WorkToBuild>
      <MaxHitPoints>180</MaxHitPoints>
      <Flammability>1.0</Flammability>
    </statBases>
    <size>(3,1)</size>
    <designationCategory>MLRP_Buildings</designationCategory>
	<uiOrder>0</uiOrder>
    <passability>PassThroughOnly</passability>
    <pathCost>50</pathCost>
    <hasInteractionCell>True</hasInteractionCell>
    <interactionCellOffset>(0,0,-1)</interactionCellOffset>
    <surfaceType>Item</surfaceType>
    <inspectorTabs>
      <li>ITab_Bills</li>
    </inspectorTabs>
    <building>
      <spawnedConceptLearnOpportunity>BillsTab</spawnedConceptLearnOpportunity>
      <unpoweredWorkTableWorkSpeedFactor>0.5</unpoweredWorkTableWorkSpeedFactor>
      <buildingTags>
		<li>Production</li>
      </buildingTags>
    </building>
    <comps>
      <li Class="CompProperties_Power">
        <compClass>CompPowerTrader</compClass>
        <shortCircuitInRain>false</shortCircuitInRain>
        <basePowerConsumption>120</basePowerConsumption>
        <powerUpgrades>
          <li>
            <researchProject>MLRP_MagicMirrorExtraPowerResearch</researchProject>
            <factor>0.5</factor>
          </li>
        </powerUpgrades>
      </li>
      <li Class="CompProperties_Flickable"/>
      <li Class="CompProperties_AffectedByFacilities">
        <linkableFacilities>
          <li>ToolCabinet</li>
        </linkableFacilities>
      </li>
      <li Class="CompProperties_Breakdownable"/>
    </comps>
    <placeWorkers>
      <li>PlaceWorker_ShowFacilitiesConnections</li>
	  <li>PlaceWorker_ReportWorkSpeedPenalties</li>
      <li>PlaceWorker_PreventInteractionSpotOverlap</li>
    </placeWorkers>
    <researchPrerequisites>
      <li>Electricity</li>
    </researchPrerequisites>
  </ThingDef>

</Defs>