<Defs>

<ThingDef ParentName="BuildingBase">
    <defName>MLRP_QuibblePants</defName>
    <label>Quibble Pants</label>
    <description>Quibble Pants thinks he is the ultimate fan, and will go out of his way to prove he knows more than anypony else. Good thing his constant blabbering can be put to use.</description>
    <thingClass>Building_TurretGun</thingClass>
    <graphicData>
      <texPath>Things/Building/QuibblePants</texPath>
      <graphicClass>Graphic_Single</graphicClass>
      <drawSize>(1,1)</drawSize>
    </graphicData>
    <techLevel>Industrial</techLevel>
    <uiIconPath>Things/Building/QuibblePants</uiIconPath>
    <uiIconScale>0.90</uiIconScale>
    <minifiedDef>MinifiedThing</minifiedDef>
    <altitudeLayer>Building</altitudeLayer>
    <stealable>false</stealable>
    <rotatable>false</rotatable>
    <thingCategories>
      <li>BuildingsSecurity</li>
    </thingCategories>
    <statBases>
      <MaxHitPoints>1000</MaxHitPoints>
      <Flammability>1</Flammability>
      <WorkToBuild>500</WorkToBuild>
      <Mass>6</Mass>
      <Beauty>-20</Beauty>
    </statBases>
    <tickerType>Normal</tickerType>
    <passability>PassThroughOnly</passability>
    <pathCost>50</pathCost>
    <fillPercent>0.25</fillPercent>
    <hasTooltip>false</hasTooltip>
    <costStuffCount>600</costStuffCount>
    <stuffCategories>
      <li>Fabric</li>
      <li>Leathery</li>
	  <li>Metallic</li>
    </stuffCategories>
	<costList>
      <Steel>200</Steel>
      <Plasteel>100</Plasteel>
      <Uranium>100</Uranium>
    </costList>
    <terrainAffordanceNeeded>Light</terrainAffordanceNeeded>
    <designationCategory>MLRP_Buildings</designationCategory>
	<uiOrder>75</uiOrder>
    <building>
      <expandHomeArea>true</expandHomeArea>
      <ai_combatDangerous>true</ai_combatDangerous>
      <turretGunDef>MLRP_Weaponless</turretGunDef>
      <turretBurstCooldownTime>3</turretBurstCooldownTime>
    </building>
    <researchPrerequisites>
      <li>GunTurrets</li>
    </researchPrerequisites>
  </ThingDef>
  
</Defs>