<Defs>

<ThingDef ParentName="SweetieBotBase">
    <defName>MLRP_Turret_SweetieBot</defName>
    <label>Sweetie Bot turret</label>
    <description>Fires rainbow lasers that are accurate at medium to long range. Will not explode if damaged.</description>
    <thingClass>Building_TurretGun</thingClass>
	<designationHotKey>Misc11</designationHotKey>
    <drawerType>MapMeshAndRealTime</drawerType>
    <graphicData>
      <texPath>Things/Building/SweetieBot</texPath>
      <graphicClass>Graphic_Single</graphicClass>
      <drawSize>(1,1)</drawSize>
    </graphicData>
    <uiIconPath>Things/Building/SweetieBot</uiIconPath>
    <uiIconScale>0.90</uiIconScale>
    <minifiedDef>MinifiedThing</minifiedDef>
    <altitudeLayer>Building</altitudeLayer>
    <stealable>false</stealable>
    <rotatable>false</rotatable>
    <thingCategories>
      <li>BuildingsSecurity</li>
    </thingCategories>
    <statBases>
      <MaxHitPoints>380</MaxHitPoints>
	  <!--<MarketValue>2500</MarketValue>-->
      <Flammability>0.7</Flammability>
      <WorkToBuild>2400</WorkToBuild>
      <Mass>35</Mass>
      <Beauty>-10</Beauty>
      <ShootingAccuracyTurret>0.80</ShootingAccuracyTurret>
    </statBases>
    <tickerType>Normal</tickerType>
    <comps>
      <li Class="CompProperties_Forbiddable"/>
      <li Class="CompProperties_Power">
        <compClass>CompPowerTrader</compClass>
        <basePowerConsumption>400</basePowerConsumption>
        <powerUpgrades>
          <li>
            <researchProject>MLRP_MagicMirrorExtraPowerResearch</researchProject>
            <factor>0.75</factor>
          </li>
        </powerUpgrades>
      </li>
      <li Class="CompProperties_Flickable"/>
    </comps>
    <passability>PassThroughOnly</passability>
    <pathCost>50</pathCost>
    <fillPercent>0.4</fillPercent>
    <hasTooltip>true</hasTooltip>
    <costStuffCount>600</costStuffCount>
    <stuffCategories>
      <li>Fabric</li>
      <li>Leathery</li>
      <li>Metallic</li>
    </stuffCategories>
    <costList>
      <ComponentSpacer>5</ComponentSpacer>
      <Plasteel>200</Plasteel>
    </costList>
    <terrainAffordanceNeeded>Light</terrainAffordanceNeeded>
    <designationCategory>MLRP_Buildings</designationCategory>
	<uiOrder>85</uiOrder>
    <constructionSkillPrerequisite>10</constructionSkillPrerequisite>
    <building>
      <combatPower>45</combatPower>
      <ai_combatDangerous>true</ai_combatDangerous>
      <turretGunDef>MLRP_SweetieBotTurret</turretGunDef>
      <turretBurstCooldownTime>1.5</turretBurstCooldownTime>
    </building>
    <placeWorkers>
      <li>PlaceWorker_TurretTop</li>
      <li>PlaceWorker_ShowTurretRadius</li>
    </placeWorkers>
    <researchPrerequisites>
      <li>MLRP_WeaponisedElementsResearch</li>
    </researchPrerequisites>
  </ThingDef>
 
</Defs>