<Defs>

  <WorkGiverDef>
    <defName>MLRP_DoStuffWithMarblePie</defName>
    <label>make purchase</label>
    <giverClass>WorkGiver_DoBill</giverClass>
    <workType>BasicWorker</workType>
    <priorityInType>300</priorityInType>
    <fixedBillGiverDefs>
      <li>MLRP_MarblePieStoneExchange</li>
    </fixedBillGiverDefs>
    <verb>purchase stone blocks</verb>
    <gerund>purchasing stone blocks at</gerund>
    <requiredCapacities>
      <li>Manipulation</li>
    </requiredCapacities>
  </WorkGiverDef>
  
</Defs>