<Defs>

  <WorkGiverDef>
    <defName>MLRP_DoStuffWithMissPommel</defName>
    <label>make purchase</label>
    <giverClass>WorkGiver_DoBill</giverClass>
    <workType>BasicWorker</workType>
    <priorityInType>300</priorityInType>
    <fixedBillGiverDefs>
      <li>MLRP_MissPommel</li>
    </fixedBillGiverDefs>
    <verb>purchase fabric at</verb>
    <gerund>purchasing fabric at</gerund>
    <requiredCapacities>
      <li>Manipulation</li>
    </requiredCapacities>
  </WorkGiverDef>
  
</Defs>