<Patch>

	<Operation Class="PatchOperationConditional">
		<xpath>Defs/AlienRace.ThingDef_AlienRace[@Name="BasePony"]/alienRace/raceRestriction/blackTraitList</xpath>
		<nomatch Class="PatchOperationAdd">
			<xpath>Defs/AlienRace.ThingDef_AlienRace[@Name="BasePony"]/alienRace/raceRestriction</xpath>
			<value>
				<blackTraitList>
				  <li>MLRP_BronyTrait</li>
				  <li>MLRP_AntiBronyTrait</li>
				</blackTraitList>
			</value>
		</nomatch>
		<match Class="PatchOperationAdd">
			<xpath>Defs/AlienRace.ThingDef_AlienRace[@Name="BasePony"]/alienRace/raceRestriction/blackTraitList</xpath>
			<value>
				<li>MLRP_BronyTrait</li>
				<li>MLRP_AntiBronyTrait</li>
			</value>
		</match>
	</Operation>

</Patch>