<Patch>
	<Operation Class="PatchOperationFindMod">
		<mods>
			<li>Callouts</li>
		</mods>
		<match Class="PatchOperationSequence">
			<operations>
						
				<li Class="PatchOperationAdd">
					<xpath>/Defs</xpath>
					<value>
						<CM_Callouts.CalloutConstantByTraitDef>
							<defName>CM_Callout_BronyTraits</defName>
							<traits>
								<li>MLRP_BronyTrait</li>
							</traits>
							<name>BRONY</name>
							<value>true</value>
						</CM_Callouts.CalloutConstantByTraitDef>
						
						<CM_Callouts.CalloutConstantByTraitDef>
							<defName>CM_Callout_AntiBronyTraits</defName>
							<traits>
								<li>MLRP_AntiBronyTrait</li>
							</traits>
							<name>ANTIBRONY</name>
							<value>true</value>
						</CM_Callouts.CalloutConstantByTraitDef>
						
						<CalloutsExpanded.CalloutConstantByPawnkindDef MayRequire="Ludeon.RimWorld.Biotech">
							<defName>CM_Callout_SweetieBot</defName> 
							<pawnKindDefs>
								<li>MLRP_SweetieBotMech</li>
							</pawnKindDefs>
							<name>SWEETIEBOT</name>
							<value>true</value>
						</CalloutsExpanded.CalloutConstantByPawnkindDef>
					</value>
				</li>
			
				<li Class="PatchOperationAdd">
					<xpath>/Defs/RulePackDef[defName="CM_Callouts_Common"]/rulePack/rulesStrings</xpath>
					<value>
						<li>callout_pony->peace</li>
						<li>callout_pony->love</li>
						<li>callout_pony->friendship</li>
						<li>callout_pony->magic</li>
						<li>callout_pony->generosity</li>
						<li>callout_pony->loyalty</li>
						<li>callout_pony->honesty</li>
						<li>callout_pony->kindness</li>
						<li>callout_pony->laughter</li>
						<li>callout_pony->harmony</li>
						<li>callout_pony->chaos</li>
						<li>callout_princess->Cadence</li>
						<li>callout_princess->Celestia</li>
						<li>callout_princess->Luna</li>
						<li>callout_princess->Twilight</li>
						<li>callout_villain->Nightmare Moon</li>
						<li>callout_villain->Daybreaker</li>
						<li>callout_villain->Tirek</li>
						<li>callout_villain->Queen Chrysalis</li>
						<li>callout_villain->King Sombra</li>
						<li>callout_villain->Grogar</li>
						<li>callout_villain->The Shadow Pony</li>
						<li>callout_villain->Opaline Arcana</li>
						<li>callout_villain->Allura</li>
						<li>callout_celestialbody->sun</li>
						<li>callout_celestialbody->moon</li>
						<li>callout_celestialbody->Crystal Heart</li>
						<li>callout_celestialbody->Nova Charm</li>
					</value>
				</li>
	  
				<li Class="PatchOperationAdd">
					<xpath>/Defs/RulePackDef[defName="CM_Callouts_RulePack_Attack_Common" or defName="CM_Callouts_RulePack_Melee_Attack"]/rulePack/rulesStrings</xpath>
					<value>
						<li>rule(BRONY==true)->Friendship is magic!</li>
						<li>rule(BRONY==true)->[callout_pony] be damned, you're getting the business end of my [INITIATOR_WEAPON_label]!</li>
						<li>rule(BRONY==true)->Fear the Great and Powerful [INITIATOR_label]!</li>
						<li>rule(BRONY==true)->With [callout_princess] as my witness, I will defeat you!</li>
						<li>rule(BRONY==true)->[callout_princess] preserve you, because I sure as hell won't!</li>
						<li>rule(BRONY==true)->By Discord's left nut, I will end you!</li>
						<li>rule(BRONY==true)->By Discord's right nut, I will end you!</li>
						<li>rule(BRONY==true)->By Discord's third nut, I will end you!</li>
						<li>rule(BRONY==true)->By Discord's nutsack, I will end you!</li>
						<li>rule(BRONY==true)->I'm gonna beat you so bad, even [callout_villain] will think it was too harsh!</li>
						<li>rule(BRONY==true)->I'm gonna beat you like they shoulda beat Cozy Glow!</li>
						<li>rule(BRONY==true)->I will defeat you with the power of [callout_pony], and this [INITIATOR_WEAPON_label] I found.</li>
						<li>rule(BRONY==true)->You're going to be in a FULL-BODY ARMS AND LEGS CAST, DRINKIN' THROUGH A STRAW!</li>
						<li>rule(BRONY==true)->Yippee Ki Neigh, motherbucker!</li>
						<li>rule(SWEETIEBOT==true)->Attack in progress.</li>
						<li>rule(SWEETIEBOT==true)->Engaging hostiles.</li>
						<li>rule(SWEETIEBOT==true)->Targeting systems online.</li>
						<li>rule(SWEETIEBOT==true)->Combat parameters updated.</li>
						<li>rule(SWEETIEBOT==true)->Alert: hostile detected. Lethal force authorised for all units.</li>
					</value>
				</li>
	  
				<li Class="PatchOperationAdd">
					<xpath>/Defs/RulePackDef[defName="CM_Callouts_RulePack_Attack_Landed_Common"]/rulePack/rulesStrings</xpath>
					<value>
						<li>rule(BRONY==true)->Got you! [callout_princess] is on my side today!</li>
						<li>rule(BRONY==true)->By the [callout_celestialbody], I hope that hurt!</li>
						<li>rule(BRONY==true)->[callout_villain] take you!</li>
						<li>rule(ANTIBRONY==true)->[callout_princess] isn't real and can't hurt you, but I am and I will!</li>
						<li>rule(ANTIBRONY==true)->[callout_villain] isn't real and can't hurt you, but I am and I will!</li>
						<li>rule(SWEETIEBOT==true)->Enemy unit has been damaged. Continuing attack.</li>
						<li>rule(SWEETIEBOT==true)->Hostiles will be terminated.</li>
						<li>rule(SWEETIEBOT==true)->Die, meatbag!</li>
					</value>
				</li>
	  
				<li Class="PatchOperationAdd">
					<xpath>/Defs/RulePackDef[defName="CM_Callouts_RulePack_Attack_Received_Common"]/rulePack/rulesStrings</xpath>
					<value>
						<li>rule(BRONY==true)->[callout_princess] preserve me, getting shot hurts!</li>
						<li>rule(BRONY==true)->The friendship lessons never prepared me for this!</li>
						<li>rule(BRONY==true)->Leave me alone! [callout_princess], tell them!</li>
						<li>rule(SWEETIEBOT==true)->Damage sustained. Continuing combat operations. Repairs advised.</li>
						<li>rule(SWEETIEBOT==true)->Combat efficiency at *kzzt* percent.</li>
						<li>rule(SWEETIEBOT==true)->Status report: yellow and falling. Perimeter security can no longer be guaranteed.</li>
					</value>
				</li>
	  
				<li Class="PatchOperationAdd">
					<xpath>/Defs/RulePackDef[defName="CM_Callouts_RulePack_Melee_Attack_Received"]/rulePack/rulesStrings</xpath>
					<value>
						<li>rule(BRONY==true)->[callout_princess] preserve me, getting cut hurts!</li>
						<li>rule(BRONY==true)->The friendship lessons never prepared me for this!</li>
						<li>rule(BRONY==true)->Leave me alone! [callout_princess], tell them!</li>
						<li>rule(SWEETIEBOT==true)->Damage sustained. Continuing combat operations.</li>
						<li>rule(SWEETIEBOT==true)->Unit damaged. Repairs advised.</li>
						<li>rule(SWEETIEBOT==true)->Do not interfere with security operations.</li>
					</value>
				</li>
				
				<li Class="PatchOperationAdd">
					<xpath>/Defs/RulePackDef[defName="CM_Callouts_RulePack_Wounded"]/rulePack/rulesStrings</xpath>
					<value>
						<li>rule(BRONY==true)->[callout_princess] will soon grant me a new [destroyed_part]!</li>
						<li>rule(BRONY==true)->You idiot, I can just get a new [destroyed_part] from our Nightmare Moon statue!</li>
					</value>
				</li>
	  
				<li Class="PatchOperationAdd">
					<xpath>/Defs/RulePackDef[defName="CM_Callouts_RulePack_Drafted"]/rulePack/rulesStrings</xpath>
					<value>
						<li>rule(BRONY==true,p=2)->The next episode is on soon, so let's get this over with.</li>
						<li>rule(BRONY==true,p=2)->How may I serve Equestria today?</li>
						<li>rule(BRONY==true,p=2)->Glory to Princess [callout_princess]!</li>
						<li>rule(BRONY==true,p=2)->Praise the [callout_celestialbody]!</li>
						<li>rule(BRONY==true,p=2)->For [callout_princess]'s sake, I was about to eat!</li>
						<li>rule(BRONY==true,p=2)->For [callout_princess]'s sake, I was about to take a nap!</li>
						<li>rule(BRONY==true,p=2)->It's about to get twenty percent cooler!</li>
						<li>rule(SWEETIEBOT==true)->Unit ready.</li>
						<li>rule(SWEETIEBOT==true)->Acknowledged.</li>
						<li>rule(SWEETIEBOT==true)->All systems nominal.</li>
					</value>
				</li>
		  
				<li Class="PatchOperationAdd">
					<xpath>/Defs/RulePackDef[defName="CM_Callouts_RulePack_Lethal_Hediff_Progression"]/rulePack/rulesStrings</xpath>
					<value>
						<li>rule(CULPRITHEDIFF_stage==extreme,BRONY==true)->Looks like I'll be seeing you real soon, [callout_princess].</li>
						<li>rule(CULPRITHEDIFF_stage==extreme,BRONY==true)->[callout_pony] be with me, it's nearly over...</li>
						<li>rule(CULPRITHEDIFF_stage==extreme,BRONY==true)->[callout_princess], let not this affliction claim me!</li>
						<li>rule(CULPRITHEDIFF_stage==extreme,BRONY==true)->Is... is that [callout_villain] I can see?</li>
					</value>
				</li>
			</operations>
		</match>
	</Operation>
</Patch>