<Defs>

  <WorkGiverDef>
    <defName>MLRP_DoStuffWithLittlepip</defName>
    <label>purchase items</label>
    <giverClass>WorkGiver_DoBill</giverClass>
    <workType>BasicWorker</workType>
    <priorityInType>300</priorityInType>
    <fixedBillGiverDefs>
      <li>MLRP_Rimatomics_Littlepip</li>
    </fixedBillGiverDefs>
    <verb>purchase items at</verb>
    <gerund>purchasing items at</gerund>
    <requiredCapacities>
      <li>Manipulation</li>
    </requiredCapacities>
  </WorkGiverDef>
  
</Defs>