﻿<?xml version="1.0" encoding="utf-8" ?>
<Defs>

  <PawnKindDef Name="MLRP_BronyKinds" Abstract="True">
    <race>Human</race>
    <defaultFactionType>MLRP_NPC_Faction</defaultFactionType>
    <backstoryFilters>
      <li>
        <categories>
          <li>Outlander</li>
          <li>Outsider</li>
          <li>Tribal</li>
        </categories>
      </li>
    </backstoryFilters>
    <chemicalAddictionChance>0</chemicalAddictionChance>
    <invNutrition>2</invNutrition>
    <invFoodDef>MealSurvivalPack</invFoodDef>
    <backstoryCryptosleepCommonality>0</backstoryCryptosleepCommonality>
    <minGenerationAge>16</minGenerationAge>
    <maxGenerationAge>55</maxGenerationAge>
    <combatEnhancingDrugsChance>0</combatEnhancingDrugsChance>
    <combatEnhancingDrugsCount>
      <min>0</min>
      <max>0</max>
    </combatEnhancingDrugsCount>
	<disallowedTraits>
      <li>Wimp</li>
	  <li>Pyromaniac</li>
	  <li>DrugDesire</li>
	  <li>BodyPurist</li>
	  <li>MLRP_BronyTrait</li>
	  <li>MLRP_AntiBronyTrait</li>
    </disallowedTraits>
    <nameMaker>NamerBrony</nameMaker>
    <nameMakerFemale>NamerBronyFemale</nameMakerFemale>
  </PawnKindDef>
  
<PawnKindDef ParentName="MLRP_BronyKinds" Name="MLRP_BronyKinds_LeaderBase" Abstract="True">
	<itemQuality>Excellent</itemQuality>
  </PawnKindDef>
  
  <PawnKindDef ParentName="MLRP_BronyKinds" Name="MLRP_BronyKinds_VillagerBase" Abstract="True">
	<itemQuality>Normal</itemQuality>
	<skills>
      <li>
        <skill>Shooting</skill>
        <range>1</range>
      </li>
	  <li>
        <skill>Melee</skill>
        <range>1</range>
      </li>
	  <li>
        <skill>Social</skill>
        <range>8~12</range>
      </li>	
    </skills>
  </PawnKindDef>

  <PawnKindDef ParentName="MLRP_BronyKinds" Name="MLRP_BronyKinds_MercBase" Abstract="True">
	<itemQuality>Good</itemQuality>
	<skills>
      <li>
        <skill>Shooting</skill>
        <range>6~12</range>
      </li>
	  <li>
        <skill>Melee</skill>
        <range>0</range>
      </li>
    </skills>
  </PawnKindDef>
  
  <PawnKindDef ParentName="MLRP_BronyKinds" Name="MLRP_BronyKinds_MeleeMercBase" Abstract="True">
	<itemQuality>Good</itemQuality>
	<forcedTraits>
		<li>Brawler</li>
	</forcedTraits>
	<skills>
      <li>
        <skill>Shooting</skill>
        <range>0</range>
      </li>
	  <li>
        <skill>Melee</skill>
        <range>7~12</range>
      </li>
	</skills>
  </PawnKindDef>
  
<PawnKindDef ParentName="MLRP_BronyKinds" Name="MLRP_BronyKinds_EliteMercBase" Abstract="True">
    <itemQuality>Excellent</itemQuality>
	<skills>
      <li>
        <skill>Shooting</skill>
        <range>10~15</range>
      </li>
	  <li>
        <skill>Melee</skill>
        <range>10~15</range>
      </li>
	</skills>
  </PawnKindDef>
  
<PawnKindDef ParentName="MLRP_BronyKinds_LeaderBase">
    <defName>Brony_Leader</defName>
	<factionLeader>true</factionLeader>
    <initialWillRange>1~3</initialWillRange>
    <initialResistanceRange>10~17</initialResistanceRange>
    <label>mayor</label>
	<labelPlural>mayors</labelPlural>
    <combatPower>40</combatPower>
    <gearHealthRange>
      <min>1</min>
      <max>1</max>
    </gearHealthRange>
    <apparelTags>
      <li>SpacerMilitary</li>
    </apparelTags>
   <apparelRequired><!--Patched to use cataphract armour if Royalty is installed-->
		<li>Apparel_PowerArmor</li>
		<li>Apparel_PowerArmorHelmet</li>
		<li>PonyPlush_RainbowDash</li>
		<li>Apparel_BasicShirt</li>
		<li>Apparel_Pants</li>
    </apparelRequired>
    <apparelMoney>
      <min>3000</min>
      <max>5000</max>
    </apparelMoney>
    <weaponMoney>
      <min>2000</min>
      <max>15000</max>
    </weaponMoney>
    <weaponTags>
	  <li>Rainbow_Laser</li>
    </weaponTags>
	<acceptArrestChanceFactor>0.25</acceptArrestChanceFactor>
	<isFighter>true</isFighter>
	<disallowedTraits>
		<li>Brawler</li>
	</disallowedTraits>
</PawnKindDef>
  
<PawnKindDef ParentName="MLRP_BronyKinds_VillagerBase">
    <defName>Brony_Villager</defName>
    <initialWillRange>0~1</initialWillRange>
    <initialResistanceRange>3~5</initialResistanceRange>
    <label>villager</label>
	<labelPlural>villagers</labelPlural>
    <combatPower>40</combatPower>
    <gearHealthRange>
      <min>1</min>
      <max>1</max>
    </gearHealthRange>
    <apparelTags>
      <li>IndustrialBasic</li>
    </apparelTags>
	<apparelRequired>
		<li>Apparel_FlakVest</li>
		<li>PonyPlush_BigMacintosh</li>
		<li>Apparel_BasicShirt</li>
		<li>Apparel_Pants</li>
    </apparelRequired>
	<weaponTags>
	  <li>WifeThrower</li>
    </weaponTags>
    <weaponMoney>
      <min>400</min>
      <max>600</max>
    </weaponMoney>
    <apparelMoney>
      <min>250</min>
      <max>1000</max>
    </apparelMoney>
	<acceptArrestChanceFactor>1</acceptArrestChanceFactor>
	<isFighter>true</isFighter>
</PawnKindDef>

<PawnKindDef ParentName="MLRP_BronyKinds_VillagerBase">
    <defName>Brony_Trader</defName>
    <initialWillRange>0~1</initialWillRange>
    <initialResistanceRange>3~5</initialResistanceRange>
    <label>trader</label>
	<labelPlural>traders</labelPlural>
    <combatPower>20</combatPower>
    <gearHealthRange>
      <min>1</min>
      <max>1</max>
    </gearHealthRange>
    <apparelTags>
      <li>IndustrialBasic</li>
    </apparelTags>
	<apparelRequired>
		<li>Apparel_FlakVest</li>
		<li>PonyPlush_BigMacintosh</li>
		<li>Apparel_BowlerHat</li>
		<li>Apparel_BasicShirt</li>
		<li>Apparel_Pants</li>
    </apparelRequired>
	<weaponTags>
	  <li>WifeThrower</li>
    </weaponTags>
    <weaponMoney>
      <min>400</min>
      <max>600</max>
    </weaponMoney>
    <apparelMoney>
      <min>250</min>
      <max>1000</max>
    </apparelMoney>
	<acceptArrestChanceFactor>1</acceptArrestChanceFactor>
	<isFighter>true</isFighter>
	<trader>true</trader>
</PawnKindDef>

<PawnKindDef ParentName="MLRP_BronyKinds_MercBase">
    <defName>Brony_Mercenary</defName>
    <initialWillRange>1~3</initialWillRange>
    <initialResistanceRange>5~7</initialResistanceRange>
    <label>brony mercenary</label>
	<labelPlural>brony mercenaries</labelPlural>
    <combatPower>40</combatPower>
    <gearHealthRange>
      <min>1</min>
      <max>1</max>
    </gearHealthRange>
    <apparelTags>
	  <li>IndustrialMilitaryBasic</li>
    </apparelTags>
	<apparelRequired> <!--Patched to use marine armour if Royalty is installed-->
		<li>Apparel_ArmorRecon</li>
		<li>Apparel_ArmorHelmetRecon</li>
		<li>PonyPlush_RainbowDash</li>
		<li>Apparel_BasicShirt</li>
		<li>Apparel_Pants</li>
	</apparelRequired>
    <apparelMoney>
      <min>2000</min>
      <max>3500</max>
    </apparelMoney>
    <weaponMoney>
      <min>420</min>
      <max>650</max>
    </weaponMoney>
    <weaponTags>
	  <li>AssaultRifle</li>
	  <li>IndustrialGunAdvanced</li>
    </weaponTags>
	<isFighter>true</isFighter>
	<disallowedTraits>
		<li>Brawler</li>
	</disallowedTraits>
</PawnKindDef>

<PawnKindDef ParentName="MLRP_BronyKinds_MercBase">
    <defName>Brony_Mercenary_Grenadier</defName>
    <initialWillRange>1~3</initialWillRange>
    <initialResistanceRange>5~7</initialResistanceRange>
    <label>brony mercenary grenadier</label>
	<labelPlural>brony mercenary grenadiers</labelPlural>
    <combatPower>40</combatPower>
    <gearHealthRange>
      <min>1</min>
      <max>1</max>
    </gearHealthRange>
    <apparelTags>
	  <li>IndustrialMilitaryBasic</li>
    </apparelTags>
	<apparelRequired>
		<li>Apparel_FlakVest</li>
		<li>Apparel_FlakPants</li>
		<li>PonyPlush_RainbowDash</li>
		<li>Apparel_AdvancedHelmet</li>
	</apparelRequired>
    <apparelMoney>
      <min>2000</min>
      <max>3500</max>
    </apparelMoney>
    <weaponMoney>
      <min>420</min>
      <max>650</max>
    </weaponMoney>
    <weaponTags>
	  <li>GrenadeDestructive</li>
    </weaponTags>
	<isFighter>true</isFighter>
	<disallowedTraits>
		<li>Brawler</li>
	</disallowedTraits>
    <canBeSapper>true</canBeSapper>
    <isGoodBreacher>true</isGoodBreacher>
</PawnKindDef>
  
<PawnKindDef ParentName="MLRP_BronyKinds_MeleeMercBase">
    <defName>Brony_Mercenary_Melee</defName>
    <initialWillRange>3~5</initialWillRange>
    <initialResistanceRange>7~9</initialResistanceRange>
    <label>melee brony mercenary</label>
	<labelPlural>melee brony mercenaries</labelPlural>
    <combatPower>40</combatPower>
    <gearHealthRange>
      <min>1</min>
      <max>1</max>
    </gearHealthRange>
    <apparelTags>
	  <li>IndustrialMilitaryAdvanced</li>
    </apparelTags>
   <apparelRequired> <!--Patched to use recon armour if Royalty is installed-->
		<li>Apparel_PlateArmor</li>
		<li>Apparel_AdvancedHelmet</li>
		<li>PonyPlush_RainbowDash</li>
		<li>Apparel_BasicShirt</li>
		<li>Apparel_Pants</li>
    </apparelRequired>
    <apparelMoney>
      <min>2000</min>
      <max>3500</max>
    </apparelMoney>
    <weaponMoney><!--Patched to a min/max of 2100/4200 if Royalty is enabled-->
      <min>420</min>
      <max>650</max>
    </weaponMoney>
    <weaponTags> <!--Patched to use monoswords and zeushammers if Royalty is enabled-->
	  <li>Axe</li>
	  <li>MedievalMeleeDecent</li>
	  <li>MedievalMeleeAdvanced</li>
	  <li>LongSword</li>
    </weaponTags>
	<isFighter>true</isFighter>
</PawnKindDef>
  
<PawnKindDef ParentName="MLRP_BronyKinds_EliteMercBase">
    <defName>Brony_Mercenary_Elite</defName>
    <initialWillRange>5~7</initialWillRange>
    <initialResistanceRange>9~12</initialResistanceRange>
    <label>elite brony mercenary</label>
	<labelPlural>elite brony mercenaries</labelPlural>
    <combatPower>100</combatPower>
    <gearHealthRange>
      <min>1</min>
      <max>1</max>
    </gearHealthRange>
    <apparelTags>
	  <li>SpacerMilitary</li>
    </apparelTags>
	<apparelRequired><!--Patched to use cataphract armour if Royalty is installed-->
		<li>Apparel_PowerArmor</li>
		<li>Apparel_PowerArmorHelmet</li>
		<li>PonyPlush_RainbowDash</li>
		<li>Apparel_BasicShirt</li>
		<li>Apparel_Pants</li>
    </apparelRequired>
    <apparelMoney>
      <min>3000</min>
      <max>5000</max>
    </apparelMoney>
    <weaponMoney>
      <min>2000</min>
      <max>15000</max>
    </weaponMoney>
    <weaponTags>
	  <li>Rainbow_Laser</li>
    </weaponTags>
	<isFighter>true</isFighter>
</PawnKindDef>

</Defs>
