<Defs>

  <PawnKindDef Name="MLRP_BronyKindsPlayer" Abstract="True">
    <race>Human</race>
    <defaultFactionType>MLRP_NPC_Faction</defaultFactionType>
    <backstoryFilters>
      <li>
        <categories>
          <li>Offworld</li>
          <li>Outlander</li>
          <li>Outsider</li>
          <li>Pirate</li>
          <li>Tribal</li>
        </categories>
      </li>
    </backstoryFilters>
  </PawnKindDef>

<PawnKindDef ParentName="MLRP_BronyKindsPlayer">
    <defName>MLRP_BronyPlayer</defName>
    <label>brony</label>
    <initialWillRange>90~99</initialWillRange>
	<initialResistanceRange>10~17</initialResistanceRange>
    <labelPlural>bronies</labelPlural>
	<combatPower>60</combatPower>
    <apparelRequired>
      <li>Apparel_FlakJacket</li>
      <li>Apparel_FlakPants</li>
      <li>Apparel_FlakVest</li>
      <li>Apparel_BasicShirt</li>
    </apparelRequired>
  </PawnKindDef>
  
</Defs>