<Patch>

	<Operation Class="PatchOperationFindMod">
		<mods>
			<li>RimPonk</li>
		</mods>
		<match Class="PatchOperationReplace">
			<xpath>Defs/ThingDef[defName="MLRP_PoisonJokeAddictionCureKit"]/description</xpath>
			<value>
				<description>Originally intended as a way of removing poison joke addiction, it soon became apparent that this Equestrian herbal remedy was also strong enough to cure a range of other afflictions.\n\nCures flu, malaria, food poisoning, poison joke adddiction, poison joke tolerance, magical cake addiction and magical cake tolerance. It can also cure the Cutie Pox, though the chances of it doing so are quite slim.</description>
			</value>
		</match>
	</Operation>

</Patch>