<Defs>

	<ThingDef ParentName="DrugPillBase">
		<defName>MLRP_PoisonJokeAddictionCureKit</defName>
		<label>herbal cure kit</label>
		<description>Originally intended as a way of removing poison joke addiction, it soon became apparent that this Equestrian herbal remedy was also strong enough to cure a range of other afflictions.\n\nCures flu, animal flu, malaria, food poisoning, poison joke addiction and poison joke tolerance. It also has a very low chance of curing the plague on colonists and animals.</description>
		<descriptionHyperlinks>
			<HediffDef>Flu</HediffDef>
			<HediffDef>Animal_Flu</HediffDef>
			<HediffDef>Malaria</HediffDef>
			<HediffDef>FoodPoisoning</HediffDef>
			<HediffDef>MLRP_PoisonJokeAddiction</HediffDef>
			<HediffDef>MLRP_PoisonJokeTolerance</HediffDef>
			<HediffDef>Plague</HediffDef>
			<HediffDef>Animal_Plague</HediffDef>
			<HediffDef MayRequire="SovietRabotyaga.RimPonkOld">MagicalCakeAddiction</HediffDef>
			<HediffDef MayRequire="SovietRabotyaga.RimPonkOld">MagicalCakeTolerance</HediffDef>
			<HediffDef MayRequire="Dubwise.DubsBadHygiene">Diarrhea</HediffDef>
		</descriptionHyperlinks>
		<graphicData>
			<texPath>Things/Item/Drug/PoisonJokeCureKit</texPath>
			<graphicClass>Graphic_Single</graphicClass>
		</graphicData>
		<socialPropernessMatters>false</socialPropernessMatters>
		<rotatable>false</rotatable>
		<stackLimit>10</stackLimit>
		<statBases>
			<MarketValue>750</MarketValue>
			<Mass>0.01</Mass>
			<Flammability>0.7</Flammability>
			<DeteriorationRate>1</DeteriorationRate>
		<WorkToMake>1000</WorkToMake>
		</statBases>
		<techLevel>Industrial</techLevel>
		<ingestible>
			<drugCategory>Medical</drugCategory>
			<outcomeDoers>
				<li Class="MyLittleRimPony.PoisonJokeAddictionCure"/>
			</outcomeDoers>
		</ingestible>
		<comps>
			<li Class="CompProperties_Drug">
				<listOrder>1010</listOrder>
			</li>
		</comps>
		<tradeTags>
			<li>ExoticMisc</li>
		</tradeTags>
		<thingSetMakerTags>
			<li>RewardStandardHighFreq</li>
		</thingSetMakerTags>
</ThingDef>
  
</Defs>