﻿<?xml version="1.0" encoding="utf-8" ?>
<Defs>

<!--Plant-->

<ThingDef ParentName="PlantBaseNonEdible">
	<defName>MLRP_PoisonJokePlant</defName>
    <label>poison joke plant</label>
    <description>A genetically engineered plant that can be turned into joints which, when smoked, will affect a person's capacities in either a positive or negative way.</description>
	<possessionCount>5</possessionCount>
    <statBases>
      <MaxHitPoints>85</MaxHitPoints>
    </statBases>
    <graphicData>
      <texPath>Things/Plant/PoisonJokeCrop</texPath>
      <graphicClass>Graphic_Single</graphicClass>
    </graphicData>
    <selectable>true</selectable>
    <pathCost>7</pathCost>
    <plant>
		<fertilityMin>0.7</fertilityMin>
		<growDays>7</growDays>
		<dieIfLeafless>true</dieIfLeafless>
		<harvestTag>Standard</harvestTag>
		<harvestedThingDef>MLRP_PoisonJokeLeaves</harvestedThingDef>
		<harvestYield>9</harvestYield>
		<sowMinSkill>8</sowMinSkill>
		<sowTags>
		<li>Ground</li>
		<li>Hydroponic</li>
		</sowTags>
		<topWindExposure>0.1</topWindExposure>
		<visualSizeRange>0.3~1.0</visualSizeRange>
		<wildOrder>2</wildOrder>
	</plant>
</ThingDef>

  <ThingDef ParentName="RoughPlantBase">
    <defName>MLRP_PoisonJokeLeaves</defName>
    <label>poison joke leaves</label>
    <description>Raw cut leaves of a poison joke plant. Can be processed into smokeable joints at a crafting spot, drug lab or plushie bench.</description>
    <graphicData>
      <texPath>Things/Item/Resource/PlantFoodRaw/PoisonJokeLeaves</texPath>
    </graphicData>
    <statBases>
      <MarketValue>0.9</MarketValue>
      <Flammability>1.3</Flammability>
    </statBases>
    <comps>
      <li Class="CompProperties_Rottable">
        <daysToRotStart>7</daysToRotStart>
        <rotDestroys>true</rotDestroys>
      </li>
    </comps>
    <thingCategories>
      <li>PlantMatter</li>
    </thingCategories>
    <ingestible>
      <preferability>DesperateOnly</preferability>
      <canAutoSelectAsFoodForCaravan>false</canAutoSelectAsFoodForCaravan>
    </ingestible>
  </ThingDef>

<!--Drug-->

  <ThingDef ParentName="MakeableDrugBase">
    <defName>MLRP_PoisonJokeJoint</defName>
    <label>poison joke joint</label>
    <description>This variant of poison joke was spliced together by yet another MLP fan with too much time on their hands.\n\nWhen smoked, it will provide the imbiber with a random effect, which can be either positive or negative.\n\nReports from other colonies suggest that the effects can range from improved sight or speed to slowness, poor manipulation and even temporary blindness.</description>
	<descriptionHyperlinks>
		<HediffDef>MLRP_CutiePox</HediffDef>
		<HediffDef>MLRP_PoisonJokeIncreasedConsciousness</HediffDef>
		<HediffDef>MLRP_PoisonJokeReducedConsciousness</HediffDef>
		<HediffDef>MLRP_PoisonJokeSuperSpeedy</HediffDef>
		<HediffDef>MLRP_PoisonJokeSlowAndSluggish</HediffDef>
		<HediffDef>MLRP_PoisonJokeGoodManipulation</HediffDef>
		<HediffDef>MLRP_PoisonJokePoorManipulation</HediffDef>
		<HediffDef>MLRP_PoisonJokeIncreasedTalking</HediffDef>
		<HediffDef>MLRP_PoisonJokeReducedTalking</HediffDef>
		<HediffDef>MLRP_PoisonJokeIncreasedEating</HediffDef>
		<HediffDef>MLRP_PoisonJokeReducedEating</HediffDef>
		<HediffDef>MLRP_PoisonJokeSightBeyondSight</HediffDef>
		<HediffDef>MLRP_PoisonJokeBlindness</HediffDef>
		<HediffDef>MLRP_PoisonJokeIncreasedHearing</HediffDef>
		<HediffDef>MLRP_PoisonJokeReducedHearing</HediffDef>
		<HediffDef>MLRP_PoisonJokeIncreasedBreathing</HediffDef>
		<HediffDef>MLRP_PoisonJokeReducedBreathing</HediffDef>
	</descriptionHyperlinks>
    <graphicData>
      <texPath>Things/Item/Drug/PoisonJokeJoint</texPath>
      <graphicClass>Graphic_StackCount</graphicClass>
	  <drawSize>(1,1)</drawSize>
    </graphicData>
    <rotatable>false</rotatable>
    <statBases>
      <WorkToMake>450</WorkToMake>
      <MarketValue>11</MarketValue>
      <Mass>0.05</Mass>
      <DeteriorationRate>6</DeteriorationRate>
      <Flammability>1.3</Flammability>
    </statBases>
    <techLevel>Industrial</techLevel>
    <ingestible>
      <foodType>Plant, Processed</foodType>
      <joyKind>Chemical</joyKind>
      <joy>0.80</joy>
      <baseIngestTicks>720</baseIngestTicks>
      <nurseable>true</nurseable>
      <drugCategory>Social</drugCategory>
      <ingestSound>Ingest_Smoke</ingestSound>
      <ingestEffect>Smoke_Joint</ingestEffect>
      <ingestEffectEat>EatVegetarian</ingestEffectEat>
      <ingestHoldOffsetStanding>
        <northDefault>
          <offset>(0.27,0,0.08)</offset>
          <behind>true</behind>
        </northDefault>
        <east>
          <offset>(0.45,0,0.08)</offset>
        </east>
        <south>
          <offset>(0.27,0,0.08)</offset>
        </south>
        <west>
          <offset>(-0.50,0,0.08)</offset>
          <flip>true</flip>
        </west>
      </ingestHoldOffsetStanding>
      <ingestHoldUsesTable>false</ingestHoldUsesTable>
      <ingestCommandString>Smoke {0}</ingestCommandString>
      <ingestReportString>Smoking {0}.</ingestReportString>
      <ingestReportStringEat>Consuming {0}.</ingestReportStringEat>
      <useEatingSpeedStat>false</useEatingSpeedStat>
      <outcomeDoers>
		<li Class="MyLittleRimPony.PoisonJokeSmoked"/>
        <li Class="IngestionOutcomeDoer_GiveHediff">
          <hediffDef>MLRP_PoisonJokeHigh</hediffDef>
          <severity>0.5</severity>
          <toleranceChemical>MLRP_PoisonJoke</toleranceChemical>
        </li>
        <li Class="IngestionOutcomeDoer_GiveHediff">
          <hediffDef>MLRP_PoisonJokeTolerance</hediffDef>
          <severity>0.03</severity>
          <divideByBodySize>true</divideByBodySize>
        </li>
      </outcomeDoers>
    </ingestible>
    <recipeMaker>
      <recipeUsers>
        <li>CraftingSpot</li>
        <li>DrugLab</li>
        <li>PlushieBench</li>
      </recipeUsers>
      <workSpeedStat>DrugCookingSpeed</workSpeedStat>
      <workSkill>Cooking</workSkill>
		<researchPrerequisites>
			<li>DrugProduction</li>
		</researchPrerequisites>
    </recipeMaker>
    <costList>
      <MLRP_PoisonJokeLeaves>8</MLRP_PoisonJokeLeaves>
    </costList>
    <comps>
      <li Class="CompProperties_Drug">
        <chemical>MLRP_PoisonJoke</chemical>
        <addictiveness>0.020</addictiveness>
        <minToleranceToAddict>0.15</minToleranceToAddict>
        <existingAddictionSeverityOffset>0.06</existingAddictionSeverityOffset>
        <needLevelOffset>0.9</needLevelOffset>
        <listOrder>20</listOrder>
      </li>
    </comps>
    <allowedArchonexusCount>50</allowedArchonexusCount>
  </ThingDef>

  <HediffDef>
    <defName>MLRP_PoisonJokeHigh</defName>
    <label>high on poison joke</label>
    <labelNoun>poison joke high</labelNoun>
    <description>Poison joke in the bloodstream.</description>
    <hediffClass>Hediff_High</hediffClass>
    <defaultLabelColor>(1,0,0.5)</defaultLabelColor>
    <scenarioCanAdd>true</scenarioCanAdd>
    <maxSeverity>1.0</maxSeverity>
    <isBad>false</isBad>
    <comps>
      <li Class="HediffCompProperties_SeverityPerDay">
        <severityPerDay>-1.0</severityPerDay>
        <showHoursToRecover>true</showHoursToRecover>
      </li>
    </comps>
  </HediffDef>
  
  <!-- Poison Joke addiction -->

  <ChemicalDef>
    <defName>MLRP_PoisonJoke</defName>
    <label>poison joke</label>
    <addictionHediff>MLRP_PoisonJokeAddiction</addictionHediff>
    <toleranceHediff>MLRP_PoisonJokeTolerance</toleranceHediff>
    <onGeneratedAddictedToleranceChance>0.8</onGeneratedAddictedToleranceChance>
  </ChemicalDef>

  <NeedDef ParentName="DrugAddictionNeedBase">
    <defName>MLRP_PoisonJokeNeed</defName>
    <needClass>Need_Chemical</needClass>
    <label>poison joke</label>
    <description>Because of a poison joke dependence, this person needs to regularly consume the drug to avoid withdrawal symptoms.</description>
    <listPriority>25</listPriority>
  </NeedDef>
  
  <HediffDef ParentName="DrugToleranceBase">
    <defName>MLRP_PoisonJokeTolerance</defName>
    <label>poison joke tolerance</label>
    <description>A built-up tolerance to poison joke. The more severe this tolerance is, the more poison joke it takes to get the same effect.</description>
    <comps>
      <li Class="HediffCompProperties_SeverityPerDay">
        <severityPerDay>-0.015</severityPerDay>
      </li>
      <li Class="HediffCompProperties_DrugEffectFactor">
        <chemical>MLRP_PoisonJoke</chemical>
      </li>
    </comps>
  </HediffDef>

  <HediffDef ParentName="AddictionBase">
    <defName>MLRP_PoisonJokeAddiction</defName>
    <label>poison joke dependence</label>
    <description>A chemical addiction to poison joke. Long-term use of poison joke has caused neurological adaptations at the cellular level, so the brain can no longer function properly without the drug.\n\nWithout regular doses of poison joke, withdrawal symptoms will begin. However, extended abstinence will force the brain to adapt back to its normal state, resolving the addiction.\n\nAlternatively, you can buy or make a solution that will immediately cure the addiction.</description>
	<descriptionHyperlinks>
      <ThingDef>MLRP_PoisonJokeAddictionCureKit</ThingDef>
    </descriptionHyperlinks>
    <hediffClass>Hediff_Addiction</hediffClass>
    <causesNeed>MLRP_PoisonJokeNeed</causesNeed>
    <comps>
      <li Class="HediffCompProperties_SeverityPerDay">
        <severityPerDay>-0.0333</severityPerDay>
        <showDaysToRecover>true</showDaysToRecover>
      </li>
    </comps>
    <stages>
      <li>
      </li>
      <li>
        <label>withdrawal</label>
        <capMods>
          <li>
            <capacity>Consciousness</capacity>
            <offset>-0.20</offset>
          </li>
          <li>
            <capacity>Moving</capacity>
            <offset>-0.15</offset>
          </li>
        </capMods>
        <mentalStateGivers>
          <li>
            <mentalState>Binging_DrugMajor</mentalState>
            <mtbDays>50</mtbDays>
          </li>
        </mentalStateGivers>
      </li>
    </stages>
  </HediffDef>

  <ThoughtDef>
    <defName>MLRP_PoisonJokeWithdrawalThought</defName>
    <workerClass>ThoughtWorker_Hediff</workerClass>
    <hediff>MLRP_PoisonJokeAddiction</hediff>
    <validWhileDespawned>true</validWhileDespawned>
    <stages>
      <li>
        <label>poison joke withdrawal</label>
        <description>I don't care what it does to me, I just need my fix!</description>
        <baseMoodEffect>-20</baseMoodEffect>
      </li>
    </stages>
  </ThoughtDef>

</Defs>