<Defs>

<!--CONSCIOUSNESS-->

<HediffDef>
    <defName>MLRP_PoisonJokeIncreasedConsciousness</defName>
    <label>increased consciousness</label>
	<hediffClass>HediffWithComps</hediffClass>
    <description>Increased consciousness, one of the possible side effects of smoking poison joke.</description>
	<comps>
		<li Class="HediffCompProperties_Disappears">
			<disappearsAfterTicks>60000</disappearsAfterTicks>
			<showRemainingTime>true</showRemainingTime>
		</li>
	</comps>
	<stages>
		<li>
			<capMods>
				<li>
					<capacity>Consciousness</capacity>
					<offset>1</offset>
				</li>
			</capMods>
		</li>
	</stages>
</HediffDef>

<HediffDef>
    <defName>MLRP_PoisonJokeReducedConsciousness</defName>
    <label>reduced consciousness</label>
	<hediffClass>HediffWithComps</hediffClass>
    <description>Reduced consciousness, one of the possible side effects of smoking poison joke.</description>
	<comps>
		<li Class="HediffCompProperties_Disappears">
			<disappearsAfterTicks>60000</disappearsAfterTicks>
			<showRemainingTime>true</showRemainingTime>
		</li>
	</comps>
	<stages>
		<li>
			<capMods>
				<li>
					<capacity>Consciousness</capacity>
					<setMax>0.1</setMax>
				</li>
			</capMods>
		</li>
	</stages>
	<isBad>true</isBad>
</HediffDef>

<!--MOVING-->

<HediffDef>
    <defName>MLRP_PoisonJokeSuperSpeedy</defName>
    <label>super speedy</label>
	<hediffClass>HediffWithComps</hediffClass>
    <description>Increased movement speed, one of the possible side effects of smoking poison joke.</description>
	<comps>
		<li Class="HediffCompProperties_Disappears">
			<disappearsAfterTicks>15000</disappearsAfterTicks>
			<showRemainingTime>true</showRemainingTime>
		</li>
	</comps>
	<stages>
		<li>
			<capMods>
				<li>
					<capacity>Moving</capacity>
					<offset>1</offset>
				</li>
			</capMods>
		</li>
	</stages>
</HediffDef>

<HediffDef>
    <defName>MLRP_PoisonJokeSlowAndSluggish</defName>
    <label>slow and sluggish</label>
	<hediffClass>HediffWithComps</hediffClass>
    <description>Reduced movement speed, one of the possible side effects of smoking poison joke.</description>
	<comps>
		<li Class="HediffCompProperties_Disappears">
			<disappearsAfterTicks>30000</disappearsAfterTicks>
			<showRemainingTime>true</showRemainingTime>
		</li>
	</comps>
	<stages>
		<li>
			<capMods>
				<li>
					<capacity>Moving</capacity>
					<offset>-0.5</offset>
				</li>
			</capMods>
		</li>
	</stages>
	<isBad>true</isBad>
</HediffDef>

<!--MANIPULATION-->

<HediffDef>
    <defName>MLRP_PoisonJokeGoodManipulation</defName>
    <label>good manipulation</label>
	<hediffClass>HediffWithComps</hediffClass>
    <description>Increased ability to manipulate objects, one of the possible side effects of smoking poison joke.</description>
	<comps>
		<li Class="HediffCompProperties_Disappears">
			<disappearsAfterTicks>30000</disappearsAfterTicks>
			<showRemainingTime>true</showRemainingTime>
		</li>
	</comps>
	<stages>
		<li>
			<capMods>
				<li>
					<capacity>Manipulation</capacity>
					<offset>0.5</offset>
				</li>
			</capMods>
		</li>
	</stages>
</HediffDef>

<HediffDef>
    <defName>MLRP_PoisonJokePoorManipulation</defName>
    <label>poor manipulation</label>
	<hediffClass>HediffWithComps</hediffClass>
    <description>Reduced ability to manipulate objects, one of the possible side effects of smoking poison joke.</description>
	<comps>
		<li Class="HediffCompProperties_Disappears">
			<disappearsAfterTicks>30000</disappearsAfterTicks>
			<showRemainingTime>true</showRemainingTime>
		</li>
	</comps>
	<stages>
		<li>
			<capMods>
				<li>
					<capacity>Manipulation</capacity>
					<offset>-0.5</offset>
				</li>
			</capMods>
		</li>
	</stages>
	<isBad>true</isBad>
</HediffDef>

<!--TALKING-->

<HediffDef>
    <defName>MLRP_PoisonJokeIncreasedTalking</defName>
    <label>gift of the gab</label>
	<hediffClass>HediffWithComps</hediffClass>
    <description>Increased speaking ability, one of the possible side effects of smoking poison joke.</description>
	<comps>
		<li Class="HediffCompProperties_Disappears">
			<disappearsAfterTicks>60000</disappearsAfterTicks>
			<showRemainingTime>true</showRemainingTime>
		</li>
	</comps>
	<stages>
		<li>
			<capMods>
				<li>
					<capacity>Talking</capacity>
					<offset>1</offset>
				</li>
			</capMods>
		</li>
	</stages>
</HediffDef>

<HediffDef>
    <defName>MLRP_PoisonJokeReducedTalking</defName>
    <label>total silence</label>
	<hediffClass>HediffWithComps</hediffClass>
    <description>A complete inability to speak, one of the possible side effects of smoking poison joke.</description>
	<comps>
		<li Class="HediffCompProperties_Disappears">
			<disappearsAfterTicks>60000</disappearsAfterTicks>
			<showRemainingTime>true</showRemainingTime>
		</li>
	</comps>
	<stages>
		<li>
			<capMods>
				<li>
					<capacity>Talking</capacity>
					<offset>-1</offset>
				</li>
			</capMods>
		</li>
	</stages>
	<isBad>true</isBad>
</HediffDef>

<!--EATING-->

<HediffDef>
    <defName>MLRP_PoisonJokeIncreasedEating</defName>
    <label>quick eater</label>
	<hediffClass>HediffWithComps</hediffClass>
    <description>Increased eating ability, one of the possible side effects of smoking poison joke.</description>
	<comps>
		<li Class="HediffCompProperties_Disappears">
			<disappearsAfterTicks>60000</disappearsAfterTicks>
			<showRemainingTime>true</showRemainingTime>
		</li>
	</comps>
	<stages>
		<li>
			<capMods>
				<li>
					<capacity>Eating</capacity>
					<offset>1</offset>
				</li>
			</capMods>
		</li>
	</stages>
</HediffDef>

<HediffDef>
    <defName>MLRP_PoisonJokeReducedEating</defName>
    <label>slow eater</label>
	<hediffClass>HediffWithComps</hediffClass>
    <description>Reduced eating ability, one of the possible side effects of smoking poison joke.</description>
	<comps>
		<li Class="HediffCompProperties_Disappears">
			<disappearsAfterTicks>60000</disappearsAfterTicks>
			<showRemainingTime>true</showRemainingTime>
		</li>
	</comps>
	<stages>
		<li>
			<capMods>
				<li>
					<capacity>Eating</capacity>
					<offset>-0.5</offset>
				</li>
			</capMods>
		</li>
	</stages>
	<isBad>true</isBad>
</HediffDef>

<!--SIGHT-->

<HediffDef>
    <defName>MLRP_PoisonJokeSightBeyondSight</defName>
    <label>sight beyond sight</label>
	<hediffClass>HediffWithComps</hediffClass>
    <description>Improved sight for 24 hours, one of the possible side effects of smoking poison joke.</description>
	<comps>
		<li Class="HediffCompProperties_Disappears">
			<disappearsAfterTicks>60000</disappearsAfterTicks>
			<showRemainingTime>true</showRemainingTime>
		</li>
	</comps>
	<stages>
		<li>
			<capMods>
				<li>
					<capacity>Sight</capacity>
					<offset>1</offset>
				</li>
			</capMods>
		</li>
	</stages>
</HediffDef>

<HediffDef>
    <defName>MLRP_PoisonJokeBlindness</defName>
    <label>blindness</label>
	<hediffClass>HediffWithComps</hediffClass>
    <description>A complete inability to see, one of the possible side effects of smoking poison joke.</description>
	<comps>
		<li Class="HediffCompProperties_Disappears">
			<disappearsAfterTicks>60000</disappearsAfterTicks>
			<showRemainingTime>true</showRemainingTime>
		</li>
	</comps>
	<stages>
		<li>
			<capMods>
				<li>
					<capacity>Sight</capacity>
					<offset>-1</offset>
				</li>
			</capMods>
		</li>
	</stages>
	<isBad>true</isBad>
</HediffDef>

<!--HEARING-->

<HediffDef>
    <defName>MLRP_PoisonJokeIncreasedHearing</defName>
    <label>improved hearing</label>
	<hediffClass>HediffWithComps</hediffClass>
    <description>Increased hearing, one of the possible side effects of smoking poison joke.</description>
	<comps>
		<li Class="HediffCompProperties_Disappears">
			<disappearsAfterTicks>60000</disappearsAfterTicks>
			<showRemainingTime>true</showRemainingTime>
		</li>
	</comps>
	<stages>
		<li>
			<capMods>
				<li>
					<capacity>Hearing</capacity>
					<offset>1</offset>
				</li>
			</capMods>
		</li>
	</stages>
</HediffDef>

<HediffDef>
    <defName>MLRP_PoisonJokeReducedHearing</defName>
    <label>deafness</label>
	<hediffClass>HediffWithComps</hediffClass>
    <description>A complete inability to hear, one of the possible side effects of smoking poison joke.</description>
	<comps>
		<li Class="HediffCompProperties_Disappears">
			<disappearsAfterTicks>60000</disappearsAfterTicks>
			<showRemainingTime>true</showRemainingTime>
		</li>
	</comps>
	<stages>
		<li>
			<capMods>
				<li>
					<capacity>Hearing</capacity>
					<offset>-1</offset>
				</li>
			</capMods>
		</li>
	</stages>
	<isBad>true</isBad>
</HediffDef>

<!--BREATHING-->

<HediffDef>
    <defName>MLRP_PoisonJokeIncreasedBreathing</defName>
    <label>improved breathing</label>
	<hediffClass>HediffWithComps</hediffClass>
    <description>Increased breathing ability, one of the possible side effects of smoking poison joke.</description>
	<comps>
		<li Class="HediffCompProperties_Disappears">
			<disappearsAfterTicks>30000</disappearsAfterTicks>
			<showRemainingTime>true</showRemainingTime>
		</li>
	</comps>
	<stages>
		<li>
			<capMods>
				<li>
					<capacity>Breathing</capacity>
					<offset>0.5</offset>
				</li>
			</capMods>
		</li>
	</stages>
</HediffDef>

<HediffDef>
    <defName>MLRP_PoisonJokeReducedBreathing</defName>
    <label>struggling for breath</label>
	<hediffClass>HediffWithComps</hediffClass>
    <description>Reduced breathing ability, one of the possible side effects of smoking poison joke.</description>
	<comps>
		<li Class="HediffCompProperties_Disappears">
			<disappearsAfterTicks>30000</disappearsAfterTicks>
			<showRemainingTime>true</showRemainingTime>
		</li>
	</comps>
	<stages>
		<li>
			<capMods>
				<li>
					<capacity>Breathing</capacity>
					<offset>-0.5</offset>
				</li>
			</capMods>
		</li>
	</stages>
	<isBad>true</isBad>
</HediffDef>

</Defs>