<Defs>

<!--GET PSYLINK NEUROFORMER-->

<RecipeDef>
	<defName>MLRP_NMM_PsylinkNeuroformer</defName>
	<label>request psylink neuroformer</label>
	<description>Offer silver in exchange for a psylink neuroformer.</description>
    <jobString>Making an offering to Nightmare Moon</jobString>
    <workSpeedStat>GeneralLaborSpeed</workSpeedStat>
    <workSkill>Crafting</workSkill>
    <effectWorking>Cremate</effectWorking>
    <soundWorking>Recipe_Cremate</soundWorking>
    <allowMixingIngredients>false</allowMixingIngredients>
    <workAmount>300</workAmount>
	<recipeUsers>
		<li>MLRP_NightmareMoon</li>
	</recipeUsers>
    <ingredients>
		<li>
			<filter>
				<thingDefs>
					<li>Silver</li>
				</thingDefs>
			</filter>
			<count>325</count>
		</li>
	</ingredients>
	<products>
		<PsychicAmplifier>1</PsychicAmplifier>
	</products>
	<researchPrerequisite>MLRP_PsychicItemsResearch</researchPrerequisite>
</RecipeDef>

<!--GET NEUROCALCULATOR-->

<RecipeDef>
	<defName>MLRP_NMM_Neurocalculator</defName>
	<label>request neurocalculator</label>
	<description>Offer silver in exchange for a neurocalculator.</description>
    <jobString>Making an offering to Nightmare Moon</jobString>
    <workSpeedStat>GeneralLaborSpeed</workSpeedStat>
    <workSkill>Crafting</workSkill>
    <effectWorking>Cremate</effectWorking>
    <soundWorking>Recipe_Cremate</soundWorking>
    <allowMixingIngredients>false</allowMixingIngredients>
    <workAmount>300</workAmount>
	<recipeUsers>
		<li>MLRP_NightmareMoon</li>
	</recipeUsers>
    <ingredients>
		<li>
			<filter>
				<thingDefs>
					<li>Silver</li>
				</thingDefs>
			</filter>
			<count>130</count>
		</li>
	</ingredients>
	<products>
		<Neurocalculator>1</Neurocalculator>
	</products>
	<researchPrerequisite>NeuralComputation</researchPrerequisite>
</RecipeDef>

<!--GET LEARNING ASSISTANT-->

<RecipeDef>
	<defName>MLRP_NMM_LearningAssistant</defName>
	<label>request learning assistant</label>
	<description>Offer silver in exchange for a learning assistant.</description>
    <jobString>Making an offering to Nightmare Moon</jobString>
    <workSpeedStat>GeneralLaborSpeed</workSpeedStat>
    <workSkill>Crafting</workSkill>
    <effectWorking>Cremate</effectWorking>
    <soundWorking>Recipe_Cremate</soundWorking>
    <allowMixingIngredients>false</allowMixingIngredients>
    <workAmount>300</workAmount>
	<recipeUsers>
		<li>MLRP_NightmareMoon</li>
	</recipeUsers>
    <ingredients>
		<li>
			<filter>
				<thingDefs>
					<li>Silver</li>
				</thingDefs>
			</filter>
			<count>130</count>
		</li>
	</ingredients>
	<products>
		<LearningAssistant>1</LearningAssistant>
	</products>
	<researchPrerequisite>NeuralComputation</researchPrerequisite>
</RecipeDef>

<!--GET IMMUNOENHANCER-->

<RecipeDef>
	<defName>MLRP_NMM_Immunoenhancer</defName>
	<label>request immunoenhancer</label>
	<description>Offer silver in exchange for an immunoenhancer.</description>
    <jobString>Making an offering to Nightmare Moon</jobString>
    <workSpeedStat>GeneralLaborSpeed</workSpeedStat>
    <workSkill>Crafting</workSkill>
    <effectWorking>Cremate</effectWorking>
    <soundWorking>Recipe_Cremate</soundWorking>
    <allowMixingIngredients>false</allowMixingIngredients>
    <workAmount>300</workAmount>
	<recipeUsers>
		<li>MLRP_NightmareMoon</li>
	</recipeUsers>
    <ingredients>
		<li>
			<filter>
				<thingDefs>
					<li>Silver</li>
				</thingDefs>
			</filter>
			<count>130</count>
		</li>
	</ingredients>
	<products>
		<Immunoenhancer>1</Immunoenhancer>
	</products>
	<researchPrerequisite>MolecularAnalysis</researchPrerequisite>
</RecipeDef>

<!--GET COAGULATOR-->

<RecipeDef>
	<defName>MLRP_NMM_Coagulator</defName>
	<label>request coagulator</label>
	<description>Offer silver in exchange for a coagulator.</description>
    <jobString>Making an offering to Nightmare Moon</jobString>
    <workSpeedStat>GeneralLaborSpeed</workSpeedStat>
    <workSkill>Crafting</workSkill>
    <effectWorking>Cremate</effectWorking>
    <soundWorking>Recipe_Cremate</soundWorking>
    <allowMixingIngredients>false</allowMixingIngredients>
    <workAmount>300</workAmount>
	<recipeUsers>
		<li>MLRP_NightmareMoon</li>
	</recipeUsers>
    <ingredients>
		<li>
			<filter>
				<thingDefs>
					<li>Silver</li>
				</thingDefs>
			</filter>
			<count>130</count>
		</li>
	</ingredients>
	<products>
		<Coagulator>1</Coagulator>
	</products>
	<researchPrerequisite>HealingFactors</researchPrerequisite>
</RecipeDef>

<!--GET HEALING ENHANCER-->

<RecipeDef>
	<defName>MLRP_NMM_HealingEnhancer</defName>
	<label>request healing enhancer</label>
	<description>Offer silver in exchange for a healing enhancer.</description>
    <jobString>Making an offering to Nightmare Moon</jobString>
    <workSpeedStat>GeneralLaborSpeed</workSpeedStat>
    <workSkill>Crafting</workSkill>
    <effectWorking>Cremate</effectWorking>
    <soundWorking>Recipe_Cremate</soundWorking>
    <allowMixingIngredients>false</allowMixingIngredients>
    <workAmount>300</workAmount>
	<recipeUsers>
		<li>MLRP_NightmareMoon</li>
	</recipeUsers>
    <ingredients>
		<li>
			<filter>
				<thingDefs>
					<li>Silver</li>
				</thingDefs>
			</filter>
			<count>130</count>
		</li>
	</ingredients>
	<products>
		<HealingEnhancer>1</HealingEnhancer>
	</products>
	<researchPrerequisite>HealingFactors</researchPrerequisite>
</RecipeDef>

<!--GET TOUGHSKIN GLAND-->

<RecipeDef>
	<defName>MLRP_NMM_ToughskinGland</defName>
	<label>request toughskin gland</label>
	<description>Offer silver in exchange for a toughskin gland.</description>
    <jobString>Making an offering to Nightmare Moon</jobString>
    <workSpeedStat>GeneralLaborSpeed</workSpeedStat>
    <workSkill>Crafting</workSkill>
    <effectWorking>Cremate</effectWorking>
    <soundWorking>Recipe_Cremate</soundWorking>
    <allowMixingIngredients>false</allowMixingIngredients>
    <workAmount>300</workAmount>
	<recipeUsers>
		<li>MLRP_NightmareMoon</li>
	</recipeUsers>
    <ingredients>
		<li>
			<filter>
				<thingDefs>
					<li>Silver</li>
				</thingDefs>
			</filter>
			<count>130</count>
		</li>
	</ingredients>
	<products>
		<ToughskinGland>1</ToughskinGland>
	</products>
	<researchPrerequisite>SkinHardening</researchPrerequisite>
</RecipeDef>

<!--GET ARMORSKIN GLAND-->

<RecipeDef>
	<defName>MLRP_NMM_ArmorskinGland</defName>
	<label>request armorskin gland</label>
	<description>Offer silver in exchange for an armorskin gland.</description>
    <jobString>Making an offering to Nightmare Moon</jobString>
    <workSpeedStat>GeneralLaborSpeed</workSpeedStat>
    <workSkill>Crafting</workSkill>
    <effectWorking>Cremate</effectWorking>
    <soundWorking>Recipe_Cremate</soundWorking>
    <allowMixingIngredients>false</allowMixingIngredients>
    <workAmount>300</workAmount>
	<recipeUsers>
		<li>MLRP_NightmareMoon</li>
	</recipeUsers>
    <ingredients>
		<li>
			<filter>
				<thingDefs>
					<li>Silver</li>
				</thingDefs>
			</filter>
			<count>185</count>
		</li>
	</ingredients>
	<products>
		<ArmorskinGland>1</ArmorskinGland>
	</products>
	<researchPrerequisite>SkinHardening</researchPrerequisite>
</RecipeDef>

<!--GET STONESKIN GLAND-->

<RecipeDef>
	<defName>MLRP_NMM_StoneskinGland</defName>
	<label>request stoneskin gland</label>
	<description>Offer silver in exchange for a stoneskin gland.</description>
    <jobString>Making an offering to Nightmare Moon</jobString>
    <workSpeedStat>GeneralLaborSpeed</workSpeedStat>
    <workSkill>Crafting</workSkill>
    <effectWorking>Cremate</effectWorking>
    <soundWorking>Recipe_Cremate</soundWorking>
    <allowMixingIngredients>false</allowMixingIngredients>
    <workAmount>300</workAmount>
	<recipeUsers>
		<li>MLRP_NightmareMoon</li>
	</recipeUsers>
    <ingredients>
		<li>
			<filter>
				<thingDefs>
					<li>Silver</li>
				</thingDefs>
			</filter>
			<count>240</count>
		</li>
	</ingredients>
	<products>
		<StoneskinGland>1</StoneskinGland>
	</products>
	<researchPrerequisite>SkinHardening</researchPrerequisite>
</RecipeDef>

<!--GET AESTHETIC SHAPER-->

<RecipeDef>
	<defName>MLRP_NMM_AestheticShaper</defName>
	<label>request aesthetic shaper</label>
	<description>Offer silver in exchange for an aesthetic shaper.</description>
    <jobString>Making an offering to Nightmare Moon</jobString>
    <workSpeedStat>GeneralLaborSpeed</workSpeedStat>
    <workSkill>Crafting</workSkill>
    <effectWorking>Cremate</effectWorking>
    <soundWorking>Recipe_Cremate</soundWorking>
    <allowMixingIngredients>false</allowMixingIngredients>
    <workAmount>300</workAmount>
	<recipeUsers>
		<li>MLRP_NightmareMoon</li>
	</recipeUsers>
    <ingredients>
		<li>
			<filter>
				<thingDefs>
					<li>Silver</li>
				</thingDefs>
			</filter>
			<count>104</count>
		</li>
	</ingredients>
	<products>
		<AestheticShaper>1</AestheticShaper>
	</products>
	<researchPrerequisite>FleshShaping</researchPrerequisite>
</RecipeDef>

<!--GET AESTHETIC NOSE-->

<RecipeDef>
	<defName>MLRP_NMM_AestheticNose</defName>
	<label>request aesthetic nose</label>
	<description>Offer silver in exchange for an aesthetic nose.</description>
    <jobString>Making an offering to Nightmare Moon</jobString>
    <workSpeedStat>GeneralLaborSpeed</workSpeedStat>
    <workSkill>Crafting</workSkill>
    <effectWorking>Cremate</effectWorking>
    <soundWorking>Recipe_Cremate</soundWorking>
    <allowMixingIngredients>false</allowMixingIngredients>
    <workAmount>300</workAmount>
	<recipeUsers>
		<li>MLRP_NightmareMoon</li>
	</recipeUsers>
    <ingredients>
		<li>
			<filter>
				<thingDefs>
					<li>Silver</li>
				</thingDefs>
			</filter>
			<count>75</count>
		</li>
	</ingredients>
	<products>
		<AestheticNose>1</AestheticNose>
	</products>
	<researchPrerequisite>FleshShaping</researchPrerequisite>
</RecipeDef>

<!--GET LOVE ENHANCER-->

<RecipeDef>
	<defName>MLRP_NMM_LoveEnhancer</defName>
	<label>request love enhancer</label>
	<description>Offer silver in exchange for a love enhancer.</description>
    <jobString>Making an offering to Nightmare Moon</jobString>
    <workSpeedStat>GeneralLaborSpeed</workSpeedStat>
    <workSkill>Crafting</workSkill>
    <effectWorking>Cremate</effectWorking>
    <soundWorking>Recipe_Cremate</soundWorking>
    <allowMixingIngredients>false</allowMixingIngredients>
    <workAmount>300</workAmount>
	<recipeUsers>
		<li>MLRP_NightmareMoon</li>
	</recipeUsers>
    <ingredients>
		<li>
			<filter>
				<thingDefs>
					<li>Silver</li>
				</thingDefs>
			</filter>
			<count>130</count>
		</li>
	</ingredients>
	<products>
		<LoveEnhancer>1</LoveEnhancer>
	</products>
	<researchPrerequisite>FleshShaping</researchPrerequisite>
</RecipeDef>

<!--GET DETOXIFIER STOMACH-->

<RecipeDef>
	<defName>MLRP_NMM_DetoxifierStomach</defName>
	<label>request sterilising stomach</label>
	<description>Offer silver in exchange for a sterlising stomach.</description>
    <jobString>Making an offering to Nightmare Moon</jobString>
    <workSpeedStat>GeneralLaborSpeed</workSpeedStat>
    <workSkill>Crafting</workSkill>
    <effectWorking>Cremate</effectWorking>
    <soundWorking>Recipe_Cremate</soundWorking>
    <allowMixingIngredients>false</allowMixingIngredients>
    <workAmount>300</workAmount>
	<recipeUsers>
		<li>MLRP_NightmareMoon</li>
	</recipeUsers>
    <ingredients>
		<li>
			<filter>
				<thingDefs>
					<li>Silver</li>
				</thingDefs>
			</filter>
			<count>130</count>
		</li>
	</ingredients>
	<products>
		<DetoxifierStomach>1</DetoxifierStomach>
	</products>
	<researchPrerequisite>ArtificialMetabolism</researchPrerequisite>
</RecipeDef>

<!--GET REPROCESSOR STOMACH-->

<RecipeDef>
	<defName>MLRP_NMM_ReprocessorStomach</defName>
	<label>request reprocessor stomach</label>
	<description>Offer silver in exchange for a reprocessor stomach.</description>
    <jobString>Making an offering to Nightmare Moon</jobString>
    <workSpeedStat>GeneralLaborSpeed</workSpeedStat>
    <workSkill>Crafting</workSkill>
    <effectWorking>Cremate</effectWorking>
    <soundWorking>Recipe_Cremate</soundWorking>
    <allowMixingIngredients>false</allowMixingIngredients>
    <workAmount>300</workAmount>
	<recipeUsers>
		<li>MLRP_NightmareMoon</li>
	</recipeUsers>
    <ingredients>
		<li>
			<filter>
				<thingDefs>
					<li>Silver</li>
				</thingDefs>
			</filter>
			<count>130</count>
		</li>
	</ingredients>
	<products>
		<ReprocessorStomach>1</ReprocessorStomach>
	</products>
	<researchPrerequisite>ArtificialMetabolism</researchPrerequisite>
</RecipeDef>

<!--GET NUCLEAR STOMACH-->

<RecipeDef>
	<defName>MLRP_NMM_NuclearStomach</defName>
	<label>request nuclear stomach</label>
	<description>Offer silver in exchange for a nuclear stomach.</description>
    <jobString>Making an offering to Nightmare Moon</jobString>
    <workSpeedStat>GeneralLaborSpeed</workSpeedStat>
    <workSkill>Crafting</workSkill>
    <effectWorking>Cremate</effectWorking>
    <soundWorking>Recipe_Cremate</soundWorking>
    <allowMixingIngredients>false</allowMixingIngredients>
    <workAmount>300</workAmount>
	<recipeUsers>
		<li>MLRP_NightmareMoon</li>
	</recipeUsers>
    <ingredients>
		<li>
			<filter>
				<thingDefs>
					<li>Silver</li>
				</thingDefs>
			</filter>
			<count>130</count>
		</li>
	</ingredients>
	<products>
		<NuclearStomach>1</NuclearStomach>
	</products>
	<researchPrerequisite>ArtificialMetabolism</researchPrerequisite>
</RecipeDef>

<!--GET CIRCADIAN ASSISTANT-->

<RecipeDef>
	<defName>MLRP_NMM_CircadianAssistant</defName>
	<label>request circadian assistant</label>
	<description>Offer silver in exchange for a circadian assistant.</description>
    <jobString>Making an offering to Nightmare Moon</jobString>
    <workSpeedStat>GeneralLaborSpeed</workSpeedStat>
    <workSkill>Crafting</workSkill>
    <effectWorking>Cremate</effectWorking>
    <soundWorking>Recipe_Cremate</soundWorking>
    <allowMixingIngredients>false</allowMixingIngredients>
    <workAmount>300</workAmount>
	<recipeUsers>
		<li>MLRP_NightmareMoon</li>
	</recipeUsers>
    <ingredients>
		<li>
			<filter>
				<thingDefs>
					<li>Silver</li>
				</thingDefs>
			</filter>
			<count>130</count>
		</li>
	</ingredients>
	<products>
		<CircadianAssistant>1</CircadianAssistant>
	</products>
	<researchPrerequisite>CircadianInfluence</researchPrerequisite>
</RecipeDef>

<!--GET CIRCADIAN HALF-CYCLER-->

<RecipeDef>
	<defName>MLRP_NMM_CircadianHalfCycler</defName>
	<label>request circadian half-cycler</label>
	<description>Offer silver in exchange for a circadian half-cycler.</description>
    <jobString>Making an offering to Nightmare Moon</jobString>
    <workSpeedStat>GeneralLaborSpeed</workSpeedStat>
    <workSkill>Crafting</workSkill>
    <effectWorking>Cremate</effectWorking>
    <soundWorking>Recipe_Cremate</soundWorking>
    <allowMixingIngredients>false</allowMixingIngredients>
    <workAmount>300</workAmount>
	<recipeUsers>
		<li>MLRP_NightmareMoon</li>
	</recipeUsers>
    <ingredients>
		<li>
			<filter>
				<thingDefs>
					<li>Silver</li>
				</thingDefs>
			</filter>
			<count>130</count>
		</li>
	</ingredients>
	<products>
		<CircadianHalfCycler>1</CircadianHalfCycler>
	</products>
	<researchPrerequisite>CircadianInfluence</researchPrerequisite>
</RecipeDef>

<!--GET PSYCHIC SENSITIZER-->

<RecipeDef>
	<defName>MLRP_NMM_PsychicSensitizer</defName>
	<label>request psychic sensitizer</label>
	<description>Offer silver in exchange for a psychic sensitizer.</description>
    <jobString>Making an offering to Nightmare Moon</jobString>
    <workSpeedStat>GeneralLaborSpeed</workSpeedStat>
    <workSkill>Crafting</workSkill>
    <effectWorking>Cremate</effectWorking>
    <soundWorking>Recipe_Cremate</soundWorking>
    <allowMixingIngredients>false</allowMixingIngredients>
    <workAmount>300</workAmount>
	<recipeUsers>
		<li>MLRP_NightmareMoon</li>
	</recipeUsers>
    <ingredients>
		<li>
			<filter>
				<thingDefs>
					<li>Silver</li>
				</thingDefs>
			</filter>
			<count>150</count>
		</li>
	</ingredients>
	<products>
		<PsychicSensitizer>1</PsychicSensitizer>
	</products>
	<researchPrerequisite>MLRP_PsychicItemsResearch</researchPrerequisite>
</RecipeDef>

<!--GET PSYCHIC HARMONIZER-->

<RecipeDef>
	<defName>MLRP_NMM_PsychicHarmonizer</defName>
	<label>request psychic harmonizer</label>
	<description>Offer silver in exchange for a psychic harmonizer.</description>
    <jobString>Making an offering to Nightmare Moon</jobString>
    <workSpeedStat>GeneralLaborSpeed</workSpeedStat>
    <workSkill>Crafting</workSkill>
    <effectWorking>Cremate</effectWorking>
    <soundWorking>Recipe_Cremate</soundWorking>
    <allowMixingIngredients>false</allowMixingIngredients>
    <workAmount>300</workAmount>
	<recipeUsers>
		<li>MLRP_NightmareMoon</li>
	</recipeUsers>
    <ingredients>
		<li>
			<filter>
				<thingDefs>
					<li>Silver</li>
				</thingDefs>
			</filter>
			<count>155</count>
		</li>
	</ingredients>
	<products>
		<PsychicHarmonizer>1</PsychicHarmonizer>
	</products>
	<researchPrerequisite>MLRP_PsychicItemsResearch</researchPrerequisite>
</RecipeDef>

<!--GET PSYCHIC READER-->

<RecipeDef>
	<defName>MLRP_NMM_PsychicReader</defName>
	<label>request psychic reader</label>
	<description>Offer silver in exchange for a psychic reader.</description>
    <jobString>Making an offering to Nightmare Moon</jobString>
    <workSpeedStat>GeneralLaborSpeed</workSpeedStat>
    <workSkill>Crafting</workSkill>
    <effectWorking>Cremate</effectWorking>
    <soundWorking>Recipe_Cremate</soundWorking>
    <allowMixingIngredients>false</allowMixingIngredients>
    <workAmount>300</workAmount>
	<recipeUsers>
		<li>MLRP_NightmareMoon</li>
	</recipeUsers>
    <ingredients>
		<li>
			<filter>
				<thingDefs>
					<li>Silver</li>
				</thingDefs>
			</filter>
			<count>150</count>
		</li>
	</ingredients>
	<products>
		<PsychicReader>1</PsychicReader>
	</products>
	<researchPrerequisite>MLRP_PsychicItemsResearch</researchPrerequisite>
</RecipeDef>

</Defs>