<Defs>

	<WorldObjectDef ParentName="OutpostBase">
	<defName>MLRP_Plushie_Outpost</defName>
	<label>plushie factory</label>
	<description>Places a temporary, autonomously-led camp that specializes in mass producing plushies in exchange for silver. Once an ample amount is collected, a delivery will be made at the outskirts of a faction's primary colony.</description>
	<expandingIconTexture>Things/PonyPlush/NurseHaywick</expandingIconTexture>
	<modExtensions>
		<li Class="Outposts.OutpostExtension">
			<RequiredSkills>
				<Crafting>5</Crafting>
			</RequiredSkills>
			<TicksPerProduction>420000</TicksPerProduction>
			<TicksToSetUp>60000</TicksToSetUp>
			<ProvidedFood>MealFine</ProvidedFood>
			<ResultOptions>
				<li>
					<Thing>Silver</Thing>
					<AmountsPerSkills>
						<Crafting>150</Crafting>
					</AmountsPerSkills>
					<AmountPerPawn>50</AmountPerPawn>
				</li>
			</ResultOptions>
		</li>
		<!--<li Class="KCSG.CustomGenOption">
			<preventBridgeable>true</preventBridgeable>
			<chooseFromlayouts>
				<li>Outpost_Struct_Production</li>
			</chooseFromlayouts>
			<fullClear>true</fullClear>
		</li>-->
	</modExtensions>
	</WorldObjectDef>
				
</Defs>