<?xml version="1.0" encoding="utf-8" ?>
<Defs>
	<ThingCategoryDef>
		<defName>Pony_Plushies</defName>
		<label>plushies</label>
		<parent>Apparel</parent>
		<resourceReadoutRoot>false</resourceReadoutRoot>
		<iconPath>Things/EquestrianFlag</iconPath>
	</ThingCategoryDef>
	
	<ThingCategoryDef>
		<defName>Pony_Plushie_Ruined</defName>
		<label>ruined plushies</label>
		<parent>Pony_Plushies</parent>
		<resourceReadoutRoot>false</resourceReadoutRoot>
		<iconPath>Things/EquestrianFlag</iconPath>
	</ThingCategoryDef>
</Defs>
