<Defs>
	<ThingDef ParentName="PonyPlush_Special">
		<defName>MLRP_ElementsOfHarmony</defName>
		<label>Elements of Harmony</label>
		<description>It is a well-known fact that the Elements of Harmony are exceptionally powerful; this version, however, is the one that WON'T let you shoot rainbow lasers at your enemies.\n\nCarrying it makes you feel as though the strengths of each of the Bearers are flowing within you.</description>
		<descriptionHyperlinks>
			<ThingDef>MLRP_ElementsOfHarmonyWeaponised</ThingDef>
		</descriptionHyperlinks>
		<graphicData>
			<texPath>Things/ElementsOfHarmony</texPath>
		</graphicData>
		<statBases>
			<WorkToMake>9000</WorkToMake>
		</statBases>
		<equippedStatOffsets>
			<PlantWorkSpeed>0.25</PlantWorkSpeed>
			<PlantHarvestYield>0.25</PlantHarvestYield>
			<TameAnimalChance>0.25</TameAnimalChance>
			<TrainAnimalChance>0.25</TrainAnimalChance>
			<AnimalGatherSpeed>0.25</AnimalGatherSpeed>
			<AnimalGatherYield>0.25</AnimalGatherYield>
			<SocialImpact>0.25</SocialImpact>
			<MoveSpeed>1</MoveSpeed>
			<MeleeHitChance>5</MeleeHitChance>
			<ShootingAccuracyPawn>5</ShootingAccuracyPawn>
			<TradePriceImprovement>0.25</TradePriceImprovement>
			<ResearchSpeed>0.25</ResearchSpeed>
		</equippedStatOffsets>
		<costStuffCount>1800</costStuffCount>
		<stuffCategories>
			<li>Fabric</li>
			<li>Leathery</li>
		</stuffCategories>
	</ThingDef>
</Defs>