<Defs>
	<ThingDef ParentName="PonyPlush_Combat">
		<defName>PonyPlush_DaringDo</defName>
		<label>Daring Do</label>
		<description>As a brave treasure hunter, Daring Do has had to deal with more than her fair share of traps.\n\nCarrying her makes you feel as though you can dodge danger a bit easier.</description>
		<graphicData>
			<texPath>Things/PonyPlush/DaringDo</texPath>
		</graphicData>
		<equippedStatOffsets>
			<MeleeDodgeChance>10</MeleeDodgeChance>
		</equippedStatOffsets>
	</ThingDef>
</Defs>