<Defs>
	<ThingDef ParentName="PonyPlush_Work">
		<defName>PonyPlush_SweetieBelle</defName>
		<label>Sweetie Belle</label>
		<description>Sweetie Belle is, as her name implies, very sweet; unfortunately, the same cannot be said for her cooking.\n\nCarrying her reminds you of her culinary disasters, but at least the memories make you more confident in your own cooking ability.</description>
		<graphicData>
			<texPath>Things/PonyPlush/SweetieBelle</texPath>
		</graphicData>
		<equippedStatOffsets>
			<CookSpeed>20</CookSpeed>
			<FoodPoisonChance>-0.25</FoodPoisonChance>
		</equippedStatOffsets>
	</ThingDef>
</Defs>