<Defs>
	<ThingDef ParentName="PonyPlush_Work">
		<defName>PonyPlush_Applejack</defName>
		<label>Applejack</label>
		<description>Strong and dependable, Applejack will always be there for her friends, though she's more reluctant to ask for help herself.\n\nCarrying her makes you feel at one with the earth, and more in tune with nature.</description>
		<graphicData>
			<texPath>Things/PonyPlush/Applejack</texPath>
		</graphicData>
		<equippedStatOffsets>
			<PlantWorkSpeed>0.25</PlantWorkSpeed>
			<PlantHarvestYield>0.25</PlantHarvestYield>
		</equippedStatOffsets>
	</ThingDef>
</Defs>