<Defs>
	<ThingDef ParentName="PonyPlush_Utility">
		<defName>PonyPlush_Rarity</defName>
		<label>Rarity</label>
		<description>As well as her generosity and beauty, Rarity is also known for running a very successful business.\n\nCarrying her makes you feel as though you can get a better deal.</description>
		<graphicData>
			<texPath>Things/PonyPlush/Rarity</texPath>
		</graphicData>
		<equippedStatOffsets>
			<TradePriceImprovement>0.25</TradePriceImprovement>
		</equippedStatOffsets>
	</ThingDef>
</Defs>