<Defs>
	<ThingDef ParentName="PonyPlush_Work">
		<defName>PonyPlush_Cheerilee</defName>
		<label>Cheerilee</label>
		<description>Cheerilee loves to teach; rumours that she also loves Big Macintosh have neither been confirmed nor denied.\n\nCarrying her makes you feel as though you can learn faster.</description>
		<graphicData>
			<texPath>Things/PonyPlush/Cheerilee</texPath>
		</graphicData>
		<equippedStatOffsets>
			<GlobalLearningFactor>0.5</GlobalLearningFactor>
		</equippedStatOffsets>
	</ThingDef>
</Defs>