<Defs>
	<ThingDef ParentName="PonyPlush_Special">
		<defName>PonyPlush_CutieMarkCrusaders</defName>
		<label>Cutie Mark Crusaders</label>
		<description>Otherwise known as 'The Three Filly Wrecking Crew Of Ponyville.'\n\nCarrying them makes you feel as though they are supporting and guiding you, even though you can't get a cutie mark of your own.</description>
		<graphicData>
			<texPath>Things/PonyPlush/CutieMarkCrusaders</texPath>
		</graphicData>
		<equippedStatOffsets>
			<ImmunityGainSpeedFactor>0.5</ImmunityGainSpeedFactor>
			<InjuryHealingFactor>0.5</InjuryHealingFactor>
			<CookSpeed>20</CookSpeed>
			<FoodPoisonChance>-0.25</FoodPoisonChance>
		</equippedStatOffsets>
		<costStuffCount>900</costStuffCount>
		<stuffCategories>
			<li>Fabric</li>
			<li>Leathery</li>
		</stuffCategories>
		<statBases>
			<WorkToMake>6000</WorkToMake>
		</statBases>
	</ThingDef>
</Defs>