<Defs>
	<ThingDef ParentName="PonyPlush_Work">
		<defName>PonyPlush_MaudPie</defName>
		<label>Maud Pie</label>
		<description>Maud isn't as talkative as her sister Pinkie, but she knows her stuff when it comes to rocks.\n\nCarrying her makes you feel as though you can exploit mineral deposits much easier.</description>
		<graphicData>
			<texPath>Things/PonyPlush/MaudPie</texPath>
		</graphicData>
		<equippedStatOffsets>
			<MiningSpeed>0.25</MiningSpeed>
			<MiningYield>0.25</MiningYield>
			<DeepDrillingSpeed>0.25</DeepDrillingSpeed>
		</equippedStatOffsets>
	</ThingDef>
</Defs>