<Defs>
	<ThingDef ParentName="PonyPlush_Combat">
		<defName>PonyPlush_PrincessCadence</defName>
		<label>Princess Cadence</label>
		<description>Princess Cadence believes that love is the greatest weapon one can wield.\n\nCarrying her makes you feel as though your heart cannot be broken.</description>
		<graphicData>
			<texPath>Things/PonyPlush/PrincessCadence</texPath>
		</graphicData>
		<equippedStatOffsets>
			<PainShockThreshold>0.5</PainShockThreshold>
		</equippedStatOffsets>
	</ThingDef>
</Defs>