<Defs>
	<ThingDef ParentName="PonyPlush_Health">
		<defName>PonyPlush_Haywick</defName>
		<label>Nurse Haywick</label>
		<description>Did you really think that the guy who made this mod wouldn't find a way to include his OC in it somehow?\n\nCarrying her makes you feel like a better medic.</description>
		<graphicData>
			<texPath>Things/PonyPlush/NurseHaywick</texPath>
		</graphicData>
		<equippedStatOffsets>
			<MedicalTendSpeed>0.25</MedicalTendSpeed>
			<MedicalTendQualityOffset>0.25</MedicalTendQualityOffset>
			<SurgerySuccessChanceFactor>0.25</SurgerySuccessChanceFactor>
		</equippedStatOffsets>
	</ThingDef>
</Defs>