<Defs>
	<ThingDef ParentName="PonyPlush_Social">
		<defName>PonyPlush_IzzyMoonbow</defName>
		<label>Izzy Moonbow</label>
		<description>Izzy Moonbow is a lively unicorn who is very keen to make new friends in new places.\n\nCarrying her makes you feel a bit happier, as well as more welcoming towards others.\n\n(When equipped, she will apply a hediff to the pawn that will improve their mood by 5, and boost their opinion of other pawns by 50%.)</description>
		<graphicData>
			<texPath>Things/PonyPlush/IzzyMoonbow</texPath>
		</graphicData>
		<comps>
			<li Class="CompProperties_CauseHediff_Apparel">
				<hediff>MLRP_IzzyPlush</hediff>
				<part>Head</part>
			</li>
		</comps>
	</ThingDef>
  
	<HediffDef>
		<defName>MLRP_IzzyPlush</defName>
		<label>Izzy Moonbow plush</label>
		<description>You feel a lot happier.</description>
		<hediffClass>HediffWithComps</hediffClass>
		<isBad>false</isBad>
		<stages>
			<li>
				<opinionOfOthersFactor>1.5</opinionOfOthersFactor>
			</li>
		</stages>
		<comps>
			<li Class="HediffCompProperties_RemoveIfApparelDropped" />
		</comps>
	</HediffDef>
  
	<ThoughtDef>
		<defName>MLRP_IzzyThought</defName>
		<workerClass>ThoughtWorker_Hediff</workerClass>
		<hediff>MLRP_IzzyPlush</hediff>
		<validWhileDespawned>true</validWhileDespawned>
		<stages>
			<li>
				<label>Izzy Moonbow plush</label>
				<description>Izzy's smile is infectious.</description>
				<baseMoodEffect>5</baseMoodEffect>
			</li>
		</stages>
		<nullifyingTraits>
			<li>MLRP_AntiBronyTrait</li>
		</nullifyingTraits>
	</ThoughtDef>
</Defs>