<Defs>
	<ThingDef Name="PonyPlushBase" Abstract="True">
		<thingClass>Apparel</thingClass>
		<graphicData>
			<shaderType>CutoutComplex</shaderType>
			<color>(255,255,255,255)</color>
			<graphicClass>Graphic_Single</graphicClass>
			<drawSize>1</drawSize>
		</graphicData>
		<recipeMaker>
			<unfinishedThingDef>UnfinishedApparel</unfinishedThingDef>
			<skillRequirements>
				<Crafting>5</Crafting>
			</skillRequirements>
			<recipeUsers>
				<li>PlushieBench</li>
			</recipeUsers>
			<soundWorking>Recipe_Tailor</soundWorking>
			<workSkill>Crafting</workSkill>
		</recipeMaker>
		<category>Item</category>
		<selectable>True</selectable>
		<pathCost>10</pathCost>
		<useHitPoints>True</useHitPoints>
		<techLevel>Industrial</techLevel>
		<drawGUIOverlay>true</drawGUIOverlay>
		<statBases>
			<WorkToMake>3000</WorkToMake>
			<MaxHitPoints>100</MaxHitPoints>
			<Mass>1.0</Mass>
			<Flammability>1</Flammability>
			<EquipDelay>0.1</EquipDelay>
			<Beauty>1</Beauty>
			<StuffEffectMultiplierInsulation_Cold>0.05</StuffEffectMultiplierInsulation_Cold> <!--Plushies are warm and cuddly!-->
			<DeteriorationRate>2</DeteriorationRate>
		</statBases>
		<altitudeLayer>Item</altitudeLayer>
		<alwaysHaulable>True</alwaysHaulable>
		<thingCategories>
			<li>Pony_Plushies</li>
		</thingCategories>
		<costStuffCount>300</costStuffCount>
		<stuffCategories>
			<li>Fabric</li>
			<li>Leathery</li>
		</stuffCategories>
		<tradeTags>
			<li>MLRP_Plushie</li>
		</tradeTags>
		<thingSetMakerTags>
			<li>Pony_Plushie</li>
		</thingSetMakerTags>
		<comps>
			<li Class="CompProperties_Forbiddable" />
			<li Class="CompProperties_CauseHediff_Apparel">
				<hediff>MLRP_PonyPlushEquipped</hediff>
				<part>Waist</part>
			</li>
		</comps>
		<apparel>
			<careIfWornByCorpse>true</careIfWornByCorpse>
			<countsAsClothingForNudity>false</countsAsClothingForNudity>
			<canBeDesiredForIdeo>false</canBeDesiredForIdeo>
			<wornGraphicPath>Things/PonyPlush/PlushEquipped</wornGraphicPath>
			<developmentalStageFilter>Adult</developmentalStageFilter>
			<layers>
				<li>MLRP_PlushieSlot</li>
			</layers>
			<bodyPartGroups>
				<li>Waist</li>
			</bodyPartGroups>
			<useWornGraphicMask>true</useWornGraphicMask>
			<tags>
				<li>PonyPlushie</li>
			</tags>
		</apparel>
	</ThingDef>
  
  <!--Additional apparel tags for anyone making custom PawnKinds equipped with plushies-->
	
	<ThingDef Name="PonyPlush_Combat" ParentName="PonyPlushBase" Abstract="True">
		<apparel>
			<tags>
				<li>PonyPlush_Combat</li>
			</tags>
		</apparel>
	</ThingDef>
	
	<ThingDef Name="PonyPlush_Health" ParentName="PonyPlushBase" Abstract="True">
		<apparel>
			<tags>
				<li>PonyPlush_Health</li>
			</tags>
		</apparel>
	</ThingDef>
	
	<ThingDef Name="PonyPlush_Ideology" ParentName="PonyPlushBase" Abstract="True">
		<apparel>
			<tags>
				<li>PonyPlush_Ideology</li>
			</tags>
		</apparel>
	</ThingDef>
	
	<ThingDef Name="PonyPlush_Misc" ParentName="PonyPlushBase" Abstract="True">
		<apparel>
			<tags>
				<li>PonyPlush_Misc</li>
			</tags>
		</apparel>
	</ThingDef>
	
	<ThingDef Name="PonyPlush_Social" ParentName="PonyPlushBase" Abstract="True">
		<apparel>
			<tags>
				<li>PonyPlush_Social</li>
			</tags>
		</apparel>
	</ThingDef>
	
	<ThingDef Name="PonyPlush_Special" ParentName="PonyPlushBase" Abstract="True">
		<apparel>
			<tags>
				<li>PonyPlush_Special</li>
			</tags>
		</apparel>
	</ThingDef>
	
	<ThingDef Name="PonyPlush_Utility" ParentName="PonyPlushBase" Abstract="True">
		<apparel>
			<tags>
				<li>PonyPlush_Utility</li>
			</tags>
		</apparel>
	</ThingDef>
	
	<ThingDef Name="PonyPlush_Work" ParentName="PonyPlushBase" Abstract="True">
		<apparel>
			<tags>
				<li>PonyPlush_Work</li>
			</tags>
		</apparel>
	</ThingDef>
	
	<ThingDef Name="PonyPlush_Starlight" ParentName="PonyPlushBase" Abstract="True">
		<apparel>
			<tags>
				<li>PonyPlush_Starlight</li>
			</tags>
		</apparel>
	</ThingDef>
</Defs>