<Defs>
	<ThingDef ParentName="PonyPlush_Combat">
		<defName>PonyPlush_ShiningArmour</defName>
		<label>Shining Armour</label>
		<description>As Captain of the Equestrian Royal Guard, Shining Armour knows a thing or two about combat; shields in particular are his speciality.\n\nCarrying him makes you feel better protected.</description>
		<graphicData>
			<texPath>Things/PonyPlush/ShiningArmour</texPath>
		</graphicData>
		<equippedStatOffsets>
			<ArmorRating_Blunt>0.15</ArmorRating_Blunt>
			<ArmorRating_Sharp>0.15</ArmorRating_Sharp>
			<ArmorRating_Heat>0.15</ArmorRating_Heat>
		</equippedStatOffsets>
	</ThingDef>
</Defs>