﻿<Defs>

<!--SCREWBALL-->

	<ResearchProjectDef>
		<defName>MLRP_ScrewballResearch</defName>
		<label>Screwball generator</label>
		<description>Harness the power of a pony supposedly cursed by the Lord of Chaos for your own needs.</description>
		<prerequisites>
			<li>Electricity</li>
		</prerequisites>
		<tab>MLRP_ResearchTab</tab>
		<researchViewX>0</researchViewX>
		<researchViewY>0</researchViewY>
		<baseCost>500</baseCost>
		<techLevel>Industrial</techLevel>
	</ResearchProjectDef>
	
<!--PLUSHIE RECYCLING-->
	
	<ResearchProjectDef>
		<defName>MLRP_PlushieRecycling</defName>
		<label>Plushie recycling</label>
		<description>Unlocks the ability to recycle ruined plushies at the plushie bench.</description>
		<tab>MLRP_ResearchTab</tab>
		<researchViewX>1</researchViewX>
		<researchViewY>0</researchViewY>
		<baseCost>500</baseCost>
		<techLevel>Neolithic</techLevel>
	</ResearchProjectDef>

<!--HERBAL CURE KIT-->
	
	<ResearchProjectDef>
		<defName>MLRP_CurePoisonJokeAddictionResearch</defName>
		<label>Herbal cure kit</label>
		<description>Learn how to make a herbal remedy which will cure a person of a variety of afflictions.</description>
		<tab>MLRP_ResearchTab</tab>
		<researchViewX>2</researchViewX>
		<researchViewY>0</researchViewY>
		<baseCost>1500</baseCost>
		<techLevel>Medieval</techLevel>
	</ResearchProjectDef>
	
<!--RAINBOW LASER-->

	<ResearchProjectDef>
		<defName>MLRP_WeaponisedElementsResearch</defName>
		<label>Rainbow Laser</label>
		<description>Create weapons that smite your enemies with the power of rainbows.</description>
		<prerequisites>
			<li>PrecisionRifling</li>
		</prerequisites>
		<tab>MLRP_ResearchTab</tab>
		<researchViewX>3</researchViewX>
		<researchViewY>0</researchViewY>
		<baseCost>4500</baseCost>
		<techLevel>Industrial</techLevel>
		<requiredResearchBuilding>HiTechResearchBench</requiredResearchBuilding>
		<requiredResearchFacilities>
			<li>MultiAnalyzer</li>
		</requiredResearchFacilities>
	</ResearchProjectDef>
	
<!--TREE HUGGER-->

	<ResearchProjectDef>
		<defName>MLRP_TreeHuggerResearch</defName>
		<label>Tree Hugger</label>
		<description>Unlocks Tree Hugger, who will exchange drugs for silver, and vice versa.</description>
		<tab>MLRP_ResearchTab</tab>
		<prerequisites>
			<li>DrugProduction</li>
		</prerequisites>
		<researchViewX>4</researchViewX>
		<researchViewY>0</researchViewY>
		<baseCost>500</baseCost>
		<techLevel>Medieval</techLevel>
	</ResearchProjectDef>
	
<!--NIGHTMARE MOON AND DAYBREAKER-->

	<ResearchProjectDef>
		<defName>MLRP_NightmareMoonResearch</defName>
		<label>Statues of the Evil Sisters</label>
		<description>Allows you to construct a statue of Nightmare Moon, who will grant you exotic items in exchange for silver, as well as a statue of Daybreaker, who will allow you to convert metals using chemfuel.</description>
		<tab>MLRP_ResearchTab</tab>
		<prerequisites>
			<li>BiofuelRefining</li>
		</prerequisites>
		<researchViewX>5</researchViewX>
		<researchViewY>0</researchViewY>
		<discoveredLetterTitle>About Nightmare Moon and Daybreaker</discoveredLetterTitle>
		<discoveredLetterText>Nightmare Moon allows you to request many exotic items using silver, though it does work out to be more expensive than acquiring them normally, while Daybreaker lets you convert materials using chemfuel.\n\nMany recipes at these buildings are locked behind research; you will receive a letter when new items become available.</discoveredLetterText>
		<baseCost>1500</baseCost>
		<techLevel>Medieval</techLevel>
	</ResearchProjectDef>
	
<!--SKILLTRAINERS-->

	<ResearchProjectDef>
		<defName>MLRP_GetSkilltrainersFromNMM</defName>
		<label>Request skilltrainers</label>
		<description>Nightmare Moon will grant you the ability to request skilltrainers from her.</description>
		<prerequisites>
			<li>MLRP_NightmareMoonResearch</li>
		</prerequisites>
		<tab>MLRP_ResearchTab</tab>
		<researchViewX>6</researchViewX>
		<researchViewY>0</researchViewY>
		<baseCost>4500</baseCost>
		<techLevel>Industrial</techLevel>
		<requiredResearchBuilding>HiTechResearchBench</requiredResearchBuilding>
		<requiredResearchFacilities>
			<li>MultiAnalyzer</li>
		</requiredResearchFacilities>
	</ResearchProjectDef>
	
<!--EQG MIRROR-->

	<ResearchProjectDef>
		<defName>MLRP_MagicMirrorResearch</defName>
		<label>Magic mirror</label>
		<description>Unlock the secrets of the magic mirror which once connected Equestria to a whole other world.</description>
		<tab>MLRP_ResearchTab</tab>
		<researchViewX>7</researchViewX>
		<researchViewY>0</researchViewY>
		<baseCost>30000</baseCost>
		<techLevel>Ultra</techLevel>
		<requiredResearchBuilding>HiTechResearchBench</requiredResearchBuilding>
		<requiredResearchFacilities>
			<li>MultiAnalyzer</li>
		</requiredResearchFacilities>
	</ResearchProjectDef>
	
<!--POWER ADJUSTMENTS-->

	<ResearchProjectDef>
		<defName>MLRP_MagicMirrorExtraPowerResearch</defName>
		<label>Magical power efficiency</label>
		<description>Improves the electricity generated or used by pony-themed buildings.</description>
		<prerequisites>
			<li>MLRP_MagicMirrorResearch</li>
			<li>MLRP_ScrewballResearch</li>
		</prerequisites>
		<tab>MLRP_ResearchTab</tab>
		<researchViewX>8</researchViewX>
		<researchViewY>0</researchViewY>
		<discoveredLetterTitle>Magical power efficiency</discoveredLetterTitle>
		<discoveredLetterText>These buildings now generate more power:\n\n- Screwball: +50%\n- Magic mirror: +25%\n\nThese buildings now use less power:\n\n- Plushie bench: -50%\n- Tree Hugger: -50%\n- Sweetie Bot turret: -25%\n- Nurse Redheart: -25%\n- Super Speedy Cider Squeezy 6000: -25%\n- Thingpone: -25%</discoveredLetterText>
		<baseCost>4500</baseCost>
		<techLevel>Industrial</techLevel>
		<requiredResearchBuilding>HiTechResearchBench</requiredResearchBuilding>
		<requiredResearchFacilities>
			<li>MultiAnalyzer</li>
		</requiredResearchFacilities>
	</ResearchProjectDef>
	
<!--REQUEST ARCHOTECH STUFF-->

	<ResearchProjectDef>
		<defName>MLRP_ArchotechResearch</defName>
		<label>Request archotech items</label>
		<description>Nightmare Moon will allow you to request archotech items from her.</description>
		<prerequisites>
			<li>Bionics</li>
		</prerequisites>
		<tab>MLRP_ResearchTab</tab>
		<researchViewX>9</researchViewX>
		<researchViewY>0</researchViewY>
		<baseCost>50000</baseCost>
		<techLevel>Ultra</techLevel>
		<requiredResearchBuilding>HiTechResearchBench</requiredResearchBuilding>
		<requiredResearchFacilities>
			<li>MultiAnalyzer</li>
		</requiredResearchFacilities>
	</ResearchProjectDef>

</Defs>