<Patch>

  <Operation Class="PatchOperationFindMod">
    <mods>
      <li>[SYR] Trait Value</li> <!-- Checks for this mod, if not active there is no reason to add values -->
    </mods>
    <match Class="PatchOperationSequence">
      <operations>
        <li Class="PatchOperationAddModExtension">
          <xpath>*/TraitDef[defName="MLRP_BronyTrait"]</xpath>
          <value>
            <li Class="SyrTraitValue.TraitValueExtension">
              <traitValues>
                <li>10</li> <!--+10 because of benefit to Social skill-->
              </traitValues>
            </li>
          </value>
        </li>
		
		<li Class="PatchOperationAddModExtension">
          <xpath>*/TraitDef[defName="MLRP_AntiBronyTrait"]</xpath>
          <value>
            <li Class="SyrTraitValue.TraitValueExtension">
              <traitValues>
                <li>0</li> <!--0 because it only affects the pawn's relationship with bronies-->
              </traitValues>
            </li>
          </value>
        </li>
      </operations>
    </match>
  </Operation>

</Patch>