﻿<?xml version="1.0" encoding="utf-8"?>
<Defs>

<!--SETTLEMENTS-->

  <TraderKindDef>
    <defName>MLRP_BronyBaseTrader</defName>
    <stockGenerators>

      <!-- Resources -->
      <li Class="StockGenerator_SingleDef">
        <thingDef>Silver</thingDef>
        <countRange>2500~10000</countRange>
      </li>
      <li Class="StockGenerator_Category">
        <categoryDef>FoodRaw</categoryDef>
        <thingDefCountRange>1~15</thingDefCountRange>
		<countRange>100~500</countRange>
      </li>
      <li Class="StockGenerator_SingleDef">
        <thingDef>ComponentIndustrial</thingDef>
        <countRange>30~90</countRange>
      </li>
      <li Class="StockGenerator_SingleDef">
        <thingDef>ComponentSpacer</thingDef>
        <countRange>6~12</countRange>
      </li>
      <li Class="StockGenerator_SingleDef">
        <thingDef>Steel</thingDef>
        <countRange>500~800</countRange>
      </li>
      <li Class="StockGenerator_SingleDef">
        <thingDef>WoodLog</thingDef>
        <countRange>400~700</countRange>
      </li>
      <li Class="StockGenerator_SingleDef">
        <thingDef>Plasteel</thingDef>
        <countRange>100~250</countRange>
      </li>
      <li Class="StockGenerator_SingleDef">
        <thingDef>Uranium</thingDef>
        <countRange>40~200</countRange>
      </li>
      <li Class="StockGenerator_SingleDef">
        <thingDef>Cloth</thingDef>
        <countRange>1000~2000</countRange>
      </li>
      <li Class="StockGenerator_SingleDef">
        <thingDef>Gold</thingDef>
        <countRange>500~800</countRange>
      </li>
      <li Class="StockGenerator_SingleDef">
        <thingDef>Neutroamine</thingDef>
        <countRange>50~200</countRange>
      </li>
      <li Class="StockGenerator_SingleDef">
        <thingDef>Chemfuel</thingDef>
        <countRange>300~500</countRange>
      </li>
      <li Class="StockGenerator_SingleDef">
        <thingDef>Chocolate</thingDef>
        <countRange>-30~70</countRange>
      </li>
      <li Class="StockGenerator_SingleDef">
        <thingDef>MedicineHerbal</thingDef>
        <countRange>25~75</countRange>
      </li>
      <li Class="StockGenerator_SingleDef">
        <thingDef>MedicineIndustrial</thingDef>
        <countRange>25~75</countRange>
      </li>
      <li Class="StockGenerator_ReinforcedBarrels">
        <countRange>1~4</countRange>
      </li>
      <li Class="StockGenerator_Tag">
        <tradeTag>MortarShell</tradeTag>
        <thingDefCountRange>1~10</thingDefCountRange>
        <countRange>20~40</countRange>
      </li>
      <li Class="StockGenerator_Category">
        <categoryDef>Textiles</categoryDef>
        <thingDefCountRange>1~20</thingDefCountRange>
		<countRange>100~300</countRange>
      </li>
      <li Class="StockGenerator_Category">
        <categoryDef>ResourcesRaw</categoryDef>
        <thingDefCountRange>1~20</thingDefCountRange>
		<countRange>100~300</countRange>
      </li>
      <li Class="StockGenerator_Category">
        <categoryDef>FoodMeals</categoryDef>
        <thingDefCountRange>1~10</thingDefCountRange>
        <countRange>50~100</countRange>
      </li>
      <li Class="StockGenerator_SingleDef">
        <thingDef>Kibble</thingDef>
        <countRange>250~500</countRange>
      </li>
	  
      <!-- Drugs -->
      <li Class="StockGenerator_Category">
        <categoryDef>Drugs</categoryDef>
        <maxTechLevelGenerate>Spacer</maxTechLevelGenerate>
        <thingDefCountRange>1~10</thingDefCountRange>
		<countRange>10~50</countRange>
      </li>

      <!-- Weapons -->
      <li Class="StockGenerator_MarketValue">
		<tradeTag>WeaponRanged</tradeTag>
		<countRange>3~6</countRange>
      </li>
      <li Class="StockGenerator_Category">
        <categoryDef>WeaponsMelee</categoryDef>
        <thingDefCountRange>3~4</thingDefCountRange>
        <countRange>1~2</countRange>
      </li>
      <li Class="StockGenerator_SingleDef">
        <thingDef>MLRP_WifeThrower</thingDef>
        <countRange>1~3</countRange>
      </li>
      <li Class="StockGenerator_SingleDef">
        <thingDef>Izzy_SmokeLauncher</thingDef>
        <countRange>1~3</countRange>
      </li>
      <li Class="StockGenerator_SingleDef">
        <thingDef>MLRP_ElementsOfHarmonyWeaponised</thingDef>
        <countRange>1</countRange>
      </li>
      <li Class="StockGenerator_SingleDef" Name="BronySettlementOFCStock">
        <thingDef>MLRP_OFC_Weapon</thingDef>
        <countRange>-5~1</countRange>
      </li>
      <li Class="StockGenerator_SingleDef">
        <thingDef>MLRP_ScrewballGenerator</thingDef>
        <countRange>1~2</countRange>
      </li>
	  <li Class="StockGenerator_SingleDef">
        <thingDef>MLRP_Fanfiction</thingDef>
        <countRange>1~5</countRange>
      </li>

      <!-- Apparel -->
      <li Class="StockGenerator_MarketValue">
        <tradeTag>Clothing</tradeTag>
        <countRange>5~8</countRange>
      </li>
      <li Class="StockGenerator_MarketValue">
		<tradeTag>Armor</tradeTag>
        <countRange>4~8</countRange>
      </li>

      <!-- Implants -->
      <li Class="StockGenerator_Tag">
        <tradeTag>TechHediff</tradeTag>
        <thingDefCountRange>2~4</thingDefCountRange>
        <countRange>1~1</countRange>
      </li>

      <!-- Buildings -->
      <li Class="StockGenerator_Category">
        <categoryDef>BuildingsFurniture</categoryDef>
        <thingDefCountRange>3~4</thingDefCountRange>
        <countRange>1~2</countRange>
      </li>
      <li Class="StockGenerator_MarketValue">
        <tradeTag>Art</tradeTag>
        <countRange>5~10</countRange>
      </li>
      <li Class="StockGenerator_Tag">
        <tradeTag>Television</tradeTag>
        <thingDefCountRange>1~2</thingDefCountRange>
        <countRange>1~2</countRange>
      </li>
      <li Class="StockGenerator_SingleDef">
        <thingDef>Telescope</thingDef>
        <countRange>0~1</countRange>
      </li>
	  <li Class="StockGenerator_SingleDef">
        <thingDef>MLRP_Turret_SweetieBot</thingDef>
        <countRange>5</countRange>
		<totalPriceRange>2200~2800</totalPriceRange>
      </li>
	  

      <!-- Exotic -->
      <li Class="StockGenerator_Tag">
        <tradeTag>Artifact</tradeTag>
        <thingDefCountRange>1~4</thingDefCountRange>
        <countRange>1~1</countRange>
      </li>
      <li Class="StockGenerator_Tag">
        <tradeTag>ExoticMisc</tradeTag>
        <thingDefCountRange>1~4</thingDefCountRange>
        <countRange>1~2</countRange>
        <excludedThingDefs>
          <li>Luciferium</li> <!-- already handled by drugs -->
          <li>ComponentSpacer</li> <!-- already handled by single def -->
        </excludedThingDefs>
        <customCountRanges>
          <MedicineUltratech>2~15</MedicineUltratech>
          <Hyperweave>50~200</Hyperweave>
        </customCountRanges>
      </li>

      <!-- Animals -->
      <li Class="StockGenerator_Animals">
        <tradeTagsSell>
          <li>AnimalFarm</li>
          <li>AnimalPet</li>
        </tradeTagsSell>
        <tradeTagsBuy>
          <li>AnimalUncommon</li>
          <li>AnimalExotic</li>
        </tradeTagsBuy>
        <kindCountRange>2~4</kindCountRange>
        <countRange>3~8</countRange>
        <createMatingPair>
          <li>AnimalFarm</li>
        </createMatingPair>
      </li>
	  
      <!-- Slaves -->
      <li Class="StockGenerator_Slaves">
        <countRange>2~4</countRange>
      </li>
	  
      <li Class="StockGenerator_SingleDef" Name="BronySettlementHCKStock">
        <thingDef>MLRP_PoisonJokeAddictionCureKit</thingDef>
        <countRange>1~3</countRange>
      </li>

      <!-- Buying -->
      <li Class="StockGenerator_BuyExpensiveSimple" />
      <li Class="StockGenerator_BuyTradeTag"><tag>Art</tag></li>
	  <li Class="StockGenerator_BuyTradeTag"><tag>Drugs</tag></li>
      <li Class="StockGenerator_BuyTradeTag"><tag>MusicalInstrument</tag></li>
	  <li Class="StockGenerator_BuyTradeTag"><tag>MLRP_Plushie</tag></li>
	  <li Class="StockGenerator_BuyTradeTag"><tag>ExoticMisc</tag></li>
    </stockGenerators>
  </TraderKindDef>

<!-- BULK GOODS TRADER -->

<TraderKindDef>
    <defName>MLRP_NPCFaction_BulkGoods</defName>
    <label>bulk goods trader</label>
	<requestable>true</requestable>
    <stockGenerators>

      <!-- Resources -->
      <li Class="StockGenerator_SingleDef">
        <thingDef>Silver</thingDef>
        <countRange>2500</countRange>
      </li>
      <li Class="StockGenerator_SingleDef">
        <thingDef>ComponentIndustrial</thingDef>
        <countRange>40~60</countRange>
      </li>
      <li Class="StockGenerator_SingleDef">
        <thingDef>ComponentSpacer</thingDef>
        <countRange>1~3</countRange>
      </li>
      <li Class="StockGenerator_SingleDef">
        <thingDef>Steel</thingDef>
        <countRange>200~750</countRange>
      </li>
      <li Class="StockGenerator_Category">
        <categoryDef>Textiles</categoryDef>
        <thingDefCountRange>1~15</thingDefCountRange>
		<countRange>100~300</countRange>
      </li>
      <li Class="StockGenerator_SingleDef">
        <thingDef>Chemfuel</thingDef>
        <countRange>150~300</countRange>
      </li>
      <li Class="StockGenerator_SingleDef">
        <thingDef>Neutroamine</thingDef>
        <countRange>10~60</countRange>
      </li>
	  <li Class="StockGenerator_SingleDef">
        <thingDef>Kibble</thingDef>
        <countRange>300~900</countRange>
      </li>
      <li Class="StockGenerator_SingleDef">
        <thingDef>Chocolate</thingDef>
        <countRange>50~250</countRange>
      </li>
      <li Class="StockGenerator_ReinforcedBarrels">
        <countRange>1~4</countRange>
      </li>
      <li Class="StockGenerator_Category">
        <categoryDef>FoodRaw</categoryDef>
        <thingDefCountRange>1~10</thingDefCountRange>
		<countRange>100~300</countRange>
      </li>
      <li Class="StockGenerator_SingleDef">
        <thingDef>MedicineIndustrial</thingDef>
        <countRange>25~75</countRange>
      </li>
	  <li Class="StockGenerator_SingleDef">
        <thingDef>MLRP_Fanfiction</thingDef>
        <countRange>1~5</countRange>
      </li>
           
      <!-- Apparel -->
      <li Class="StockGenerator_MarketValue">
        <tradeTag>BasicClothing</tradeTag>
        <countRange>5~10</countRange>
      </li>
            
      <!-- Buildings -->
      <li Class="StockGenerator_Category">
        <categoryDef>BuildingsFurniture</categoryDef>
        <thingDefCountRange>3~3</thingDefCountRange>
        <countRange>1~1</countRange>
      </li>
      <li Class="StockGenerator_SingleDef">
        <thingDef>MLRP_ScrewballGenerator</thingDef>
        <countRange>1~1</countRange>
      </li>
           
      <!-- Animals -->
      <li Class="StockGenerator_Animals">
        <maxWildness>0.70</maxWildness>
        <tradeTagsSell>
          <li>AnimalFarm</li>
          <li>AnimalPet</li>
        </tradeTagsSell>
        <tradeTagsBuy>
          <li>AnimalExotic</li>
        </tradeTagsBuy>
        <kindCountRange>1</kindCountRange>
        <countRange>3~4</countRange>
        <createMatingPair>
          <li>AnimalFarm</li>
        </createMatingPair>
      </li>
	  
      <!-- Drugs -->
      <li Class="StockGenerator_Category">
        <categoryDef>Drugs</categoryDef>
        <maxTechLevelGenerate>Spacer</maxTechLevelGenerate>
        <thingDefCountRange>1~10</thingDefCountRange>
		<countRange>10~25</countRange>
      </li>
      
      <!-- Buying -->
      <li Class="StockGenerator_BuyExpensiveSimple" />
      <li Class="StockGenerator_BuyTradeTag"><tag>Art</tag></li>
      <li Class="StockGenerator_BuyTradeTag"><tag>MusicalInstrument</tag></li>
      
    </stockGenerators>
  </TraderKindDef>
  
<!-- WEAPON TRADER -->

<TraderKindDef>
    <defName>MLRP_NPCFaction_CombatSupplier</defName>
    <label>weapon trader</label>
	<requestable>true</requestable>
    <stockGenerators>

      <!-- Resources -->
      <li Class="StockGenerator_SingleDef">
        <thingDef>Silver</thingDef>
        <countRange>3000</countRange>
      </li>
      <li Class="StockGenerator_SingleDef">
        <thingDef>MedicineIndustrial</thingDef>
        <countRange>50</countRange>
	  </li>
	  <!--Weapons and Armour-->
      <li Class="StockGenerator_MarketValue">
        <tradeTag>WeaponRanged</tradeTag>
        <countRange>5~5</countRange>
      </li>
      <li Class="StockGenerator_Category">
        <categoryDef>WeaponsMelee</categoryDef>
        <thingDefCountRange>6~6</thingDefCountRange>
        <countRange>1~1</countRange>
      </li>
      <li Class="StockGenerator_Tag">
        <tradeTag>MortarShell</tradeTag>
        <thingDefCountRange>1~2</thingDefCountRange>
        <countRange>3~15</countRange>
      </li>
      <li Class="StockGenerator_MarketValue">
        <tradeTag>Armor</tradeTag>
        <countRange>5~5</countRange>
      </li>
      <li Class="StockGenerator_SingleDef">
        <thingDef>MLRP_WifeThrower</thingDef>
        <countRange>1~2</countRange>
      </li>	
      <li Class="StockGenerator_SingleDef">
        <thingDef>Izzy_SmokeLauncher</thingDef>
        <countRange>1~2</countRange>
      </li>
      <li Class="StockGenerator_SingleDef">
        <thingDef>MLRP_ElementsOfHarmonyWeaponised</thingDef>
        <countRange>2~3</countRange>
      </li>
      <li Class="StockGenerator_SingleDef" Name="NPCCombatSupplierOFCStock">
        <thingDef>MLRP_OFC_Weapon</thingDef>
        <countRange>0~1</countRange>
      </li>
	  
	  <!--Buildings-->
	  
	  <li Class="StockGenerator_SingleDef">
        <thingDef>MLRP_Turret_SweetieBot</thingDef>
        <countRange>5</countRange>
		<!--<totalPriceRange>2200~2800</totalPriceRange>-->
      </li>
	  
	  <li Class="StockGenerator_SingleDef">
        <thingDef>MLRP_Mudbriar</thingDef>
        <countRange>1</countRange>
      </li>
	  
	  <li Class="StockGenerator_SingleDef">
        <thingDef>MLRP_QuibblePants</thingDef>
        <countRange>1</countRange>
      </li>
	  
	  <li Class="StockGenerator_SingleDef">
        <thingDef>MLRP_ZephyrBreeze</thingDef>
        <countRange>1</countRange>
      </li>
	  
	  <!--Drugs-->

      <li Class="StockGenerator_Category">
          <categoryDef>Drugs</categoryDef>
          <thingDefCountRange>1~30</thingDefCountRange>
		  <countRange>10~25</countRange>
      </li>
      
      <!-- Buying -->
	  
      <li Class="StockGenerator_BuyTradeTag"><tag>Drugs</tag></li>
      <li Class="StockGenerator_BuyTradeTag"><tag>HiTechArmor</tag></li>
      
    </stockGenerators>
  </TraderKindDef>

<!--EXOTIC GOODS TRADER-->

<TraderKindDef>
    <defName>MLRP_NPCFaction_ExoticGoodsTrader</defName>
    <label>exotic goods trader</label>
	<requestable>true</requestable>
    <stockGenerators>

      <!-- Resources -->
      <li Class="StockGenerator_SingleDef">
        <thingDef>Silver</thingDef>
        <countRange>3000</countRange>
      </li>
      <li Class="StockGenerator_SingleDef">
        <thingDef>ComponentIndustrial</thingDef>
        <countRange>6~20</countRange>
      </li>
      <li Class="StockGenerator_SingleDef">
        <thingDef>ComponentSpacer</thingDef>
        <countRange>1~4</countRange>
      </li>
      <li Class="StockGenerator_SingleDef">
        <thingDef>Plasteel</thingDef>
        <countRange>50~150</countRange>
      </li>
      <li Class="StockGenerator_SingleDef">
        <thingDef>Gold</thingDef>
        <countRange>40~80</countRange>
      </li>
      <li Class="StockGenerator_SingleDef">
        <thingDef>MedicineUltratech</thingDef>
        <countRange>2~8</countRange>
      </li>
	  
      <!-- Buildings -->
      <li Class="StockGenerator_Tag">
        <tradeTag>Television</tradeTag>
        <thingDefCountRange>1~2</thingDefCountRange>
        <countRange>1~1</countRange>
      </li>
      <li Class="StockGenerator_SingleDef">
        <thingDef>Telescope</thingDef>
        <countRange>0~1</countRange>
      </li>
	  
      <!-- Exotic -->
      <li Class="StockGenerator_Tag">
        <tradeTag>ExoticMisc</tradeTag>
        <thingDefCountRange>3~3</thingDefCountRange>
        <countRange>1~1</countRange>
        <excludedThingDefs>
          <li>MedicineUltratech</li> <!-- already handled by single def -->
          <li>ComponentSpacer</li> <!-- already handled by single def -->
        </excludedThingDefs>
        <customCountRanges>
          <Luciferium>7~25</Luciferium>
          <Hyperweave>40~120</Hyperweave>
        </customCountRanges>
      </li>
	  
      <!-- Animals -->
      <li Class="StockGenerator_Animals">
        <tradeTagsSell>
          <li>AnimalUncommon</li>
          <li>AnimalFighter</li>
          <li>AnimalFarm</li>
          <li>AnimalPet</li>
        </tradeTagsSell>
        <tradeTagsBuy>
          <li>AnimalExotic</li>
        </tradeTagsBuy>
        <kindCountRange>3~3</kindCountRange>
        <countRange>1~3</countRange>
        <createMatingPair>
          <li>AnimalFarm</li>
        </createMatingPair>
      </li>
	  
      <li Class="StockGenerator_Category">
          <categoryDef>Drugs</categoryDef>
          <thingDefCountRange>1~30</thingDefCountRange>
		  <countRange>10~25</countRange>
      </li>
      
      <!-- Buying -->
      <li Class="StockGenerator_BuyTradeTag"><tag>Drugs</tag></li>
      <li Class="StockGenerator_BuyTradeTag"><tag>HiTechArmor</tag></li>
	  
	  <!--MLRP Exotic Buildings-->
      <li Class="StockGenerator_SingleDef">
        <thingDef>MLRP_SSCS6K</thingDef>
        <countRange>-19~1</countRange> <!--5% chance... I think.-->
      </li>

      <li Class="StockGenerator_SingleDef">
        <thingDef>MLRP_NurseRedheart</thingDef>
        <countRange>-19~1</countRange> <!--5% chance... I think.-->
      </li>
      
    </stockGenerators>
  </TraderKindDef>

<!--STONEMASON-->

<TraderKindDef>
    <defName>MLRP_NPCFaction_Stonemason</defName>
    <label>stonemason</label>
	<requestable>true</requestable>
    <stockGenerators>
	
	<li Class="StockGenerator_SingleDef">
		<thingDef>Silver</thingDef>
		<countRange>1000</countRange>
	</li>
	
	<!-- Resources -->
	<li Class="StockGenerator_SingleDef">
		<thingDef>BlocksSandstone</thingDef>
		<countRange>100</countRange>
	</li>
	<li Class="StockGenerator_SingleDef">
		<thingDef>BlocksGranite</thingDef>
		<countRange>100</countRange>
	</li>
	<li Class="StockGenerator_SingleDef">
		<thingDef>BlocksLimestone</thingDef>
		<countRange>100</countRange>
	</li>
	<li Class="StockGenerator_SingleDef">
		<thingDef>BlocksSlate</thingDef>
		<countRange>100</countRange>
	</li>
	<li Class="StockGenerator_SingleDef">
		<thingDef>BlocksMarble</thingDef>
		<countRange>100</countRange>
	</li>
	  
	</stockGenerators>
</TraderKindDef>

</Defs>
