<?xml version="1.0" encoding="utf-8"?>
<Defs>
	<TraderKindDef>
		<defName>MLRP_PlushieTrader</defName>
		<label>plushie trader</label>
		<commonality>0.2</commonality>
		<orbital>true</orbital>
		<requestable>true</requestable>
		<stockGenerators>
			<li Class="StockGenerator_SingleDef">
				<thingDef>Silver</thingDef>
				<countRange>10000~20000</countRange>
			</li>
			
			<li Class="StockGenerator_SingleDef">
				<thingDef>Cloth</thingDef>
				<countRange>300~900</countRange>
			</li>
			
			<li Class="StockGenerator_Category">
				<categoryDef>Pony_Plushies</categoryDef>
				<thingDefCountRange>99~99</thingDefCountRange>
				<countRange>1~3</countRange>
			</li>
			
			<li Class="StockGenerator_SingleDef">
				<thingDef>PonyPlush_Ruined</thingDef>
				<countRange>1~3</countRange>
			</li>
			
			<li Class="StockGenerator_Category">
				<categoryDef>Textiles</categoryDef>
				<thingDefCountRange>1~20</thingDefCountRange>
				<countRange>300~900</countRange>
				<excludedThingDefs>
					<li>Cloth</li> <!-- already handled by single def -->
				</excludedThingDefs>
			</li>
		</stockGenerators>
	</TraderKindDef>
</Defs>