﻿<?xml version="1.0" encoding="utf-8" ?>
<Defs>

<ScenarioDef>
    <defName>MLRP_Scenario_RenegadeAlicorn</defName>
    <label>Renegade Alicorn</label>
    <description>You are an alicorn, the most graceful of the pony races, but you're not like the others. Peace, friendship and harmony are meaningless; as far as you are concerned, the true path to greatness is paved with blood, bones and fear.\n\nYou managed to convince a few people to follow you and now, with nothing but their help, a large bag of silver, and the materials needed to convert it into things you'll need, you will find a way off this godforsaken rock. Once you manage that, you will travel the universe, teaching your lessons to those who will listen... and crushing those who don't.</description>
    <scenario>
		<summary>A single alicorn, three followers, a large amount of silver, some fuel, and statues of two evil alicorns.</summary>
		<playerFaction>
			<def>PlayerFaction</def>
			<factionDef>MLRP_RenegadeAlicornFaction</factionDef>
		</playerFaction>
		<parts>
		
			<!--Starting pawns-->
			
			<li Class="ScenPart_ConfigPage_ConfigureStartingPawns_Xenotypes">
				<def>ConfigurePawnsXenotypes</def>
				<pawnChoiceCount>1</pawnChoiceCount>
				<customSummary>Start with an alicorn and three baseliners.</customSummary>
				<overrideKinds>
					<li>
						<xenotype>MLRP_Xeno_Alicorn</xenotype>
						<pawnKind>MLRP_BronyPlayer</pawnKind>
					</li>
				</overrideKinds>
				<xenotypeCounts>
					<li>
						<xenotype>MLRP_Xeno_Alicorn</xenotype>
						<count>1</count>
						<description>alicorn</description>
						<requiredAtStart>true</requiredAtStart>
						<allowedDevelopmentalStages>Adult</allowedDevelopmentalStages>
					</li>
					<li>
						<xenotype>Baseliner</xenotype>
						<count>3</count>
						<description>baseliner</description>
						<requiredAtStart>true</requiredAtStart>
						<allowedDevelopmentalStages>Adult</allowedDevelopmentalStages>
					</li>
				</xenotypeCounts>
			</li>
			
			<li Class="ScenPart_PlayerPawnsArriveMethod">
				<def>PlayerPawnsArriveMethod</def>
				<method>Standing</method>
			</li>
			
			<li Class="ScenPart_StartingResearch">
				<def>StartingResearch</def>
				<project>MLRP_ScrewballResearch</project>
			</li>
			
			<li Class="ScenPart_StartingResearch">
				<def>StartingResearch</def>
				<project>MLRP_NightmareMoonResearch</project>
			</li>	
			
			<!--Starting items-->
			
			<li Class="ScenPart_StartingThing_Defined">
				<def>StartingThing_Defined</def>
				<thingDef>Silver</thingDef>
				<count>15000</count>
			</li>
			
			<li Class="ScenPart_StartingThing_Defined" Name="MLRP_RenegadeAlicornFuel">
				<def>StartingThing_Defined</def>
				<thingDef>Chemfuel</thingDef>
				<count>250</count>
			</li>
			
			<li Class="ScenPart_StartingThing_Defined">
				<def>StartingThing_Defined</def>
				<thingDef>MLRP_Daybreaker</thingDef>
				<stuff>Steel</stuff>
				<count>1</count>
			</li>
			
			<li Class="ScenPart_StartingThing_Defined">
				<def>StartingThing_Defined</def>
				<thingDef>MLRP_NightmareMoon</thingDef>
				<stuff>Steel</stuff>
				<count>1</count>
			</li>
			
			<!--Game start dialog-->
			
			<li Class="ScenPart_GameStartDialog">
				<def>GameStartDialog</def>
				<text>My will is iron, and my heart is stone. Come hell or high water, I will find a way off this planet and spread my teachings across the cosmos!</text>
			</li>
		</parts>
	</scenario>
</ScenarioDef>

</Defs>
