﻿<?xml version="1.0" encoding="utf-8" ?>
<Defs>

<ScenarioDef>
    <defName>MLRP_Scenario_Xenos</defName>
    <label>Brony Xenotypes</label>
    <description>Your group has been wandering these lands for a while now, and you've finally decided to settle down and build a home.\n\nYou are all from different walks of life, but you have one thing in common: you are so passionate about My Little Pony, you each underwent xenotype implentation to transform yourselves into your favourite pony race.\n\nYou'll need to work fast in order to secure your new home, though; your starting equipment is quite basic and you own a lot of valuable items, making you tempting targets for raiders.</description>
    <scenario>
		<summary>A group comprised of one of each pony xenotype attempts to carve out a new existence. Difficult.</summary>
		<playerFaction>
			<def>PlayerFaction</def>
			<factionDef>MLRP_BronyFaction</factionDef>
		</playerFaction>
		<parts>
			<!-- Config pages -->
			<li Class="ScenPart_ConfigPage_ConfigureStartingPawns_Xenotypes">
				<def>ConfigurePawnsXenotypes</def>
				<pawnChoiceCount>5</pawnChoiceCount>
				<customSummary>Start with an earth pony, a unicorn, a pegasus, an alicorn and a changeling.</customSummary>
				<overrideKinds>
					<li>
						<xenotype>MLRP_Xeno_Alicorn</xenotype>
						<pawnKind>MLRP_BronyPlayer</pawnKind>
					</li>
					<li>
						<xenotype>MLRP_Xeno_EarthPony</xenotype>
						<pawnKind>MLRP_BronyPlayer</pawnKind>
					</li>
					<li>
						<xenotype>MLRP_Xeno_Unicorn</xenotype>
						<pawnKind>MLRP_BronyPlayer</pawnKind>
					</li>
					<li>
						<xenotype>MLRP_Xeno_Pegasus</xenotype>
						<pawnKind>MLRP_BronyPlayer</pawnKind>
					</li>
					<li>
						<xenotype>MLRP_Xeno_Changeling</xenotype>
						<pawnKind>MLRP_BronyPlayer</pawnKind>
					</li>
				</overrideKinds>
				<xenotypeCounts>
					<li>
						<xenotype>MLRP_Xeno_Alicorn</xenotype>
						<count>1</count>
						<description>alicorn</description>
						<requiredAtStart>true</requiredAtStart>
						<allowedDevelopmentalStages>Adult</allowedDevelopmentalStages>
					</li>
					<li>
						<xenotype>MLRP_Xeno_EarthPony</xenotype>
						<count>1</count>
						<description>earth pony</description>
						<requiredAtStart>true</requiredAtStart>
						<allowedDevelopmentalStages>Adult</allowedDevelopmentalStages>
					</li>
					<li>
						<xenotype>MLRP_Xeno_Unicorn</xenotype>
						<count>1</count>
						<description>unicorn</description>
						<requiredAtStart>true</requiredAtStart>
						<allowedDevelopmentalStages>Adult</allowedDevelopmentalStages>
					</li>
					<li>
						<xenotype>MLRP_Xeno_Pegasus</xenotype>
						<count>1</count>
						<description>pegasus</description>
						<requiredAtStart>true</requiredAtStart>
						<allowedDevelopmentalStages>Adult</allowedDevelopmentalStages>
					</li>
					<li>
						<xenotype>MLRP_Xeno_Changeling</xenotype>
						<count>1</count>
						<description>changeling</description>
						<requiredAtStart>true</requiredAtStart>
						<allowedDevelopmentalStages>Adult</allowedDevelopmentalStages>
					</li>
				</xenotypeCounts>
			</li>

			<!-- Player starting stuff spawn method-->
			<li Class="ScenPart_PlayerPawnsArriveMethod">
				<def>PlayerPawnsArriveMethod</def>
				<method>Standing</method>
			</li>
			
			<li Class="ScenPart_StartingResearch">
				<def>StartingResearch</def>
				<project>MLRP_ScrewballResearch</project>
			</li>		
			
			<!-- Player starting weapons-->
			
			<li Class="ScenPart_StartingThing_Defined">
				<def>StartingThing_Defined</def>
				<thingDef>Gun_Autopistol</thingDef>
				<count>3</count>
			</li>
			
			<li Class="ScenPart_StartingThing_Defined">
				<def>StartingThing_Defined</def>
				<thingDef>MeleeWeapon_Knife</thingDef>
				<count>2</count>
				<stuff>Plasteel</stuff>
			</li>
			
			<!-- Player starting things-->	
			
			<li Class="ScenPart_StartingThing_Defined">
				<def>StartingThing_Defined</def>
				<thingDef>Silver</thingDef>
				<count>800</count>
			</li>
			
			<li Class="ScenPart_StartingThing_Defined">
				<def>StartingThing_Defined</def>
				<thingDef>Steel</thingDef>
				<count>450</count>
			</li>
			
			<li Class="ScenPart_StartingThing_Defined">
				<def>StartingThing_Defined</def>
				<thingDef>WoodLog</thingDef>
				<count>600</count>
			</li>
			
			<li Class="ScenPart_StartingThing_Defined">
				<def>StartingThing_Defined</def>
				<thingDef>MealSurvivalPack</thingDef>
				<count>50</count>
			</li>
			
			<li Class="ScenPart_StartingThing_Defined">
				<def>StartingThing_Defined</def>
				<thingDef>MedicineIndustrial</thingDef>
				<count>20</count>
			</li>		
			
			<li Class="ScenPart_StartingThing_Defined">
				<def>StartingThing_Defined</def>
				<thingDef>ComponentIndustrial</thingDef>
				<count>20</count>
			</li>
			
			<!-- Flak helmets because I couldn't figure out how to get pawns wearing them by default -->
			
			<li Name="MLRP_BiotechScenario_Helmets" Class="ScenPart_StartingThing_Defined">
				<def>StartingThing_Defined</def>
				<thingDef>Apparel_AdvancedHelmet</thingDef>
				<count>5</count>
				<stuff>Plasteel</stuff>
			</li>
			
			<!-- Starting animals -->
			
			<li Class="ScenPart_StartingAnimal">
				<def>StartingAnimal</def>
				<animalKind>Horse</animalKind>
				<count>5</count>
				<bondToRandomPlayerPawnChance>0</bondToRandomPlayerPawnChance>
			</li>
			
			<!-- Starting drugs -->
			
			<li Class="ScenPart_StartingThing_Defined">
				<def>StartingThing_Defined</def>
				<thingDef>GoJuice</thingDef>
				<count>5</count>
			</li>
			
			<li Class="ScenPart_StartingThing_Defined">
				<def>StartingThing_Defined</def>
				<thingDef>WakeUp</thingDef>
				<count>5</count>
			</li>
			
			<!-- Starting buildings -->
			
			<li Class="ScenPart_StartingThing_Defined">
				<def>StartingThing_Defined</def>
				<thingDef>Turret_MiniTurret</thingDef>
				<count>3</count>
				<stuff>Steel</stuff>
			</li>
			
			<li Class="ScenPart_StartingThing_Defined">
				<def>StartingThing_Defined</def>
				<thingDef>MLRP_ScrewballGenerator</thingDef>
				<count>3</count>
				<stuff>WoodLog</stuff>
			</li>
			
			<!-- Starting plushies -->
			
			<li Class="ScenPart_StartingThing_Defined">
				<def>StartingThing_Defined</def>
				<thingDef>PonyPlush_Applejack</thingDef>
				<count>1</count>
				<stuff>Cloth</stuff>
			</li>
			
			<li Class="ScenPart_StartingThing_Defined">
				<def>StartingThing_Defined</def>
				<thingDef>PonyPlush_Discord</thingDef>
				<count>1</count>
				<stuff>Cloth</stuff>
			</li>
			
			<li Class="ScenPart_StartingThing_Defined">
				<def>StartingThing_Defined</def>
				<thingDef>PonyPlush_RainbowDash</thingDef>
				<count>1</count>
				<stuff>Cloth</stuff>
			</li>

			<li Class="ScenPart_StartingThing_Defined">
				<def>StartingThing_Defined</def>
				<thingDef>PonyPlush_Rarity</thingDef>
				<count>1</count>
				<stuff>Cloth</stuff>
			</li>
			
			<li Class="ScenPart_StartingThing_Defined">
				<def>StartingThing_Defined</def>
				<thingDef>PonyPlush_TwilightSparkle</thingDef>
				<count>1</count>
				<stuff>Cloth</stuff>
			</li>

			<!-- Game start dialog -->
			
			<li Class="ScenPart_GameStartDialog">
				<def>GameStartDialog</def>
				<text>We underwent these procedures in order to better ourselves; it is now time to better everyone else, by spreading the light of friendship across the planet. There may be some who will attempt to stop us, but we will be ready.\n\nMay the Alicorn goddesses watch over us.</text>
			</li>
		</parts>
	</scenario>
</ScenarioDef>

</Defs>
