<Defs>

	<ThoughtDef>
		<defName>MLRP_BronyLovesPony</defName>
		<thoughtClass>MLRP_PoniesOfTheRim.Thought_BronyLovesPony</thoughtClass>
		<workerClass>MLRP_PoniesOfTheRim.ThoughtWorker_BronyLovesPony</workerClass>
		<validWhileDespawned>true</validWhileDespawned>
		<stages>
			<li>
				<label>brony loves ponies</label>
			</li>
		</stages>
		<requiredTraits>
			<li>MLRP_BronyTrait</li>
		</requiredTraits>
	</ThoughtDef>
  
	<ThoughtDef>
		<defName>MLRP_AntiBronyHatesPony</defName>
		<thoughtClass>MLRP_PoniesOfTheRim.Thought_AntiBronyHatesPony</thoughtClass>
		<workerClass>MLRP_PoniesOfTheRim.ThoughtWorker_AntiBronyHatesPony</workerClass>
		<validWhileDespawned>true</validWhileDespawned>
		<stages>
			<li>
				<label>anti brony hates ponies</label>
			</li>
		</stages>
		<requiredTraits>
			<li>MLRP_AntiBronyTrait</li>
		</requiredTraits>
	</ThoughtDef>
  
</Defs>