<?xml version="1.0" encoding="utf-8" ?>
<Defs>

	<ThoughtDef>
		<defName>MLRP_PartyCannonBoostBrony</defName>
		<durationDays>1</durationDays>
		<stackLimit>1</stackLimit>
		<developmentalStageFilter>Child, Adult</developmentalStageFilter>
		<stages>
			<li>
				<label>party cannon effect</label>
				<description>Pinkie Pie parties are the best!</description>
				<baseMoodEffect>20</baseMoodEffect>
			</li>
		</stages>
		<requiredTraits>
			<li>MLRP_BronyTrait</li>
		</requiredTraits>
	</ThoughtDef>

	<ThoughtDef>
		<defName>MLRP_PartyCannonBoostRegularPawn</defName>
		<durationDays>1</durationDays>
		<stackLimit>1</stackLimit>
		<developmentalStageFilter>Child, Adult</developmentalStageFilter>
		<stages>
			<li>
				<label>party cannon effect</label>
				<description>I don't remember going to any parties lately, but I still feel great!</description>
				<baseMoodEffect>10</baseMoodEffect>
			</li>
		</stages>
		<nullifyingTraits>
			<li>MLRP_BronyTrait</li>
			<li>MLRP_AntiBronyTrait</li>
		</nullifyingTraits>
	</ThoughtDef>
	
	<ThoughtDef>
		<defName>MLRP_PartyCannonBoostAntiBrony</defName>
		<durationDays>1</durationDays>
		<stackLimit>1</stackLimit>
		<developmentalStageFilter>Child, Adult</developmentalStageFilter>
		<stages>
			<li>
				<label>party cannon effect</label>
				<description>As much as I hate this pony stuff, even I have to admit that this is a good feeling.</description>
				<baseMoodEffect>5</baseMoodEffect>
			</li>
		</stages>
		<requiredTraits>
			<li>MLRP_AntiBronyTrait</li>
		</requiredTraits>
	</ThoughtDef>
	
	<ThoughtDef>
		<defName>MLRP_PartyCannonBoostPrisoner</defName>
		<durationDays>1</durationDays>
		<stackLimit>1</stackLimit>
		<developmentalStageFilter>Child, Adult</developmentalStageFilter>
		<stages>
			<li>
				<label>party cannon effect</label>
				<description>I feel a bit better, but it doesn't change the fact that I'm being held captive.</description>
				<baseMoodEffect>3</baseMoodEffect>
			</li>
		</stages>
		<nullifyingTraits>
			<li>MLRP_AntiBronyTrait</li>
			<li>MLRP_BronyTrait</li>
		</nullifyingTraits>
	</ThoughtDef>
  
</Defs>