<Defs>

	<RecipeDef ParentName="MLRP_FE_RecipeBase">
		<defName>MLRP_FE_Leather_Dread</defName>
		<label>purchase dread leather</label>
		<description>Use silver to purchase 100 dread leather.</description>
		<ingredients>
			<li>
				<filter>
					<thingDefs>
						<li>Silver</li>
					</thingDefs>
				</filter>
				<count>37</count>
			</li>
		</ingredients>
		<products>
			<Leather_Dread>100</Leather_Dread>
		</products>	
	</RecipeDef>

	<RecipeDef ParentName="MLRP_FE_RecipeBase">
		<defName>MLRP_FE_Exchange_Leather_Dread</defName>
		<label>exchange dread leather</label>
		<description>Exchange 100 dread leather for cloth.</description>
		<ingredients>
			<li>
				<filter>
					<thingDefs>
						<li>Leather_Dread</li>
					</thingDefs>
				</filter>
				<count>100</count>
			</li>
		</ingredients>
		<products>
			<Cloth>233</Cloth>
		</products>	
	</RecipeDef>

</Defs>