<?xml version="1.0" encoding="utf-8" ?>
<Defs>

	<CombatExtended.AmmoSetDef>
		<defName>AmmoSet_CadenceJavelins</defName>
		<label>Cadence javelins</label>
		<ammoTypes>
			<Ammo_CadenceJavelins>LovePrincess</Ammo_CadenceJavelins>
		</ammoTypes>
	</CombatExtended.AmmoSetDef>

	<ThingDef Class="CombatExtended.AmmoDef" ParentName="NeolithicAmmoBase">
		<defName>Ammo_CadenceJavelins</defName>
		<label>Cadence javelins</label>
		<description>Ammo for the wife thrower.\n\nNo alicorns were harmed in the making of this item.</description>
		<statBases>
			<Mass>0.01</Mass>
			<Bulk>0.015</Bulk>
			<MarketValue>0.1</MarketValue>
		</statBases>
		<tradeTags>
			<li>CE_AutoEnableTrade</li>
		</tradeTags>
		<thingCategories>
			<li>MLRP_Ammo</li>
		</thingCategories>
		<graphicData>
			<texPath>Things/AmmoBox/Ammo_CadenceJavelins</texPath>
			<graphicClass>Graphic_Single</graphicClass>
		</graphicData>
		<ammoClass>Javelin</ammoClass>
		<tradeability>Sellable</tradeability>
		<destroyOnDrop>False</destroyOnDrop>
	</ThingDef>


	<RecipeDef ParentName="AmmoRecipeNeolithicBase">
		<defName>MakeAmmo_CadenceJavelin</defName>
		<label>make Cadence javelins x100</label>
		<description>Craft 100 Cadence javelins.</description>
		<jobString>Making Cadence javelins.</jobString>
		<workAmount>60</workAmount>
		<recipeUsers>
			<li>PlushieBench</li>
			<li>CraftingSpot</li>
			<li>AmmoBench</li>
		</recipeUsers>
		<ingredients>
			<li>
				<filter>
					<thingDefs>
						<li>WoodLog</li>
					</thingDefs>
				</filter>
				<count>10</count>
			</li>
		</ingredients>
		<fixedIngredientFilter>
			<thingDefs>
				<li>WoodLog</li>
			</thingDefs>
		</fixedIngredientFilter>
		<products>
			<Ammo_CadenceJavelins>100</Ammo_CadenceJavelins>
		</products>
		<researchPrerequisite>MLRP_CE_AmmoResearch</researchPrerequisite>
	</RecipeDef>

</Defs>