<?xml version="1.0" encoding="utf-8" ?>
<Defs>

<!--<ThingDef Class="CombatExtended.AmmoDef" Name="Base_MLRP_HarmonyLaser_CE" ParentName="BaseBullet" Abstract="true">
	<graphicData>
		<texPath>Things/Projectiles/RainbowLaser</texPath>
		<graphicClass>Graphic_Single</graphicClass>
	</graphicData>
	<projectile Class="CombatExtended.ProjectilePropertiesCE">
		<damageDef>Bullet</damageDef>
		<speed>30</speed>
		<dropsCasings>false</dropsCasings>
	</projectile>
</ThingDef>-->

	<ThingCategoryDef>
		<defName>MLRP_Ammo</defName>
		<label>My Little RimPony</label>
		<parent>Ammo</parent>
		<iconPath>UI/Ammo_Equestria</iconPath>
	</ThingCategoryDef>

	<!-- ==================== AmmoSet ========================== -->

	<CombatExtended.AmmoSetDef>
		<defName>AmmoSet_HarmonyLasers</defName>
		<label>Harmony Lasers</label>
		<ammoTypes>
			<Ammo_HarmonyLaser>Projectile_HarmonyRainbow</Ammo_HarmonyLaser>
			<Ammo_HarmonyLaser_Sabot>Projectile_HarmonyRainbow_Sabot</Ammo_HarmonyLaser_Sabot>
		</ammoTypes>
	</CombatExtended.AmmoSetDef>

	<!-- ==================== Ammo ========================== -->

	<ThingDef Class="CombatExtended.AmmoDef" ParentName="SpacerSmallAmmoBase">
		<defName>Ammo_HarmonyLaser</defName>
		<label>Harmony lasers (AP)</label>
		<description>Ammo for the Rainbow Laser and Sweetie Bot turret.\n\nVery bright and colourful, but also quite deadly.</description>
		<statBases>
			<Mass>0.025</Mass>
			<Bulk>0.02</Bulk>
			<MarketValue>0.3</MarketValue>
		</statBases>
		<tradeTags>
			<li>CE_AutoEnableTrade</li>
		</tradeTags>
		<thingCategories>
			<li>MLRP_Ammo</li>
		</thingCategories>
		<graphicData>
			<texPath>Things/AmmoBox/Ammo_HarmonyLaser</texPath>
			<graphicClass>Graphic_Single</graphicClass>
		</graphicData>
		<ammoClass>ArmorPiercing</ammoClass>
		<tradeability>Sellable</tradeability>
		<destroyOnDrop>False</destroyOnDrop>
	</ThingDef>

	<!-- Projectile is already defined elsewhere -->

	<!-- Recipes -->

	<RecipeDef ParentName="ChargeAmmoRecipeBase">
		<defName>MakeAmmo_HarmonyLaser</defName>
		<label>make Harmony lasers (AP) x500</label>
		<description>Craft 500 Harmony lasers (AP).</description>
		<jobString>Making harmony lasers (AP).</jobString>
		<workAmount>60</workAmount>
		<recipeUsers>
			<li>PlushieBench</li>
			<li>AmmoBench</li>
		</recipeUsers>
		<ingredients>
			<li>
				<filter>
					<thingDefs>
						<li>Steel</li>
					</thingDefs>
				</filter>
				<count>40</count>
			</li>
		</ingredients>
		<products>
			<Ammo_HarmonyLaser>500</Ammo_HarmonyLaser>
		</products>
		<researchPrerequisite>MLRP_CE_AmmoResearch</researchPrerequisite>
	</RecipeDef>

</Defs>