<?xml version="1.0" encoding="utf-8" ?>
<Defs>

	<CombatExtended.AmmoSetDef>
		<defName>AmmoSet_WoodenBullets</defName>
		<label>Wooden bullets</label>
		<ammoTypes>
			<Ammo_WoodenBullets>MLRP_WeaponisedArrogance</Ammo_WoodenBullets>
		</ammoTypes>
	</CombatExtended.AmmoSetDef>
	
	<CombatExtended.AmmoCategoryDef>
		<defName>MLRP_WoodenBullet</defName>
		<label>wooden bullet</label>
		<description>Bullets made of wood that inflict no damage, but irritate people hit by one to the point they'll want to destroy whatever happens to be firing them.</description>
	</CombatExtended.AmmoCategoryDef>

	<ThingDef Class="CombatExtended.AmmoDef" ParentName="NeolithicAmmoBase">
		<defName>Ammo_WoodenBullets</defName>
		<label>wooden bullets</label>
		<description>Ammo for the Mudbriar, Quibble Pants and Zephyr Breeze turrets.</description>
		<statBases>
			<Mass>0</Mass>
			<Bulk>0</Bulk>
			<MarketValue>0.01</MarketValue>
		</statBases>
		<tradeTags>
			<li>CE_AutoEnableTrade</li>
		</tradeTags>
		<thingCategories>
			<li>MLRP_Ammo</li>
		</thingCategories>
		<graphicData>
			<texPath>Things/AmmoBox/Ammo_WoodenBullets</texPath>
			<graphicClass>Graphic_Single</graphicClass>
		</graphicData>
		<ammoClass>MLRP_WoodenBullet</ammoClass>
		<tradeability>Sellable</tradeability>
		<destroyOnDrop>False</destroyOnDrop>
	</ThingDef>


	<RecipeDef ParentName="AmmoRecipeNeolithicBase">
		<defName>MakeAmmo_WoodenBullets</defName>
		<label>make wooden bullets x300</label>
		<description>Craft 300 wooden bullets.</description>
		<jobString>Making wooden bullets.</jobString>
		<workAmount>60</workAmount>
		<recipeUsers>
			<li>PlushieBench</li>
			<li>CraftingSpot</li>
			<li>AmmoBench</li>
		</recipeUsers>
		<ingredients>
			<li>
				<filter>
					<thingDefs>
						<li>WoodLog</li>
					</thingDefs>
				</filter>
				<count>6</count>
			</li>
		</ingredients>
		<fixedIngredientFilter>
			<thingDefs>
				<li>WoodLog</li>
			</thingDefs>
		</fixedIngredientFilter>
		<products>
			<Ammo_WoodenBullets>300</Ammo_WoodenBullets>
		</products>
		<researchPrerequisite>MLRP_CE_AmmoResearch</researchPrerequisite>
	</RecipeDef>

</Defs>