<Defs>

<IssueDef>
	<defName>MLRP_HarmonyIssue</defName>
	<label>Harmony</label>
	<iconPath>UI/Issues/ElementsOfHarmony</iconPath>
</IssueDef>

<PreceptDef>
	<defName>MLRP_HarmonyPrecept</defName>
	<issue>MLRP_HarmonyIssue</issue>
	<label>revered</label>
	<description>Twilight Sparkle and her friends had it all figured out; only by following their examples can we achieve greatness.</description>
	<impact>Medium</impact>
	<displayOrderInImpact>1000</displayOrderInImpact>
	<requiredMemes>
		<li>Individualist</li>
	</requiredMemes>
	<statOffsets>
		<PlantWorkSpeed>0.1</PlantWorkSpeed>
		<PlantHarvestYield>0.1</PlantHarvestYield>
		<TameAnimalChance>0.1</TameAnimalChance>
		<TrainAnimalChance>0.1</TrainAnimalChance>
		<AnimalGatherSpeed>0.1</AnimalGatherSpeed>
		<AnimalGatherYield>0.1</AnimalGatherYield>
		<SocialImpact>0.1</SocialImpact>
		<MoveSpeed>0.5</MoveSpeed>
		<MeleeHitChance>1</MeleeHitChance>
		<ShootingAccuracyPawn>1</ShootingAccuracyPawn>
		<TradePriceImprovement>0.1</TradePriceImprovement>
		<ResearchSpeed>0.1</ResearchSpeed>
		<HackingSpeed>0.1</HackingSpeed>
	</statOffsets>
</PreceptDef>
  
</Defs>