<Defs>

	<RecipeDef ParentName="MLRP_FE_RecipeBase">
		<defName>MLRP_POTR_FE_PonyFur</defName>
		<label>exchange pony fur</label>
		<description>Convert 100 pony fur into the market value equivalent of cloth.</description>
		<jobString>Exchanging materials</jobString>
		<ingredients>
			<li>
				<filter>
					<thingDefs>
						<li>PonyFur</li>
					</thingDefs>
				</filter>
				<count>100</count>
			</li>
		</ingredients>
		<products>
			<Cloth>300</Cloth>
		</products>
	</RecipeDef>

</Defs>