<Defs>
	<BackstoryDef>
		<defName>MLRP_VBE_MLPFanBackstory</defName>
		<title>MLP Obsessive</title>
		<titleShort>MLP Obsessive</titleShort>
		<baseDesc>[PAWN_nameDef] is utterly obsessed with My Little Pony, and has spent most of [PAWN_possessive] adult life watching every episode and movie on repeat, as well as making [PAWN_possessive] own art, fanfiction and plushies.\n\nAs a result, [PAWN_pronoun] is very passionate about making friends and creating things, but is completely incapable of any other skills.</baseDesc>
		<slot>Adulthood</slot>
		<spawnCategories>
			<li>Offworld</li>
			<li>Outlander</li>
			<li>Outsider</li>
		</spawnCategories>
		<skillGains>
			<Artistic>20</Artistic>
			<Crafting>20</Crafting>
			<Social>20</Social>
		</skillGains>
		<workDisables>
			<li>Animals</li>
			<li>Caring</li>
			<li>Constructing</li>
			<li>Cooking</li>
			<li>Hunting</li>
			<li>Intellectual</li>
			<li>Mining</li>
			<li>PlantWork</li>
		</workDisables>
		<!--<passions>
			<Artistic>2</Artistic>
			<Crafting>2</Crafting>
			<Social>2</Social>
		</passions>-->
		<disallowedTraits>
			<Psychopath />
			<MLRP_AntiBronyTrait />
		</disallowedTraits>
		<forcedTraits>
			<MLRP_BronyTrait />
		</forcedTraits>
	</BackstoryDef>

</Defs>