<Patch>

<Operation Class="PatchOperationFindMod">
    <mods>
        <li>Bulk Carrier</li>
    </mods>
    <match Class="PatchOperationFindMod">
		<mods>
			<li>Vanilla Expanded Framework</li>
		</mods>
		<match Class="PatchOperationReplace">
			<xpath>/Defs/ThingDef[defName="PonyPlush_BigMacintosh"]/equippedStatOffsets/CarryingCapacity</xpath>
			<value>
				<VEF_MassCarryCapacity>75</VEF_MassCarryCapacity>
			</value>
		</match>
		<nomatch Class="PatchOperationReplace">
			<xpath>/Defs/ThingDef[defName="PonyPlush_BigMacintosh"]/equippedStatOffsets/CarryingCapacity</xpath>
			<value>
				<CarryingCapacity>75</CarryingCapacity>
			</value>
		</nomatch>
    </match>
</Operation>
	
</Patch>