<Defs>

	<ThingDef ParentName="ResourceBase">
		<defName>PonyPlush_Ruined</defName>
		<label>ruined pony plushie</label>
		<thingClass>ThingWithComps</thingClass>
		<description>This plushie has somehow been destroyed, and is truly a sad sight to behold.\n\nIt can be recycled at the plushie bench to recover some useful materials.</description>
		<graphicData>
			<texPath>Things/PonyPlush/Ruined</texPath>
			<graphicClass>Graphic_Single</graphicClass>
			<drawSize>(0.5,0.5)</drawSize>
		</graphicData>
		<resourceReadoutPriority>Middle</resourceReadoutPriority>
		<soundInteract>Standard_Drop</soundInteract>
		<soundDrop>Standard_Drop</soundDrop>
		<drawGUIOverlay>true</drawGUIOverlay>
		<stackLimit>10</stackLimit>
		<statBases>
			<MaxHitPoints>100</MaxHitPoints>
			<Mass>0.08</Mass>
			<MarketValue>300</MarketValue>
			<Flammability>1</Flammability>
		</statBases>
		<intricate>false</intricate>
		<costStuffCount>300</costStuffCount>
		<stuffCategories>
			<li>Fabric</li>
			<li>Leathery</li>
		</stuffCategories>
		<thingCategories>
			<li>Pony_Plushie_Ruined</li>
		</thingCategories>
		<tradeTags>
			<li>MLRP_Ruined_Plushie</li>
		</tradeTags>
	</ThingDef>
	
</Defs>