<Defs>

<TraitDef>
	<defName>MLRP_BronyTrait</defName>
	<commonality>0.1</commonality>
	<degreeDatas>
		<li>
			<label>brony</label>
			<description>{PAWN_nameDef} has taken the lessons of My Little Pony: Friendship is Magic to heart; {PAWN_possessive} social skills have improved, {PAWN_pronoun} will never judge others based on their appearance, voice or breathing, and insults have no effect on {PAWN_objective} whatsoever.\n\n{PAWN_pronoun} gets a mood bonus from equipping pony plushies, and has a positive attitude towards other bronies.</description>
			<skillGains>
				<Social>6</Social>
			</skillGains>
			<possessions>
				<MLRP_ElementsOfHarmony>-3~1</MLRP_ElementsOfHarmony>
				<MLRP_ElementsOfHarmonyWeaponised>-98~1</MLRP_ElementsOfHarmonyWeaponised> <!--Does this equal a 1% chance, or am I overthinking it?-->
			</possessions>
		</li>
	</degreeDatas>
	<conflictingTraits>
		<li>Psychopath</li>
		<li>MLRP_AntiBronyTrait</li>
	</conflictingTraits>
</TraitDef>
	
<TraitDef>
	<defName>MLRP_AntiBronyTrait</defName>
	<commonality>0.2</commonality>
	<degreeDatas>
		<li>
			<label>anti brony</label>
			<description>{PAWN_nameDef} can't understand why any sane adult would enjoy My Little Pony, and tends to dislike anyone who does. {PAWN_pronoun} will get a mood loss from equipping pony plushies.</description>
			<possessions>
				<PonyPlush_Ruined>0~2</PonyPlush_Ruined>
			</possessions>
		</li>
	</degreeDatas>
	<!--<conflictingTraits>
		<li>MLRP_BronyTrait</li>
	</conflictingTraits>-->
</TraitDef>
  
  <ThoughtDef>
    <defName>AntiBronyVsBrony</defName>
    <thoughtClass>MyLittleRimPony.Thought_AntiBronyVsBrony</thoughtClass>
    <workerClass>MyLittleRimPony.ThoughtWorker_AntiBronyVsBrony</workerClass>
    <validWhileDespawned>true</validWhileDespawned>
    <stages>
      <li>
        <label>anti brony dislikes bronies</label>
      </li>
    </stages>
	<requiredTraits>
		<li>MLRP_AntiBronyTrait</li>
	</requiredTraits>
  </ThoughtDef>
  
  <ThoughtDef>
    <defName>BronyLikesBrony</defName>
    <thoughtClass>MyLittleRimPony.Thought_BronyLikesBrony</thoughtClass>
    <workerClass>MyLittleRimPony.ThoughtWorker_BronyLikesBrony</workerClass>
    <validWhileDespawned>true</validWhileDespawned>
    <stages>
      <li>
        <label>fellow brony</label>
      </li>
    </stages>
	<requiredTraits>
		<li>MLRP_BronyTrait</li>
	</requiredTraits>
  </ThoughtDef>
  
</Defs>