<Patch>

<Operation Class="PatchOperationFindMod">
    <mods>
        <li>RimPonkUniquePawns</li>
    </mods>
    <match Class="PatchOperationSequence">
		<operations>
			<li Class="PatchOperationAdd">
				<xpath>/Defs/TraitDef[defName="MLRP_AntiBronyTrait" or defName="MLRP_BronyTrait"]/conflictingTraits</xpath>
				<value>
					<li>DimensionalTraveler</li>
					<li>SleepLover</li>
					<li>DerpyEyes</li>
					<li>ScorchingSun</li>
				</value>
			</li>
			
			<li Class="PatchOperationConditional">
				<xpath>/Defs/TraitDef[defName="DimensionalTraveler" or defName="SleepLover" or defName="DerpyEyes" or defName="ScorchingSun"]/conflictingTraits</xpath>
				<nomatch Class="PatchOperationAdd">
					<xpath>/Defs/TraitDef[defName="DimensionalTraveler" or defName="SleepLover" or defName="DerpyEyes" or defName="ScorchingSun"]</xpath>
					<value>
						<conflictingTraits>
							<li>MLRP_AntiBronyTrait</li>
							<li>MLRP_BronyTrait</li>
						</conflictingTraits>
					</value>
				</nomatch>
				<match Class="PatchOperationAdd">
					<xpath>/Defs/TraitDef[defName="DimensionalTraveler" or defName="SleepLover" or defName="DerpyEyes" or defName="ScorchingSun"]/conflictingTraits</xpath>
					<value>
						<li>MLRP_AntiBronyTrait</li>
						<li>MLRP_BronyTrait</li>
					</value>
				</match>
			</li>
		</operations>
	</match>
</Operation>

</Patch>