<Defs>

<StorytellerDef ParentName="BaseStoryteller">
    <defName>MLRP_Storyteller_Sunny</defName>
    <label>Sunny Starscout</label>
    <description>Sunny prefers to make friends instead of enemies, so she will send you more quests, traders and visitors instead.\n\nRaids will occur, but only once a certain number of threat points are reached, and with more time between them in order to help you thrive and build up your relationships with other factions.</description>
    <portraitLarge>UI/HeroArt/Storytellers/SunnyStarscout</portraitLarge>
    <portraitTiny>UI/HeroArt/Storytellers/SunnyStarscout_Tiny</portraitTiny>
    <listOrder>50</listOrder>
    <comps>
      <!-- Intro -->
      <li Class="StorytellerCompProperties_ClassicIntro"/>
      <!-- Home threats -->
      <li Class="StorytellerCompProperties_OnOffCycle">
        <category>ThreatBig</category>
        <minDaysPassed>30</minDaysPassed>
        <onDays>29</onDays>
        <offDays>31</offDays>
		<minSpacingDays>3</minSpacingDays>
        <numIncidentsRange>1~1</numIncidentsRange>
        <forceRaidEnemyBeforeDaysPassed>30</forceRaidEnemyBeforeDaysPassed>
        <disallowedTargetTags>
          <li>Map_RaidBeacon</li>
        </disallowedTargetTags>
      </li>
      <li Class="StorytellerCompProperties_ThreatsGenerator">
        <allowedTargetTags>
          <li>Map_RaidBeacon</li>
        </allowedTargetTags>
        <parms>
          <allowedThreats>Raids</allowedThreats>
          <onDays>29</onDays>
          <offDays>31</offDays>
          <minSpacingDays>3</minSpacingDays>
          <numIncidentsRange>1~1</numIncidentsRange>
          <minThreatPoints>5000</minThreatPoints>
        </parms>
      </li>
      <li Class="StorytellerCompProperties_OnOffCycle">
        <category>ThreatSmall</category>
        <minDaysPassed>30</minDaysPassed>
        <onDays>29</onDays>
        <offDays>31</offDays>
        <numIncidentsRange>1~1</numIncidentsRange>
        <acceptPercentFactorPerThreatPointsCurve>
          <points>
            <li>(400, 1)</li>
            <li>(1400, 0)</li>
          </points>
        </acceptPercentFactorPerThreatPointsCurve>
      </li>
      <!-- Home misc incidents -->
      <li Class="StorytellerCompProperties_CategoryMTB">
        <category>Misc</category>
        <allowedTargetTags>
          <li>Map_PlayerHome</li>
        </allowedTargetTags>
        <minDaysPassed>10</minDaysPassed>
        <mtbDays>7</mtbDays>
      </li>
      <li Class="StorytellerCompProperties_ShipChunkDrop"/>
      <!-- Ally/neutral interaction -->
      <li Class="StorytellerCompProperties_FactionInteraction">
        <incident>RaidFriendly</incident>
        <baseIncidentsPerYear>30</baseIncidentsPerYear>
        <minSpacingDays>3</minSpacingDays>
        <fullAlliesOnly>true</fullAlliesOnly>
        <minDanger>High</minDanger>
      </li>
      <li Class="StorytellerCompProperties_FactionInteraction">
        <incident>TraderCaravanArrival</incident>
        <minDaysPassed>2</minDaysPassed>
        <baseIncidentsPerYear>30</baseIncidentsPerYear>
        <minSpacingDays>2</minSpacingDays>
        <allowedTargetTags>
          <li>Map_PlayerHome</li>
        </allowedTargetTags>
      </li>
      <li Class="StorytellerCompProperties_FactionInteraction">
        <incident>VisitorGroup</incident>
        <minDaysPassed>2</minDaysPassed>
        <baseIncidentsPerYear>10</baseIncidentsPerYear>
        <minSpacingDays>2</minSpacingDays>
        <allowedTargetTags>
          <li>Map_PlayerHome</li>
        </allowedTargetTags>
      </li>
      <li Class="StorytellerCompProperties_FactionInteraction">
        <incident>TravelerGroup</incident>
        <minDaysPassed>2</minDaysPassed>
        <baseIncidentsPerYear>10</baseIncidentsPerYear>
        <minSpacingDays>2</minSpacingDays>
        <allowedTargetTags>
          <li>Map_PlayerHome</li>
        </allowedTargetTags>
      </li>
      <!-- Caravan / temp map -->
      <li Class="StorytellerCompProperties_CategoryIndividualMTBByBiome">
        <category>Misc</category>
        <allowedTargetTags>
          <li>Caravan</li>
          <li>Map_TempIncident</li>
        </allowedTargetTags>
      </li>
      <li Class="StorytellerCompProperties_CategoryIndividualMTBByBiome">
        <category>ThreatSmall</category>
        <applyCaravanVisibility>true</applyCaravanVisibility>
        <allowedTargetTags>
          <li>Caravan</li>
          <li>Map_TempIncident</li>
        </allowedTargetTags>
      </li>
      <!--<li Class="StorytellerCompProperties_CategoryIndividualMTBByBiome">
        <category>ThreatBig</category>
        <applyCaravanVisibility>true</applyCaravanVisibility>
        <allowedTargetTags>
          <li>Caravan</li>
          <li>Map_TempIncident</li>
        </allowedTargetTags>
      </li>-->
      <!-- Quests - non-Royalty -->
      <li Class="StorytellerCompProperties_RandomQuest">
        <category>GiveQuest</category>
        <allowedTargetTags>
          <li>World</li>
        </allowedTargetTags>
        <onDays>30</onDays>
        <numIncidentsRange>1~5</numIncidentsRange>
        <acceptFractionByDaysPassedCurve>
          <points>
            <li>(4, 0)</li>
            <li>(7, 1)</li>
          </points>
        </acceptFractionByDaysPassedCurve>
        <minSpacingDays>5</minSpacingDays>
        <disableIfAnyModActive>
          <li>Ludeon.RimWorld.Royalty</li>
        </disableIfAnyModActive>
      </li>
      <!-- Quests - Royalty -->
      <li Class="StorytellerCompProperties_RandomQuest">
        <category>GiveQuest</category>
        <allowedTargetTags>
          <li>World</li>
        </allowedTargetTags>
        <onDays>30</onDays>
        <numIncidentsRange>1~5</numIncidentsRange>
        <acceptFractionByDaysPassedCurve>
          <points>
            <li>(4, 0)</li>
            <li>(7, 1)</li>
          </points>
        </acceptFractionByDaysPassedCurve>
        <minSpacingDays>5</minSpacingDays>
        <enableIfAnyModActive>
          <li>Ludeon.RimWorld.Royalty</li>
        </enableIfAnyModActive>
      </li>
      <!-- World misc incidents -->
      <li Class="StorytellerCompProperties_CategoryMTB">
        <category>Misc</category>
        <allowedTargetTags>
          <li>World</li>
        </allowedTargetTags>
        <minDaysPassed>15</minDaysPassed>
        <mtbDays>15</mtbDays>
      </li>
      <!-- Orbital traders -->
      <li Class="StorytellerCompProperties_OnOffCycle">
        <incident>OrbitalTraderArrival</incident>
        <onDays>3</onDays>
        <offDays>6</offDays>
        <numIncidentsRange>1~2</numIncidentsRange>
      </li>
      <!-- Triggered -->
      <li Class="StorytellerCompProperties_Triggered">
        <incident>StrangerInBlackJoin</incident>
        <delayTicks>60</delayTicks>
      </li>
    </comps>
  </StorytellerDef>

</Defs>