﻿<Defs>
	
	<!--HARMONY CHIP-->
	
	<ResearchProjectDef>
		<defName>MLRP_HarmonyChipResearch</defName>
		<label>harmony chip</label>
		<description>Allows you to create harmony chips, which grant the bonuses of nearly all plushies when installed in the brain.</description>
		<prerequisites>
			<li>AdvancedFabrication</li>
		</prerequisites>
		<tab>MLRP_ResearchTab</tab>
		<researchViewX>0</researchViewX>
		<researchViewY>1</researchViewY>
		<baseCost>6000</baseCost>
		<techLevel>Industrial</techLevel>
		<requiredResearchBuilding>HiTechResearchBench</requiredResearchBuilding>
		<requiredResearchFacilities>
			<li>MultiAnalyzer</li>
		</requiredResearchFacilities>
		<techprintCount>1</techprintCount>
		<techprintCommonality>3</techprintCommonality>
		<techprintMarketValue>2500</techprintMarketValue>
		<heldByFactionCategoryTags>
			<li>Empire</li>
			<li>Outlander</li>
		</heldByFactionCategoryTags>
	</ResearchProjectDef>
	
	<!--REQUEST PSYCHIC ITEMS-->
	
	<ResearchProjectDef>
		<defName>MLRP_PsychicItemsResearch</defName>
		<label>psychic items</label>
		<description>Nightmare Moon will allow you to request various psychic items from her.</description>
		<tab>MLRP_ResearchTab</tab>
		<researchViewX>1</researchViewX>
		<researchViewY>1</researchViewY>
		<baseCost>4500</baseCost>
		<techLevel>Industrial</techLevel>
		<requiredResearchBuilding>HiTechResearchBench</requiredResearchBuilding>
		<requiredResearchFacilities>
			<li>MultiAnalyzer</li>
		</requiredResearchFacilities>
	</ResearchProjectDef>

</Defs>