<Defs>
	<ThingDef ParentName="PonyPlush_Slavery">
		<defName>PonyPlush_QueenChrysalis</defName>
		<label>Queen Chrysalis</label>
		<description>The Changelings were a force to be reckoned with under the leadership of Queen Chrysalis; with her defeat came the realisation that maybe, just maybe, they were nothing more than slaves.\n\nCarrying her makes you feel as though you can control your own slaves better.</description>
		<graphicData>
			<texPath>Things/PonyPlush/QueenChrysalis</texPath>
			<graphicClass>Graphic_Single</graphicClass>
			<drawSize>1</drawSize>
		</graphicData>
		<equippedStatOffsets>
			<SuppressionPower>0.25</SuppressionPower>
		</equippedStatOffsets>
	</ThingDef>
</Defs>