<Defs>
	<ThingDef ParentName="PonyPlush_Slavery">
		<defName>PonyPlush_KingSombra</defName>
		<label>King Sombra</label>
		<description>If there's one thing King Sombra truly understands, it is fear.\n\nWhen your slaves carry him, they feel less likely to fight back.</description>
		<graphicData>
			<texPath>Things/PonyPlush/KingSombra</texPath>
			<graphicClass>Graphic_Single</graphicClass>
			<drawSize>1</drawSize>
		</graphicData>
		<equippedStatOffsets>
			<SlaveSuppressionOffset>0.1</SlaveSuppressionOffset>
		</equippedStatOffsets>
	</ThingDef>
</Defs>