<Defs>

  <WorkGiverDef>
    <defName>MLRP_DoStuffWithSpitfire</defName>
    <label>contact the Wonderbolts</label>
    <giverClass>WorkGiver_DoBill</giverClass>
    <workType>BasicWorker</workType>
    <priorityInType>300</priorityInType>
    <fixedBillGiverDefs>
      <li>MLRP_VFE_Deserters_Spitfire</li>
    </fixedBillGiverDefs>
    <verb>contact</verb>
    <gerund>contacting the Wonderbolts via</gerund>
    <requiredCapacities>
      <li>Manipulation</li>
    </requiredCapacities>
  </WorkGiverDef>
  
</Defs>