<ModMetaData>
	<name>[MLP] My Little RimPony</name>
	<author>GeodesicDragon</author>
	<packageId>geodesicdragon.rimpony</packageId>
	<url>https://github.com/GeodesicDragon/mylittlerimpony/wiki</url>
	<modVersion>6.106.185</modVersion>
	<supportedVersions>
		<li>1.5</li>
		<li>1.6</li>
	</supportedVersions>
	<modDependencies>
		<li>
			<packageId>brrainz.harmony</packageId>
			<displayName>Harmony</displayName>
			<steamWorkshopUrl>steam://url/CommunityFilePage/2009463077</steamWorkshopUrl>
			<downloadUrl>https://github.com/pardeike/HarmonyRimWorld/releases/latest</downloadUrl>
		</li>
	</modDependencies>
	<loadBefore>
		<li>WheatyTail.MyLittleRimPonyRus</li>
		<li>ferny.ProgressionStorytellers</li>
	</loadBefore>
	<loadAfter>
		<li>brrainz.harmony</li>
		<li>vanillaexpanded.achievements</li>
		<li>imranfish.xmlextensions</li>
		<li>erdelf.HumanoidAlienRaces</li>
		<li>CETeam.CombatExtended</li>
	</loadAfter>
	<incompatibleWith>
		<li>geodesicdragon.rimpony.vanillarimworld</li>
	</incompatibleWith>
	<modIconPath IgnoreIfNoMatchingField="True">Things/PonyPlush/NurseHaywick</modIconPath>
	<description><![CDATA[<b>ABOUT</b>
	
(More details can be found on the wiki (Advanced > Website). For art sources, refer to Credits.txt, located in the About folder.)

It has been thousands of years since <i>My Little Pony: Friendship is Magic</i> last aired, but the show is once again enjoying a resurgence; how it came to the rim, though, remains a mystery. Regardless of the hows and whys, many colonists have embraced the show, as the colourful characters and messages of peace, hope and friendship help them to escape the struggles of trying to survive daily life in their colonies.

Many of them have even taken to carrying pony plushies, with some people claiming that they feel as though the object is transferring some of the essence of that particular pony into them. While no scientific proof as been found of this, many people are accepting it as fact simply because it gives them something to be happy about. Consequently, pony plushies are now as much a part of everyday rim life as food and guns.

Some people have even gone so far as to undergo xenotype implementation in order to more closely resemble one of the many races that inhabit Equestria, though the results weren't exactly what they were expecting.

<b>I HAVE A QUESTION/COMMENT/BUG/SUGGESTION</b>

Please use the mod's dedicated Discord server - https://discord.gg/DAd2EHeJWk - for all enquiries; I am on Discord a lot, so I will reply to you much faster there than I will anywhere else.]]></description>
</ModMetaData>