<Patch>

<Operation Class="PatchOperationSequence">
	<operations>
		<!--PLUSHIES: STUFF REQUIRED-->
		<li Class="XmlExtensions.UseSetting">
			<modId>geodesicdragon.rimpony</modId> <!--String that XML Extensions can identify your mod with-->
			<key>MLRP_PlushiesCloth</key> <!--Key to identify the setting (only used internally, invisible to user)-->
			<defaultValue>300</defaultValue> <!--What you want the default value of the setting to be-->
			<apply>
				<Operation Class="PatchOperationReplace">
					<xpath>Defs/ThingDef[@Name="PonyPlushBase"]/costStuffCount</xpath>
					<value>
						<costStuffCount>{MLRP_PlushiesCloth}</costStuffCount>
					</value>
				</Operation>
				
				<Operation Class="PatchOperationReplace">
					<xpath>Defs/ThingDef[defName="PonyPlush_StarlightGlimmer"]/costStuffCount</xpath>
					<value>
						<costStuffCount>{MLRP_PlushiesCloth}</costStuffCount>
					</value>
				</Operation>
			</apply>
		</li>
		
		<!--ELEMENTS OF HARMONY: STUFF REQUIRED-->
		<li Class="XmlExtensions.UseSetting">
			<modId>geodesicdragon.rimpony</modId>
			<key>MLRP_PlushiesCloth</key>
			<apply>
				<Operation Class="XmlExtensions.CreateVariable">
					<value>{MLRP_PlushiesCloth}</value>
					<value2>6</value2>
					<operation>*</operation>
					<storeIn>MLRP_EOH_NewClothValue</storeIn>
					<apply>
						<Operation Class="PatchOperationReplace">
							<xpath>Defs/ThingDef[defName="MLRP_ElementsOfHarmony"]/costStuffCount</xpath>
							<value>
								<costStuffCount>{MLRP_EOH_NewClothValue}</costStuffCount>
							</value>
						</Operation>
					</apply>
				</Operation>
			</apply>
		</li>
		
		<!--KID SIZED PLUSHIES: STUFF REQUIRED-->
		<li Class="XmlExtensions.UseSetting" MayRequire="Ludeon.RimWorld.Biotech">
			<modId>geodesicdragon.rimpony</modId>
			<key>MLRP_PlushiesCloth</key>
			<apply>
				<Operation Class="XmlExtensions.CreateVariable">
					<value>{MLRP_PlushiesCloth}</value>
					<value2>2</value2>
					<operation>/</operation>
					<storeIn>MLRP_ChildPlush_NewStuffValue</storeIn>
					<apply>
						<Operation Class="XmlExtensions.CreateVariable">
							<value>{MLRP_ChildPlush_NewStuffValue}</value>
							<operation>roundup</operation>
							<storeIn>MLRP_DB_ChildPlushStuffValueRounded</storeIn>
							<apply>
								<Operation Class="PatchOperationReplace">
									<xpath>Defs/ThingDef[@Name="PonyPlushChildBase"]/costStuffCount</xpath>
									<value>
										<costStuffCount>{MLRP_DB_ChildPlushStuffValueRounded}</costStuffCount>
									</value>
								</Operation>
								
								<Operation Class="PatchOperationReplace">
									<xpath>Defs/ThingDef[defName="PonyPlush_StarlightGlimmer_Child"]/costStuffCount</xpath>
									<value>
										<costStuffCount>{MLRP_DB_ChildPlushStuffValueRounded}</costStuffCount>
									</value>
								</Operation>
							</apply>
						</Operation>
		
					</apply>
				</Operation>
			</apply>
		</li>
		
		<!--CUTIE MARK CRUSADERS: STUFF REQUIRED-->
		<li Class="XmlExtensions.UseSetting">
			<modId>geodesicdragon.rimpony</modId>
			<key>MLRP_PlushiesCloth</key>
			<apply>
				<Operation Class="XmlExtensions.CreateVariable">
					<value>{MLRP_PlushiesCloth}</value>
					<value2>3</value2>
					<operation>*</operation>
					<storeIn>MLRP_CMC_NewClothValue</storeIn>
					<apply>
						<Operation Class="PatchOperationReplace">
							<xpath>Defs/ThingDef[defName="PonyPlush_CutieMarkCrusaders"]/costStuffCount</xpath>
							<value>
								<costStuffCount>{MLRP_CMC_NewClothValue}</costStuffCount>
							</value>
						</Operation>
					</apply>
				</Operation>
			</apply>
		</li>
		
		<!--PLUSHIES: CRAFTING SKILL REQUIRED-->
		<li Class="XmlExtensions.UseSetting">
			<modId>geodesicdragon.rimpony</modId>
			<key>MLRP_PlushieCraftingSkill</key>
			<defaultValue>5</defaultValue>
			<apply>
				<Operation Class="PatchOperationReplace">
					<xpath>Defs/ThingDef[@Name="PonyPlushBase"]/recipeMaker/skillRequirements/Crafting</xpath>
					<value>
						<Crafting>{MLRP_PlushieCraftingSkill}</Crafting>
					</value>
				</Operation>
				
				<Operation Class="PatchOperationReplace">
					<xpath>Defs/ThingDef[defName="PonyPlush_StarlightGlimmer"]/recipeMaker/skillRequirements/Crafting</xpath>
					<value>
						<Crafting>{MLRP_PlushieCraftingSkill}</Crafting>
					</value>
				</Operation>
				
				<Operation Class="PatchOperationReplace" MayRequire="Ludeon.RimWorld.Biotech">
					<xpath>Defs/ThingDef[defName="PonyPlush_StarlightGlimmer_Child"]/recipeMaker/skillRequirements/Crafting</xpath>
					<value>
						<Crafting>{MLRP_PlushieCraftingSkill}</Crafting>
					</value>
				</Operation>
			</apply>
		</li>

		<!--PLUSHIES: TAINTED ON DEATH-->
		<li Class="XmlExtensions.OptionalPatch">
			<modId>geodesicdragon.rimpony</modId>
			<key>MLRP_PlushiesTaintedOnDeath</key>
			<defaultValue>true</defaultValue>
			<caseTrue>
				<Operation Class="PatchOperationReplace">
					<xpath>Defs/ThingDef[@Name="PonyPlushBase"]/apparel/careIfWornByCorpse</xpath>
					<value>
						<careIfWornByCorpse>true</careIfWornByCorpse>
					</value>
				</Operation>
				
				<Operation Class="PatchOperationReplace">
					<xpath>Defs/ThingDef[defName="PonyPlush_StarlightGlimmer"]/apparel/careIfWornByCorpse</xpath>
					<value>
						<careIfWornByCorpse>true</careIfWornByCorpse>
					</value>
				</Operation>
				
				<Operation Class="PatchOperationReplace" MayRequire="Ludeon.RimWorld.Biotech">
					<xpath>Defs/ThingDef[defName="PonyPlush_StarlightGlimmer_Child"]/apparel/careIfWornByCorpse</xpath>
					<value>
						<careIfWornByCorpse>true</careIfWornByCorpse>
					</value>
				</Operation>
			</caseTrue>
			<caseFalse>
				<Operation Class="PatchOperationReplace">
					<xpath>Defs/ThingDef[@Name="PonyPlushBase"]/apparel/careIfWornByCorpse</xpath>
					<value>
						<careIfWornByCorpse>false</careIfWornByCorpse>
					</value>
				</Operation>
				
				<Operation Class="PatchOperationReplace">
					<xpath>Defs/ThingDef[defName="PonyPlush_StarlightGlimmer"]/apparel/careIfWornByCorpse</xpath>
					<value>
						<careIfWornByCorpse>false</careIfWornByCorpse>
					</value>
				</Operation>
				
				<Operation Class="PatchOperationReplace" MayRequire="Ludeon.RimWorld.Biotech">
					<xpath>Defs/ThingDef[defName="PonyPlush_StarlightGlimmer_Child"]/apparel/careIfWornByCorpse</xpath>
					<value>
						<careIfWornByCorpse>false</careIfWornByCorpse>
					</value>
				</Operation>
			</caseFalse>
		</li>
		
		<!--PLUSHIES: PIPP IS SHORT-->
		<li Class="XmlExtensions.OptionalPatch" MayRequire="Dubwise.DubsBadHygiene">
			<modId>geodesicdragon.rimpony</modId>
			<key>MLRP_DubsBadHygiene_PippIsShort</key>
			<defaultValue>true</defaultValue>
			<caseTrue>
				<Operation Class="PatchOperationReplace">
					<xpath>Defs/ThingDef[defName="PonyPlush_PippPetals"]/graphicData/drawSize</xpath>
					<value>
						<drawSize>0.5</drawSize>
					</value>
				</Operation>
			</caseTrue>
			<caseFalse>
				<Operation Class="PatchOperationReplace">
					<xpath>Defs/ThingDef[defName="PonyPlush_PippPetals"]/graphicData/drawSize</xpath>
					<value>
						<drawSize>1</drawSize>
					</value>
				</Operation>
			</caseFalse>
		</li>

		<!--BRONY TRAIT COMMONALITY-->
		<li Class="XmlExtensions.UseSetting">
			<modId>geodesicdragon.rimpony</modId>
			<key>MLRP_BronyTraitCommonality</key>
			<defaultValue>0.1</defaultValue>
			<apply>
				<Operation Class="PatchOperationReplace">
					<xpath>Defs/TraitDef[defName="MLRP_BronyTrait"]/commonality</xpath>
					<value>
						<commonality>{MLRP_BronyTraitCommonality}</commonality>
					</value>
				</Operation>
			</apply>
		</li>

		<!--ANTI BRONY TRAIT COMMONALITY-->
		<li Class="XmlExtensions.UseSetting">
			<modId>geodesicdragon.rimpony</modId>
			<key>MLRP_AntiBronyTraitCommonality</key>
			<defaultValue>0.2</defaultValue>
			<apply>
				<Operation Class="PatchOperationReplace">
					<xpath>Defs/TraitDef[defName="MLRP_AntiBronyTrait"]/commonality</xpath>
					<value>
						<commonality>{MLRP_AntiBronyTraitCommonality}</commonality>
					</value>
				</Operation>
			</apply>
		</li>
		
		<!--EVIL SISTERS: STUFF REQUIRED-->
		<li Class="XmlExtensions.UseSetting">
			<modId>geodesicdragon.rimpony</modId> <!--String that XML Extensions can identify your mod with-->
			<key>MLRP_EvilSistersStuffRequired</key> <!--Key to identify the setting (only used internally, invisible to user)-->
			<defaultValue>750</defaultValue> <!--What you want the default value of the setting to be-->
			<apply>
				<Operation Class="PatchOperationReplace">
					<xpath>Defs/ThingDef[defName="MLRP_NightmareMoon" or defName="MLRP_Daybreaker"]/costStuffCount</xpath>
					<value>
						<costStuffCount>{MLRP_EvilSistersStuffRequired}</costStuffCount>
					</value>
				</Operation>
			</apply>
		</li>		

		<!--DISCORD LAMP: STUFF REQUIRED-->
		<li Class="XmlExtensions.UseSetting">
			<modId>geodesicdragon.rimpony</modId> <!--String that XML Extensions can identify your mod with-->
			<key>MLRP_DiscordLampStuffRequired</key> <!--Key to identify the setting (only used internally, invisible to user)-->
			<defaultValue>300</defaultValue> <!--What you want the default value of the setting to be-->
			<apply>
				<Operation Class="PatchOperationReplace">
					<xpath>Defs/ThingDef[@Name="DiscordLampBase"]/costStuffCount</xpath>
					<value>
						<costStuffCount>{MLRP_DiscordLampStuffRequired}</costStuffCount>
					</value>
				</Operation>
			</apply>
		</li>
		
		<!--DISCORD LAMP: BRIGHTNESS-->
		<li Class="XmlExtensions.UseSetting">
			<modId>geodesicdragon.rimpony</modId> <!--String that XML Extensions can identify your mod with-->
			<key>MLRP_DiscordLampBrightness</key> <!--Key to identify the setting (only used internally, invisible to user)-->
			<defaultValue>8</defaultValue> <!--What you want the default value of the setting to be-->
			<apply>
				<Operation Class="PatchOperationReplace">
					<xpath>Defs/ThingDef[@Name="DiscordLampBase"]/comps</xpath>
					<value>
						<comps>
							<li Class="CompProperties_Glower">
								<glowRadius>{MLRP_DiscordLampBrightness}</glowRadius>
							</li>
						</comps>
					</value>
				</Operation>
			</apply>
		</li>
		
		<!--SCREWBALL: STUFF REQUIRED-->
		<li Class="XmlExtensions.UseSetting">
			<modId>geodesicdragon.rimpony</modId> <!--String that XML Extensions can identify your mod with-->
			<key>MLRP_ScrewballStuffRequired</key> <!--Key to identify the setting (only used internally, invisible to user)-->
			<defaultValue>300</defaultValue> <!--What you want the default value of the setting to be-->
			<apply>
				<Operation Class="PatchOperationReplace">
					<xpath>Defs/ThingDef[defName="MLRP_ScrewballGenerator"]/costStuffCount</xpath>
					<value>
						<costStuffCount>{MLRP_ScrewballStuffRequired}</costStuffCount>
					</value>
				</Operation>
			</apply>
		</li>
		
		<!--SWEETIE BOT: RANGE-->
		<li Class="XmlExtensions.UseSetting">
			<modId>geodesicdragon.rimpony</modId>
			<key>MLRP_SweetieBotWeaponRange</key>
			<defaultValue>46</defaultValue>
			<apply>
				<Operation Class="PatchOperationReplace">
					<xpath>Defs/ThingDef[defName="MLRP_SweetieBotTurret"]/verbs/li/range</xpath>
					<value>
						<range>{MLRP_SweetieBotWeaponRange}</range>
					</value>
				</Operation>
			</apply>
		</li>

		<!--SWEETIE BOT: TOUCH ACCURACY-->
		<li Class="XmlExtensions.UseSetting">
			<modId>geodesicdragon.rimpony</modId>
			<key>MLRP_SweetieBotAccuracyTouch</key>
			<defaultValue>0.3</defaultValue>
			<apply>
				<Operation Class="XmlExtensions.FindMod">
					<mods>
						<li>CETeam.CombatExtended</li>
					</mods>
					<packageId>true</packageId>
					<logic>and</logic>
					<caseTrue> 
						<Operation Class="PatchOperationReplace">
							<xpath>Defs/ThingDef[defName="MLRP_Turret_SweetieBot"]/statBases/AimingAccuracy</xpath>
							<value>
								<AimingAccuracy>{MLRP_SweetieBotAccuracyTouch}</AimingAccuracy>
							</value>
						</Operation>
					</caseTrue>
					<caseFalse> 
						<Operation Class="PatchOperationReplace">
							<xpath>Defs/ThingDef[defName="MLRP_SweetieBotTurret"]/statBases/AccuracyTouch</xpath>
							<value>
								<AccuracyTouch>{MLRP_SweetieBotAccuracyTouch}</AccuracyTouch>
							</value>
						</Operation>
					</caseFalse>
				</Operation>
			</apply>
		</li>

		<!--SWEETIE BOT: SHORT RANGE ACCURACY-->
		<li Class="XmlExtensions.UseSetting">
			<modId>geodesicdragon.rimpony</modId>
			<key>MLRP_SweetieBotAccuracyShort</key>
			<defaultValue>0.4</defaultValue>
			<apply>
				<Operation Class="XmlExtensions.FindMod">
					<mods>
						<li>CETeam.CombatExtended</li>
					</mods>
					<packageId>true</packageId>
					<logic>and</logic>
					<caseTrue> 
						<Operation Class="PatchOperationReplace">
							<xpath>Defs/ThingDef[defName="MLRP_Turret_SweetieBot"]/statBases/AimingAccuracy</xpath>
							<value>
								<AimingAccuracy>{MLRP_SweetieBotAccuracyShort}</AimingAccuracy>
							</value>
						</Operation>
					</caseTrue>
					<caseFalse> 
						<Operation Class="PatchOperationReplace">
							<xpath>Defs/ThingDef[defName="MLRP_SweetieBotTurret"]/statBases/AccuracyShort</xpath>
							<value>
								<AccuracyShort>{MLRP_SweetieBotAccuracyShort}</AccuracyShort>
							</value>
						</Operation>
					</caseFalse>
				</Operation>
			</apply>
		</li>

		<!--SWEETIE BOT: MEDIUM RANGE ACCURACY-->

		<li Class="XmlExtensions.UseSetting">
			<modId>geodesicdragon.rimpony</modId>
			<key>MLRP_SweetieBotAccuracyMedium</key>
			<defaultValue>0.8</defaultValue>
			<apply>
				<Operation Class="XmlExtensions.FindMod">
					<mods>
						<li>CETeam.CombatExtended</li>
					</mods>
					<packageId>true</packageId>
					<logic>and</logic>
					<caseTrue> 
						<Operation Class="PatchOperationReplace">
							<xpath>Defs/ThingDef[defName="MLRP_Turret_SweetieBot"]/statBases/AimingAccuracy</xpath>
							<value>
								<AimingAccuracy>{MLRP_SweetieBotAccuracyMedium}</AimingAccuracy>
							</value>
						</Operation>
					</caseTrue>
					<caseFalse> 
						<Operation Class="PatchOperationReplace">
							<xpath>Defs/ThingDef[defName="MLRP_SweetieBotTurret"]/statBases/AccuracyMedium</xpath>
							<value>
								<AccuracyMedium>{MLRP_SweetieBotAccuracyMedium}</AccuracyMedium>
							</value>
						</Operation>
					</caseFalse>
				</Operation>
			</apply>
		</li>

		<!--SWEETIE BOT: LONG RANGE ACCURACY-->
		<li Class="XmlExtensions.UseSetting">
			<modId>geodesicdragon.rimpony</modId>
			<key>MLRP_SweetieBotAccuracyLong</key>
			<defaultValue>0.8</defaultValue>
			<apply>
				<Operation Class="XmlExtensions.FindMod">
					<mods>
						<li>CETeam.CombatExtended</li>
					</mods>
					<packageId>true</packageId>
					<logic>and</logic>
					<caseTrue> 
						<Operation Class="PatchOperationReplace">
							<xpath>Defs/ThingDef[defName="MLRP_Turret_SweetieBot"]/statBases/AimingAccuracy</xpath>
							<value>
								<AimingAccuracy>{MLRP_SweetieBotAccuracyLong}</AimingAccuracy>
							</value>
						</Operation>
					</caseTrue>
					<caseFalse> 
						<Operation Class="PatchOperationReplace">
							<xpath>Defs/ThingDef[defName="MLRP_SweetieBotTurret"]/statBases/AccuracyLong</xpath>
							<value>
								<AccuracyLong>{MLRP_SweetieBotAccuracyLong}</AccuracyLong>
							</value>
						</Operation>
						
						<Operation Class="PatchOperationReplace">
							<xpath>Defs/ThingDef[defName="MLRP_Turret_SweetieBot"]/statBases/ShootingAccuracyTurret</xpath>
							<value>
								<ShootingAccuracyTurret>{MLRP_SweetieBotAccuracyLong}</ShootingAccuracyTurret>
							</value>
						</Operation>
					</caseFalse>
				</Operation>
			</apply>
		</li>

		<!--NURSE REDHEART: SPAWN GLITTERWORLD MEDICINE INSTEAD OF INDUSTRIAL-->
		<li Class="XmlExtensions.OptionalPatch">
			<modId>geodesicdragon.rimpony</modId>
			<key>MLRP_NurseRedheartSpawnGlitterworldMedicine</key>
			<defaultValue>false</defaultValue>
			<caseTrue>
				<Operation Class="PatchOperationReplace">
					<xpath>Defs/ThingDef[defName="MLRP_NurseRedheart"]/comps/li[@Class="CompProperties_Spawner"]/thingToSpawn</xpath>
					<value>
						<thingToSpawn>MedicineUltratech</thingToSpawn>
					</value>
				</Operation>
			</caseTrue>
			<caseFalse>
				<Operation Class="PatchOperationReplace">
					<xpath>Defs/ThingDef[defName="MLRP_NurseRedheart"]/comps/li[@Class="CompProperties_Spawner"]/thingToSpawn</xpath>
					<value>
						<thingToSpawn>MedicineIndustrial</thingToSpawn>
					</value>
				</Operation>
			</caseFalse>
		</li>

		<!--NURSE REDHEART: MEDICINE SPAWN AMOUNT-->
		<li Class="XmlExtensions.UseSetting">
			<modId>geodesicdragon.rimpony</modId>
			<key>MLRP_NurseRedheartMedicineSpawnAmount</key>
			<defaultValue>5</defaultValue>
			<apply>
				<Operation Class="PatchOperationReplace">
					<xpath>Defs/ThingDef[defName="MLRP_NurseRedheart"]/comps/li[@Class="CompProperties_Spawner"]/spawnCount</xpath>
					<value>
						<spawnCount>{MLRP_NurseRedheartMedicineSpawnAmount}</spawnCount>
					</value>
				</Operation>
			</apply>
		</li>

		<!--NURSE REDHEART: MEDICINE SPAWN TIME-->
		<li Class="XmlExtensions.UseSetting">
			<modId>geodesicdragon.rimpony</modId>
			<key>MLRP_NurseRedheartMedicineSpawnTime</key>
			<defaultValue>10</defaultValue>
			<apply>
				<Operation Class="XmlExtensions.CreateVariable">
					<value>{MLRP_NurseRedheartMedicineSpawnTime}</value>
					<value2>60000</value2>
					<operation>*</operation>
					<storeIn>MLRP_NurseRedheartMedicineSpawnTicks</storeIn>
					<apply>
						<Operation Class="PatchOperationReplace">
							<xpath>Defs/ThingDef[defName="MLRP_NurseRedheart"]/comps/li[@Class="CompProperties_Spawner"]/spawnIntervalRange</xpath>
							<value>
								<spawnIntervalRange><min>{MLRP_NurseRedheartMedicineSpawnTicks}</min><max>{MLRP_NurseRedheartMedicineSpawnTicks}</max></spawnIntervalRange>
							</value>
						</Operation>
					</apply>
				</Operation>
			</apply>
		</li>

		<!--NURSE REDHEART: REPLACE DESCRIPTION-->
		<li Class="XmlExtensions.UseSettings">
			<modId>geodesicdragon.rimpony</modId>
			<keys>
				<li>MLRP_NurseRedheartMedicineSpawnAmount</li>
				<li>MLRP_NurseRedheartMedicineSpawnTime</li>
			</keys>
			<defaultValues>
				<li>5</li>
				<li>10</li>
			</defaultValues>
			<brackets>{}</brackets>    
			<apply>
				<Operation Class="PatchOperationReplace">
					<xpath>Defs/ThingDef[defName="MLRP_NurseRedheart"]/description</xpath>
					<value>
						<description>As a nurse, Redheart has seen it all; she knows that being prepared for any eventuality is of vital importance.\n\nGenerates {MLRP_NurseRedheartMedicineSpawnAmount} medicine every {MLRP_NurseRedheartMedicineSpawnTime} day(s).</description>
					</value>
				</Operation>
			</apply>
		</li>
			
		<!--AGGRO TURRETS: HEALTH-->
		<li Class="XmlExtensions.UseSetting">
			<modId>geodesicdragon.rimpony</modId>
			<key>MLRP_ZephyrBreezeHealth</key>
			<defaultValue>1000</defaultValue>
			<apply>
				<Operation Class="PatchOperationReplace">
					<xpath>Defs/ThingDef[defName="MLRP_Mudbriar" or defName="MLRP_QuibblePants" or defName="MLRP_ZephyrBreeze"]/statBases/MaxHitPoints</xpath>
					<value>
						<MaxHitPoints>{MLRP_ZephyrBreezeHealth}</MaxHitPoints>
					</value>
				</Operation>
			</apply>
		</li>
		
		<!--SSCS6K: BEER SPAWN AMOUNT-->
		<li Class="XmlExtensions.UseSetting">
			<modId>geodesicdragon.rimpony</modId>
			<key>MLRP_SSCS6KBeerSpawnAmount</key>
			<defaultValue>30</defaultValue>
			<apply>
				<Operation Class="PatchOperationReplace">
					<xpath>Defs/ThingDef[defName="MLRP_SSCS6K"]/comps/li[@Class="CompProperties_Spawner"]/spawnCount</xpath>
					<value>
						<spawnCount>{MLRP_SSCS6KBeerSpawnAmount}</spawnCount>
					</value>
				</Operation>
			</apply>
		</li>

		<!--SSCS6K: BEER SPAWN TIME-->
		<li Class="XmlExtensions.UseSetting">
			<modId>geodesicdragon.rimpony</modId>
			<key>MLRP_SSCS6KBeerSpawnTime</key>
			<defaultValue>30</defaultValue>
			<apply>
				<Operation Class="XmlExtensions.CreateVariable">
					<value>{MLRP_SSCS6KBeerSpawnTime}</value>
					<value2>60000</value2>
					<operation>*</operation>
					<storeIn>MLRP_MLRP_SSCS6KBeerSpawnTicks</storeIn>
					<apply>
						<Operation Class="PatchOperationReplace">
							<xpath>Defs/ThingDef[defName="MLRP_SSCS6K"]/comps/li[@Class="CompProperties_Spawner"]/spawnIntervalRange</xpath>
							<value>
								<spawnIntervalRange><min>{MLRP_MLRP_SSCS6KBeerSpawnTicks}</min><max>{MLRP_MLRP_SSCS6KBeerSpawnTicks}</max></spawnIntervalRange>
							</value>
						</Operation>
					</apply>
				</Operation>
			</apply>
		</li>
		
		<!--SSCS6K: REPLACE DESCRIPTION-->
		<li Class="XmlExtensions.UseSettings">
			<modId>geodesicdragon.rimpony</modId>
			<keys>
				<li>MLRP_SSCS6KBeerSpawnAmount</li>
				<li>MLRP_SSCS6KBeerSpawnTime</li>
			</keys>
			<defaultValues>
				<li>30</li>
				<li>30</li>
			</defaultValues>
			<brackets>{}</brackets>    
			<apply>
				<Operation Class="PatchOperationReplace">
					<xpath>Defs/ThingDef[defName="MLRP_SSCS6K"]/description</xpath>
					<value>
						<description>Unlike when Flim and Flam were using it, the Super Speedy Cider Squeezy 6000 will produce something just as good as cider, provided it has enough power.\n\nGenerates {MLRP_SSCS6KBeerSpawnAmount} Beer every {MLRP_SSCS6KBeerSpawnTime} days.</description>
					</value>
				</Operation>
			</apply>
		</li>
		
		<!--DAYBREAKER STATUE: REGULAR CHEMFUEL REQUIRED-->
		<li Class="XmlExtensions.UseSetting">
			<modId>geodesicdragon.rimpony</modId>
			<key>MLRP_DaybreakerChemfuel</key>
			<defaultValue>50</defaultValue>
			<apply>
				<Operation Class="PatchOperationReplace">
					<xpath>Defs/RecipeDef[@Name="DaybreakerRecipes_RegularChemfuel"]/ingredients/li/count</xpath>
					<value>
						<count>{MLRP_DaybreakerChemfuel}</count>
					</value>
				</Operation>
			</apply>
		</li>

		<!--DERPY HOOVES: MASS CAPACITY-->
		<li Class="XmlExtensions.UseSetting">
			<modId>geodesicdragon.rimpony</modId>
			<key>MLRP_DerpyHoovesMassCapacity</key>
			<defaultValue>300</defaultValue>
			<apply>
				<Operation Class="PatchOperationReplace">
					<xpath>Defs/ThingDef[defName="MLRP_DerpyHooves"]/comps/li[@Class="CompProperties_Transporter"]/massCapacity</xpath>
					<value>
						<massCapacity>{MLRP_DerpyHoovesMassCapacity}</massCapacity>
					</value>
				</Operation>
			
				<Operation Class="PatchOperationReplace">
					<xpath>Defs/ThingDef[defName="MLRP_DerpyHooves"]/costStuffCount</xpath>
					<value>
						<costStuffCount>{MLRP_DerpyHoovesMassCapacity}</costStuffCount>
					</value>
				</Operation>
			</apply>
		</li>
		
		<!--DAYBREAKER STATUE: DOUBLE CHEMFUEL AMOUNT-->
		<li Class="XmlExtensions.UseSetting">
			<modId>geodesicdragon.rimpony</modId>
			<key>MLRP_DaybreakerChemfuel</key>
			<apply>
				<Operation Class="XmlExtensions.CreateVariable">
					<value>{MLRP_DaybreakerChemfuel}</value>
					<value2>2</value2>
					<operation>*</operation>
					<storeIn>MLRP_DB_DoubleChemfuelValue</storeIn>
					<apply>
						<Operation Class="PatchOperationReplace">
							<xpath>Defs/RecipeDef[@Name="DaybreakerRecipes_DoubleChemfuel"]/ingredients/li/count</xpath>
							<value>
								<count>{MLRP_DB_DoubleChemfuelValue}</count>
							</value>
						</Operation>
					</apply>
				</Operation>
			</apply>
		</li>
		
		<!--DAYBREAKER STATUE: TRIPLE CHEMFUEL AMOUNT-->
		<li Class="XmlExtensions.UseSetting">
			<modId>geodesicdragon.rimpony</modId>
			<key>MLRP_DaybreakerChemfuel</key>
			<apply>
				<Operation Class="XmlExtensions.CreateVariable">
					<value>{MLRP_DaybreakerChemfuel}</value>
					<value2>3</value2>
					<operation>*</operation>
					<storeIn>MLRP_DB_TripleChemfuelValue</storeIn>
					<apply>
						<Operation Class="PatchOperationReplace">
							<xpath>Defs/RecipeDef[@Name="DaybreakerRecipes_TripleChemfuel"]/ingredients/li/count</xpath>
							<value>
								<count>{MLRP_DB_TripleChemfuelValue}</count>
							</value>
						</Operation>
					</apply>
				</Operation>
			</apply>
		</li>

		<!--DAYBREAKER STATUE: HALF CHEMFUEL AMOUNT-->
		<li Class="XmlExtensions.UseSetting">
			<modId>geodesicdragon.rimpony</modId>
			<key>MLRP_DaybreakerChemfuel</key>
			<apply>
				<Operation Class="XmlExtensions.CreateVariable">
					<value>{MLRP_DaybreakerChemfuel}</value>
					<value2>2</value2>
					<operation>/</operation>
					<storeIn>MLRP_DB_HalfChemfuelValue</storeIn>
					<apply>
						<Operation Class="XmlExtensions.CreateVariable">
							<value>{MLRP_DB_HalfChemfuelValue}</value>
							<operation>roundup</operation>
							<storeIn>MLRP_DB_HalfChemfuelValueRounded</storeIn>
							<apply>
								<Operation Class="PatchOperationReplace">
									<xpath>Defs/RecipeDef[@Name="DaybreakerRecipes_HalfChemfuel"]/ingredients/li/count</xpath>
									<value>
										<count>{MLRP_DB_HalfChemfuelValueRounded}</count>
									</value>
								</Operation>
							</apply>
						</Operation>
					</apply>
				</Operation>
			</apply>
		</li>
		
		<!--DAYBREAKER STATUE: QUADRUPLE CHEMFUEL AMOUNT-->
		<li Class="XmlExtensions.UseSetting" MayRequire="Ludeon.RimWorld.Anomaly">
			<modId>geodesicdragon.rimpony</modId>
			<key>MLRP_DaybreakerChemfuel</key>
			<apply>
				<Operation Class="XmlExtensions.CreateVariable">
					<value>{MLRP_DaybreakerChemfuel}</value>
					<value2>4</value2>
					<operation>*</operation>
					<storeIn>MLRP_DB_QuadrupleChemfuelValue</storeIn>
					<apply>
						<Operation Class="PatchOperationReplace">
							<xpath>Defs/RecipeDef[@Name="DaybreakerRecipes_QuadrupleChemfuel"]/ingredients/li/count</xpath>
							<value>
								<count>{MLRP_DB_QuadrupleChemfuelValue}</count>
							</value>
						</Operation>
					</apply>
				</Operation>
			</apply>
		</li>
		
		<!--DAYBREAKER STATUE: QUINTUPLE CHEMFUEL AMOUNT-->
		<li Class="XmlExtensions.UseSetting" MayRequire="Ludeon.RimWorld.Anomaly">
			<modId>geodesicdragon.rimpony</modId>
			<key>MLRP_DaybreakerChemfuel</key>
			<apply>
				<Operation Class="XmlExtensions.CreateVariable">
					<value>{MLRP_DaybreakerChemfuel}</value>
					<value2>5</value2>
					<operation>*</operation>
					<storeIn>MLRP_DB_QuintupleChemfuelValue</storeIn>
					<apply>
						<Operation Class="PatchOperationReplace">
							<xpath>Defs/RecipeDef[@Name="DaybreakerRecipes_QuintupleChemfuel"]/ingredients/li/count</xpath>
							<value>
								<count>{MLRP_DB_QuintupleChemfuelValue}</count>
							</value>
						</Operation>
					</apply>
				</Operation>
			</apply>
		</li>
		
		<!--RAINBOW DASH CHILD PLUSHIE: SAME BONUSES AS ADULT VERSION-->
		<li Class="XmlExtensions.OptionalPatch" MayRequire="Ludeon.RimWorld.Biotech">
			<modId>geodesicdragon.rimpony</modId>
			<key>MLRP_RainbowDashChildPlushUsesAdultStats</key>
			<defaultValue>false</defaultValue>
			<caseTrue>
				<Operation Class="PatchOperationReplace">
					<xpath>Defs/ThingDef[defName="PonyPlush_RainbowDash_Child"]/equippedStatOffsets</xpath>
					<value>
						<equippedStatOffsets>
							<MoveSpeed>1</MoveSpeed>
							<MeleeHitChance>5</MeleeHitChance>
							<ShootingAccuracyPawn>5</ShootingAccuracyPawn>
							<ReloadSpeed MayRequire="CETeam.CombatExtended">0.05</ReloadSpeed>
							<NightVisionEfficiency_Apparel MayRequire="CETeam.CombatExtended">0.1</NightVisionEfficiency_Apparel>
							<Suppressability MayRequire="CETeam.CombatExtended">-0.05</Suppressability>
						</equippedStatOffsets>
					</value>
				</Operation>
				
				<Operation Class="PatchOperationReplace">
					<xpath>Defs/ThingDef[defName="PonyPlush_RainbowDash_Child"]/description</xpath>
					<value>
						<description>It goes without saying that Rainbow 'Danger' Dash is the very ponification of speed.\n\nCarrying her makes you feel fast, as well as more confident in your combat abilities.</description>
					</value>
				</Operation>
			</caseTrue>
			<caseFalse>
				<Operation Class="PatchOperationReplace">
					<xpath>Defs/ThingDef[defName="PonyPlush_RainbowDash_Child"]/equippedStatOffsets</xpath>
					<value>
						<equippedStatOffsets>
							<MoveSpeed>2</MoveSpeed>
						</equippedStatOffsets>
					</value>
				</Operation>
				
				<Operation Class="PatchOperationReplace">
					<xpath>Defs/ThingDef[defName="PonyPlush_RainbowDash_Child"]/description</xpath>
					<value>
						<description>It goes without saying that Rainbow 'Danger' Dash is the very ponification of speed.\n\nCarrying her makes you feel faster on your feet.</description>
					</value>
				</Operation>
			</caseFalse>
		</li>
		
		<!--ROYALTY: PATCH ANIMA TREE-->
		<li Class="XmlExtensions.OptionalPatch" MayRequire="Ludeon.RimWorld.Royalty">
			<modId>geodesicdragon.rimpony</modId>
			<key>MLRP_TurnAnimaTreeIntoTreeOfHarmony</key>
			<defaultValue>true</defaultValue>
			<caseTrue>
				<Operation Class="PatchOperationSequence">
					<operations>
					
						<!--ANIMA TREE-->
					
						<li Class="PatchOperationReplace">
							<xpath>/Defs/ThingDef[defName="Plant_TreeAnima"]/label</xpath>
							<value>
								<label>Tree of Harmony</label>
							</value>
						</li>
						
						<li Class="PatchOperationReplace">
							<xpath>/Defs/ThingDef[defName="Plant_TreeAnima"]/description</xpath>
							<value>
								<description>The Tree of Harmony is a magical tree that once held the Elements of Harmony. Nobody knows how it ended up on the rim, but many people suspect that science was involved.\n\nIf a person (psycaster or not) meditates near the tree, it will grow harmony grass around its base. Once enough grass is grown, it becomes possible to carry out a psychic linking ritual with the tree and upgrade a person's psychic powers. Only tribal peoples know the secret of this ritual. Tribal psycasters are also able to draw psyfocus from the Tree of Harmony while meditating at it.\n\nThe tree's psychic properties are weakened if artificial structures are placed nearby. They refuse to be caged or studied, and must remain part of nature.\n\nMost tribes believe that these trees are not simply trees, but are rather the physical extremities of a single world spirit, while bronies believe them to be a physical extension of their beliefs.</description>
							</value>
						</li>
						
						<li Class="PatchOperationReplace">
							<xpath>/Defs/ThingDef[defName="Plant_TreeAnima"]/comps/li[4]/enoughPlantsLetterLabel</xpath>
							<value>
								<enoughPlantsLetterLabel>About: Linking with the Tree of Harmony</enoughPlantsLetterLabel>
							</value>
						</li>
						
						<li Class="PatchOperationReplace">
							<xpath>/Defs/ThingDef[defName="Plant_TreeAnima"]/comps/li[4]/enoughPlantsLetterText</xpath>
							<value>
								<enoughPlantsLetterText>The Tree of Harmony now has {0} harmony grass around it. This is enough for a tribal person to begin their first linking ritual!\n\nThe linking ritual gives a level of psylink and the ability to use psychic powers. Upgrading to a higher level requires 20 grass.\n\nThe harmony grass requirements for linking rituals to upgrade psycasters are:\n\n{1}\n\nNote: Only those with the nature focus type can meditate to or link with the Tree of Harmony. You can see a person's focus types by looking at their info card with the 'i' button.</enoughPlantsLetterText>
							</value>
						</li>
						
						<li Class="PatchOperationReplace">
							<xpath>/Defs/ThingDef[defName="Plant_TreeAnima"]/graphicData/texPath</xpath>
							<value>
								<texPath>Things/TreeOfHarmony</texPath>
							</value>
						</li>
						
						<li Class="PatchOperationReplace">
							<xpath>/Defs/ThingDef[defName="Plant_TreeAnima"]/graphicData/graphicClass</xpath>
							<value>
								<graphicClass>Graphic_Single</graphicClass>
							</value>
						</li>
						
						<li Class="PatchOperationAdd">
							<xpath>/Defs/ThingDef[defName="Plant_TreeAnima"]/graphicData</xpath>
							<value>
								<drawSize>(2,2)</drawSize>
							</value>
						</li>
								
						<li Class="PatchOperationReplace">
							<xpath>/Defs/ThingDef[defName="Plant_TreeAnima"]/comps/li[5]/message</xpath>
							<value>
								<message>The Tree of Harmony has died and emitted a disturbing psychic scream.</message>
							</value>
						</li>
						
						<!--ANIMA GRASS-->
						
						<li Class="PatchOperationReplace">
							<xpath>/Defs/ThingDef[defName="Plant_GrassAnima"]/label</xpath>
							<value>
								<label>harmony grass</label>
							</value>
						</li>
						
						<li Class="PatchOperationReplace">
							<xpath>/Defs/ThingDef[defName="Plant_GrassAnima"]/description</xpath>
							<value>
								<description>A grass infused with luminous microorganisms. Tribal peoples find that this grass grows around the base of the Tree of Harmony as they meditate. It seems to reflect some kind of strengthening of the tree's psychic power.\n\nAnimals refuse to eat anima grass, which tribal stories say is done out of respect.\n\nBronies believe that the grass is a physical extension of the tree's power, and that it holds the key to opening a link to Equestria, but the grass degenerates into normal plant matter when observed too closely.</description>
							</value>
						</li>
					</operations>
				</Operation>
			</caseTrue>
			<caseFalse>
				<!--If the option is false, do nothing.-->
			</caseFalse>
		</li>
		
		<!--IDEOLOGY: HARMONY PRECEPT PROVIDES OLD BONUSES-->
		<li Class="XmlExtensions.OptionalPatch" MayRequire="Ludeon.RimWorld.Ideology">
			<modId>geodesicdragon.rimpony</modId>
			<key>MLRP_HarmonyPreceptProvidesIncreasedBonuses</key>
			<defaultValue>false</defaultValue>
			<caseTrue>
				<Operation Class="PatchOperationReplace">
					<xpath>Defs/PreceptDef[defName="MLRP_HarmonyPrecept"]/statOffsets</xpath>
					<value>
						<statOffsets>
							<PlantWorkSpeed>0.25</PlantWorkSpeed>
							<PlantHarvestYield>0.25</PlantHarvestYield>
							<TameAnimalChance>0.25</TameAnimalChance>
							<TrainAnimalChance>0.25</TrainAnimalChance>
							<AnimalGatherSpeed>0.25</AnimalGatherSpeed>
							<AnimalGatherYield>0.25</AnimalGatherYield>
							<SocialImpact>0.25</SocialImpact>
							<MoveSpeed>1</MoveSpeed>
							<MeleeHitChance>5</MeleeHitChance>
							<ShootingAccuracyPawn>5</ShootingAccuracyPawn>
							<TradePriceImprovement>0.25</TradePriceImprovement>
							<ResearchSpeed>0.25</ResearchSpeed>
							<HackingSpeed>0.25</HackingSpeed>
						</statOffsets>
					</value>
				</Operation>
			</caseTrue>
			<caseFalse>
				<Operation Class="PatchOperationReplace">
					<xpath>Defs/PreceptDef[defName="MLRP_HarmonyPrecept"]/statOffsets</xpath>
					<value>
						<statOffsets>
							<PlantWorkSpeed>0.1</PlantWorkSpeed>
							<PlantHarvestYield>0.1</PlantHarvestYield>
							<TameAnimalChance>0.1</TameAnimalChance>
							<TrainAnimalChance>0.1</TrainAnimalChance>
							<AnimalGatherSpeed>0.1</AnimalGatherSpeed>
							<AnimalGatherYield>0.1</AnimalGatherYield>
							<SocialImpact>0.1</SocialImpact>
							<MoveSpeed>0.5</MoveSpeed>
							<MeleeHitChance>1</MeleeHitChance>
							<ShootingAccuracyPawn>1</ShootingAccuracyPawn>
							<TradePriceImprovement>0.1</TradePriceImprovement>
							<ResearchSpeed>0.1</ResearchSpeed>
							<HackingSpeed>0.1</HackingSpeed>
						</statOffsets>
					</value>
				</Operation>
			</caseFalse>
		</li>
		
		<!--BIOTECH: SWEETIE BOT MECHANOIDS APPEAR IN MECHANOID CLUSTERS-->
		<li Class="XmlExtensions.OptionalPatch" MayRequire="Ludeon.RimWorld.Biotech">
			<modId>geodesicdragon.rimpony</modId>
			<key>MLRP_SweetieBotMechanoidsAppearInMechClusters</key>
			<defaultValue>true</defaultValue>
			<caseTrue>
				<Operation Class="PatchOperationReplace">
					<xpath>Defs/PawnKindDef[defName="MLRP_SweetieBotMech"]/allowInMechClusters</xpath>
					<value>
						<allowInMechClusters>true</allowInMechClusters>
					</value>
				</Operation>
			</caseTrue>
			<caseFalse>
				<Operation Class="PatchOperationReplace">
					<xpath>Defs/PawnKindDef[defName="MLRP_SweetieBotMech"]/allowInMechClusters</xpath>
					<value>
						<allowInMechClusters>false</allowInMechClusters>
					</value>
				</Operation>
			</caseFalse>
		</li>
		
		<!--BIOTECH: SWEETIE BOT MECHANOIDS ARE QUIET-->
		<li Class="XmlExtensions.OptionalPatch" MayRequire="Ludeon.RimWorld.Biotech">
			<modId>geodesicdragon.rimpony</modId>
			<key>MLRP_SweetieBotMechanoidsAreQuiet</key>
			<defaultValue>false</defaultValue>
			<caseTrue>
				<Operation Class="PatchOperationReplace">
					<xpath>Defs/SoundDef[defName="SweetieBotMech_Call"]/subSounds/li/volumeRange</xpath>
					<value>
						<volumeRange>
							<min>0</min>        
							<max>0</max>
						</volumeRange>
					</value>
				</Operation>
			</caseTrue>
			<caseFalse>
				<Operation Class="PatchOperationReplace">
					<xpath>Defs/SoundDef[defName="SweetieBotMech_Call"]/subSounds/li/volumeRange</xpath>
					<value>
						<volumeRange>
							<min>50</min>        
							<max>50</max>
						</volumeRange>
					</value>
				</Operation>
			</caseFalse>
		</li>
		
		<!--MEDPOD: PREVENT PODS FROM HEALING THE CUTIE POX-->
		<li Class="XmlExtensions.OptionalPatch" MayRequire="sumghai.medpod">
			<modId>geodesicdragon.rimpony</modId>
			<key>MLRP_MedPodsDoNotCureCutiePox</key>
			<defaultValue>True</defaultValue>
			<caseTrue>
				<Operation Class="PatchOperationConditional">
					<xpath>/Defs/ThingDef[@Name="MedPodBedBase"]/comps/li[@Class="MedPod.CompProperties_TreatmentRestrictions"]/neverTreatableHediffs/li[@Name="MLRP_MedPodCutiePox"]</xpath>
					<nomatch Class="PatchOperationAdd">
						<xpath>/Defs/ThingDef[@Name="MedPodBedBase"]/comps/li[@Class="MedPod.CompProperties_TreatmentRestrictions"]/neverTreatableHediffs</xpath>
						<value>
							<li Name="MLRP_MedPodCutiePox">MLRP_CutiePox</li>
						</value>
					</nomatch>
				</Operation>
			</caseTrue>
			<caseFalse>
				<Operation Class="PatchOperationConditional">
					<xpath>/Defs/ThingDef[@Name="MedPodBedBase"]/comps/li[@Class="MedPod.CompProperties_TreatmentRestrictions"]/neverTreatableHediffs/li[@Name="MLRP_MedPodCutiePox"]</xpath>
					<match Class="PatchOperationRemove">
						<xpath>/Defs/ThingDef[@Name="MedPodBedBase"]/comps/li[@Class="MedPod.CompProperties_TreatmentRestrictions"]/neverTreatableHediffs/li[@Name="MLRP_MedPodCutiePox"]</xpath>
					</match>
				</Operation>
			</caseFalse>
		</li>
			
		<!--RAINBOW LASER: ELEMENTS OF HARMONY REQUIRED-->
		<li Class="XmlExtensions.OptionalPatch">
			<modId>geodesicdragon.rimpony</modId>
			<key>MLRP_RainbowLaserRequiresEOH</key>
			<defaultValue>true</defaultValue>
			<caseTrue>
				<Operation Class="PatchOperationReplace">
					<xpath>Defs/ThingDef[defName="MLRP_ElementsOfHarmonyWeaponised"]/costList</xpath>
					<value>
						<costList>
							<Plasteel>100</Plasteel>
							<Gold>5</Gold>
							<MLRP_ElementsOfHarmony>1</MLRP_ElementsOfHarmony>
						</costList>
					</value>
				</Operation>
			</caseTrue>
			<caseFalse>
				<Operation Class="PatchOperationReplace">
					<xpath>Defs/ThingDef[defName="MLRP_ElementsOfHarmonyWeaponised"]/costList</xpath>
					<value>
						<costList>
							<Plasteel>100</Plasteel>
							<Gold>5</Gold>
							<ComponentSpacer>3</ComponentSpacer>
						</costList>
					</value>
				</Operation>
			</caseFalse>
		</li>
		
		<!--ANOMALY: STUFF REQUIRED TO BUILD THINGPONE-->
		<li Class="XmlExtensions.UseSetting" MayRequire="Ludeon.RimWorld.Anomaly">
			<modId>geodesicdragon.rimpony</modId>
			<key>MLRP_ThingponeStuffRequired</key>
			<defaultValue>250</defaultValue>
			<apply>
				<Operation Class="PatchOperationReplace">
					<xpath>Defs/ThingDef[defName="MLRP_Thingpone"]/costStuffCount</xpath>
					<value>
						<costStuffCount>{MLRP_ThingponeStuffRequired}</costStuffCount>
					</value>
				</Operation>
			</apply>
		</li>
		
		<!--TWILIGHT SPARKLE: USE OLD TEXTURE-->
		<li Class="XmlExtensions.OptionalPatch">
			<modId>geodesicdragon.rimpony</modId>
			<key>MLRP_UseOldTwilightTexture</key>
			<defaultValue>false</defaultValue>
			<caseTrue>
				<Operation Class="PatchOperationReplace">
					<xpath>Defs/ThingDef[defName="PonyPlush_TwilightSparkle"]/graphicData/texPath</xpath>
					<value>
						<texPath>Things/PonyPlush/TwilightSparkle_OLD</texPath>
					</value>
				</Operation>
				
				<Operation Class="PatchOperationFindMod">
					<mods>
						<li>Vanilla Achievements Expanded</li>
					</mods>
					<match Class="PatchOperationReplace">
						<xpath>Defs/AchievementsExpanded.AchievementDef[defName="MLRP_Achievement_TwilightSparkle"]/texPath</xpath>
						<value>
							<texPath>Achievements/BookHorse_OLD</texPath>
						</value>
					</match>
				</Operation>
			</caseTrue>
			<caseFalse>
				<Operation Class="PatchOperationReplace">
					<xpath>Defs/ThingDef[defName="PonyPlush_TwilightSparkle"]/graphicData/texPath</xpath>
					<value>
						<texPath>Things/PonyPlush/TwilightSparkle</texPath>
					</value>
				</Operation>
				
				<Operation Class="PatchOperationFindMod">
					<mods>
						<li>Vanilla Achievements Expanded</li>
					</mods>
					<match Class="PatchOperationReplace" MayRequire="vanillaexpanded.achievements">
						<xpath>Defs/AchievementsExpanded.AchievementDef[defName="MLRP_Achievement_TwilightSparkle"]/texPath</xpath>
						<value>
							<texPath>Achievements/BookHorse</texPath>
						</value>
					</match>
				</Operation>
			</caseFalse>
		</li>
		
		<!--PLUSHIE RECYCLING: STUFF GAINED-->
		<li Class="XmlExtensions.UseSetting">
			<modId>geodesicdragon.rimpony</modId>
			<key>MLRP_PlushieRecyclingStuffGain</key>
			<defaultValue>75</defaultValue>
			<apply>
				<Operation Class="PatchOperationReplace">
					<xpath>Defs/RecipeDef[defName="MLRP_RecyclePlushies"]/modExtensions/li/reclaimedAmount</xpath>
					<value>
						<reclaimedAmount>{MLRP_PlushieRecyclingStuffGain}</reclaimedAmount>
					</value>
				</Operation>
			</apply>
		</li>
		
		<!--NPC FACTION IS ALWAYS PRESENT IN NEW GAME-->
		<li Class="XmlExtensions.OptionalPatch">
			<modId>geodesicdragon.rimpony</modId>
			<key>MLRP_NPCFactionIsPresentInNewGame</key>
			<defaultValue>false</defaultValue>
			<caseTrue>
				<Operation Class="PatchOperationReplace">
					<xpath>Defs/FactionDef[defName="MLRP_NPC_Faction"]/startingCountAtWorldCreation</xpath>
					<value>
						<startingCountAtWorldCreation>1</startingCountAtWorldCreation>
					</value>
				</Operation>
			</caseTrue>
			<caseFalse>
				<Operation Class="PatchOperationReplace">
					<xpath>Defs/FactionDef[defName="MLRP_NPC_Faction"]/startingCountAtWorldCreation</xpath>
					<value>
						<startingCountAtWorldCreation>0</startingCountAtWorldCreation>
					</value>
				</Operation>
			</caseFalse>
		</li>
		
		<!--DIAMOND DOG FACTION IS ALWAYS PRESENT IN NEW GAME-->
		<li Class="XmlExtensions.OptionalPatch" MayRequire="Ludeon.RimWorld.Biotech">
			<modId>geodesicdragon.rimpony</modId>
			<key>MLRP_DiamondDogFactionIsPresentInNewGame</key>
			<defaultValue>false</defaultValue>
			<caseTrue>
				<Operation Class="PatchOperationReplace">
					<xpath>Defs/FactionDef[defName="MLRP_DiamondDog_Faction"]/startingCountAtWorldCreation</xpath>
					<value>
						<startingCountAtWorldCreation>1</startingCountAtWorldCreation>
					</value>
				</Operation>
			</caseTrue>
			<caseFalse>
				<Operation Class="PatchOperationReplace">
					<xpath>Defs/FactionDef[defName="MLRP_DiamondDog_Faction"]/startingCountAtWorldCreation</xpath>
					<value>
						<startingCountAtWorldCreation>0</startingCountAtWorldCreation>
					</value>
				</Operation>
			</caseFalse>
		</li>
		
		<!--BATPONY FACTION IS ALWAYS PRESENT IN NEW GAME-->
		<li Class="XmlExtensions.OptionalPatch" MayRequire="sarg.alphagenes">
			<modId>geodesicdragon.rimpony</modId>
			<key>MLRP_BatponyFactionIsPresentInNewGame</key>
			<defaultValue>false</defaultValue>
			<caseTrue>
				<Operation Class="PatchOperationReplace">
					<xpath>Defs/FactionDef[defName="MLRP_Batpony_Faction"]/startingCountAtWorldCreation</xpath>
					<value>
						<startingCountAtWorldCreation>1</startingCountAtWorldCreation>
					</value>
				</Operation>
			</caseTrue>
			<caseFalse>
				<Operation Class="PatchOperationReplace">
					<xpath>Defs/FactionDef[defName="MLRP_Batpony_Faction"]/startingCountAtWorldCreation</xpath>
					<value>
						<startingCountAtWorldCreation>0</startingCountAtWorldCreation>
					</value>
				</Operation>
			</caseFalse>
		</li>
		
		<!--TREE HUGGER: STUFF REQUIRED-->
		<li Class="XmlExtensions.UseSetting">
			<modId>geodesicdragon.rimpony</modId>
			<key>MLRP_TreeHuggerStuffRequired</key>
			<defaultValue>200</defaultValue>
			<apply>
				<Operation Class="PatchOperationReplace">
					<xpath>Defs/ThingDef[defName="MLRP_TreeHugger"]/costStuffCount</xpath>
					<value>
						<costStuffCount>{MLRP_TreeHuggerStuffRequired}</costStuffCount>
					</value>
				</Operation>
			</apply>
		</li>

		<!--SETTINGS WINDOW-->
		<li Class="XmlExtensions.CreateSettings">
			<modId>geodesicdragon.rimpony</modId>
			<label>My Little RimPony</label>
			<settings>
				<li Class="XmlExtensions.Setting.Text">
					<text>IMPORTANT: You will need to restart RimWorld after changing any of these settings.</text>
					<font>Medium</font>
					<anchor>Middle</anchor>
				</li>
		
				<li Class="XmlExtensions.Setting.Gap"/>
				
				<li Class="XmlExtensions.Setting.Text">
					<text>WIKI: https://github.com/GeodesicDragon/mylittlerimpony/wiki</text>
					<font>Small</font>
					<anchor>Middle</anchor>
				</li>
				
				<li Class="XmlExtensions.Setting.Gap"/>
				
				<li Class="XmlExtensions.Setting.SplitColumn">
					<leftCol>
						<li Class="XmlExtensions.Setting.Text">
							<text>Plushie Settings</text>
							<font>Medium</font>
							<anchor>Left</anchor>
						</li>
					</leftCol>
					<rightCol>
						<li Class="XmlExtensions.Setting.Text" MayRequire="Ludeon.RimWorld.Biotech">
							<text>These settings will also be applied to child-sized plushies.</text>
							<font>Small</font>
							<anchor>Right</anchor>
						</li>
					</rightCol>
				</li>
				
				<li Class="XmlExtensions.Setting.Slider">
					<key>MLRP_PlushiesCloth</key>
					<defaultValue>300</defaultValue>
					<min>2</min>
					<max>500</max>
					<label>Amount Of Stuff Needed: {MLRP_PlushiesCloth}</label>
					<decimals>0</decimals>
				</li>
				
				<li Class="XmlExtensions.Setting.Text" MayRequire="Ludeon.RimWorld.Biotech">
					<text>This value will be halved for child-sized plushies.</text>
					<font>Small</font>
					<anchor>Left</anchor>
				</li>
		
				<li Class="XmlExtensions.Setting.Gap"/>
				
				<li Class="XmlExtensions.Setting.Slider">
					<key>MLRP_PlushieCraftingSkill</key>
					<defaultValue>5</defaultValue>
					<min>1</min>
					<max>20</max>
					<label>Crafting Skill Required: {MLRP_PlushieCraftingSkill}</label>
					<decimals>0</decimals>
				</li>
				
				<li Class="XmlExtensions.Setting.Checkbox">
					<key>MLRP_PlushiesTaintedOnDeath</key>
					<label>Plushies become tainted if worn by a corpse</label>
				</li>
				
				<li Class="XmlExtensions.Setting.Checkbox">
					<key>MLRP_UseOldTwilightTexture</key>
					<label>Use old Twilight Sparkle texture</label>
				</li>
				
				<li Class="XmlExtensions.Setting.Slider">
					<key>MLRP_PlushieRecyclingStuffGain</key>
					<defaultValue>75</defaultValue>
					<min>75</min>
					<max>150</max>
					<label>Recycling plushies will recover {MLRP_PlushieRecyclingStuffGain} materials</label>
					<decimals>0</decimals>
				</li>
				
				<li Class="XmlExtensions.Setting.Checkbox" MayRequire="Dubwise.DubsBadHygiene">
					<key>MLRP_DubsBadHygiene_PippIsShort</key>
					<label>[Dubs Bad Hygiene] Pipp is short</label>
				</li>
				
				<li Class="XmlExtensions.Setting.Gap"/>
				
				<li Class="XmlExtensions.Setting.Text">
					<text>Faction Settings</text>
					<font>Medium</font>
					<anchor>Left</anchor>
				</li>
				
				<li Class="XmlExtensions.Setting.Checkbox">
					<key>MLRP_NPCFactionIsPresentInNewGame</key>
					<label>NPC faction is always present when starting a new colony</label>
				</li>
				
				<li Class="XmlExtensions.Setting.Checkbox" MayRequire="Ludeon.RimWorld.Biotech">
					<key>MLRP_DiamondDogFactionIsPresentInNewGame</key>
					<label>Diamond Dog faction is always present when starting a new colony</label>
				</li>
				
				<li Class="XmlExtensions.Setting.Checkbox" MayRequire="sarg.alphagenes">
					<key>MLRP_BatponyFactionIsPresentInNewGame</key>
					<label>Batpony faction is always present when starting a new colony</label>
				</li>
				
				<li Class="XmlExtensions.Setting.Gap"/>
				
				<li Class="XmlExtensions.Setting.Text">
					<text>Rainbow Laser Settings</text>
					<font>Medium</font>
					<anchor>Left</anchor>
				</li>
				
				<li Class="XmlExtensions.Setting.Checkbox">
					<key>MLRP_RainbowLaserRequiresEOH</key>
					<label>Weapon requires Elements of Harmony to craft</label>
				</li>
				
				<li Class="XmlExtensions.Setting.Text" MayRequire="Ludeon.RimWorld.Biotech">
					<text>If you set this value to false, making a rainbow laser will require 3 advanced components instead of the Elements.</text>
					<font>Small</font>
					<anchor>Left</anchor>
				</li>
				
				<li Class="XmlExtensions.Setting.Gap"/>
				
				<li Class="XmlExtensions.Setting.Text">
					<text>Evil Sisters Settings</text>
					<font>Medium</font>
					<anchor>Left</anchor>
				</li>
				
				<li Class="XmlExtensions.Setting.Slider">
					<key>MLRP_EvilSistersStuffRequired</key>
					<defaultValue>750</defaultValue>
					<min>100</min>
					<max>1000</max>
					<label>Building either sister requires {MLRP_EvilSistersStuffRequired} stuff</label>
					<decimals>0</decimals>
				</li>
				
				<li Class="XmlExtensions.Setting.Gap"/>
				
				<li Class="XmlExtensions.Setting.Text">
					<text>Discord Lamp Settings</text>
					<font>Medium</font>
					<anchor>Left</anchor>
				</li>
				
				<li Class="XmlExtensions.Setting.Slider">
					<key>MLRP_DiscordLampStuffRequired</key>
					<defaultValue>300</defaultValue>
					<min>100</min>
					<max>1000</max>
					<label>Building a Discord lamp requires {MLRP_DiscordLampStuffRequired} stuff</label>
					<decimals>0</decimals>
				</li>
				
				<li Class="XmlExtensions.Setting.Slider">
					<key>MLRP_DiscordLampBrightness</key>
					<defaultValue>8</defaultValue>
					<min>1</min>
					<max>20</max>
					<label>Brightess: {MLRP_DiscordLampBrightness}</label>
					<decimals>0</decimals>
				</li>
				
				<li Class="XmlExtensions.Setting.Gap"/>
				
				<li Class="XmlExtensions.Setting.Text">
					<text>Screwball Settings</text>
					<font>Medium</font>
					<anchor>Left</anchor>
				</li>
				
				<li Class="XmlExtensions.Setting.Slider">
					<key>MLRP_ScrewballStuffRequired</key>
					<defaultValue>300</defaultValue>
					<min>100</min>
					<max>1000</max>
					<label>Building Screwballs requires {MLRP_ScrewballStuffRequired} stuff</label>
					<decimals>0</decimals>
				</li>
				
				<li Class="XmlExtensions.Setting.Gap"/>
				
				<li Class="XmlExtensions.Setting.Text">
					<text>Tree Hugger Settings</text>
					<font>Medium</font>
					<anchor>Left</anchor>
				</li>
				
				<li Class="XmlExtensions.Setting.Slider">
					<key>MLRP_TreeHuggerStuffRequired</key>
					<defaultValue>200</defaultValue>
					<min>100</min>
					<max>1000</max>
					<label>Building Tree Hugger requires {MLRP_TreeHuggerStuffRequired} stuff</label>
					<decimals>0</decimals>
				</li>
				
				<li Class="XmlExtensions.Setting.Gap"/>
				
				<li Class="XmlExtensions.Setting.Text">
					<text>Sweetie Bot Turret Settings</text>
					<font>Medium</font>
					<anchor>Left</anchor>
				</li>
				
				<li Class="XmlExtensions.Setting.Slider">
					<key>MLRP_SweetieBotWeaponRange</key>
					<defaultValue>46</defaultValue>
					<min>10</min>
					<max>100</max>
					<label>Attack Range: {MLRP_SweetieBotWeaponRange}</label>
					<decimals>0</decimals>
				</li>
				
				<li Class="XmlExtensions.Setting.Slider">
					<key>MLRP_SweetieBotAccuracyTouch</key>
					<defaultValue>0.3</defaultValue>
					<min>0.1</min>
					<max>1</max>
					<label>Touch Accuracy: {MLRP_SweetieBotAccuracyTouch}</label>
					<decimals>1</decimals>
				</li>
				
				<li Class="XmlExtensions.Setting.Slider">
					<key>MLRP_SweetieBotAccuracyShort</key>
					<defaultValue>0.4</defaultValue>
					<min>0.1</min>
					<max>1</max>
					<label>Short Range Accuracy: {MLRP_SweetieBotAccuracyShort}</label>
					<decimals>1</decimals>
				</li>
				
				<li Class="XmlExtensions.Setting.Slider">
					<key>MLRP_SweetieBotAccuracyMedium</key>
					<defaultValue>0.8</defaultValue>
					<min>0.1</min>
					<max>1</max>
					<label>Medium Range Accuracy: {MLRP_SweetieBotAccuracyMedium}</label>
					<decimals>1</decimals>
				</li>
				
				<li Class="XmlExtensions.Setting.Slider">
					<key>MLRP_SweetieBotAccuracyLong</key>
					<defaultValue>0.8</defaultValue>
					<min>0.1</min>
					<max>1</max>
					<label>Long Range Accuracy: {MLRP_SweetieBotAccuracyLong}</label>
					<decimals>1</decimals>
				</li>
				
				<li Class="XmlExtensions.Setting.Gap"/>

				<li Class="XmlExtensions.Setting.Text">
					<text>Trait Settings</text>
					<font>Medium</font>
					<anchor>Left</anchor>
				</li>
				
				<li Class="XmlExtensions.Setting.Slider">
					<key>MLRP_BronyTraitCommonality</key>
					<defaultValue>0.1</defaultValue>
					<min>0</min>
					<max>1</max>
					<label>Brony Trait Commonality: {MLRP_BronyTraitCommonality}</label>
					<decimals>1</decimals>
				</li>
						
				<li Class="XmlExtensions.Setting.Slider">
					<key>MLRP_AntiBronyTraitCommonality</key>
					<defaultValue>0.2</defaultValue>
					<min>0</min>
					<max>1</max>
					<label>Anti Brony Trait Commonality: {MLRP_AntiBronyTraitCommonality}</label>
					<decimals>1</decimals>
				</li>
							
				<li Class="XmlExtensions.Setting.Gap"/>

				<li Class="XmlExtensions.Setting.Text">
					<text>Nurse Redheart Settings</text>
					<font>Medium</font>
					<anchor>Left</anchor>
				</li>
				
				<li Class="XmlExtensions.Setting.Checkbox">
					<key>MLRP_NurseRedheartSpawnGlitterworldMedicine</key>
					<label>Spawn glitterworld medicine</label>
				</li>
				
				<li Class="XmlExtensions.Setting.Text" MayRequire="geodesicdragon.rimpony.medieval">
					<text>IMPORTANT: This setting will be ignored because you are using the Medieval Overhaul patches.</text>
					<font>Small</font>
					<anchor>Left</anchor>
				</li>
				
				<li Class="XmlExtensions.Setting.Slider">
					<key>MLRP_NurseRedheartMedicineSpawnAmount</key>
					<defaultValue>5</defaultValue>
					<min>1</min>
					<max>30</max>
					<label>Amount of medicine to spawn: {MLRP_NurseRedheartMedicineSpawnAmount}</label>
					<decimals>0</decimals>
				</li>
				
				<li Class="XmlExtensions.Setting.Slider">
					<key>MLRP_NurseRedheartMedicineSpawnTime</key>
					<defaultValue>10</defaultValue>
					<min>1</min>
					<max>90</max>
					<label>Medicine Spawn Time (days): {MLRP_NurseRedheartMedicineSpawnTime}</label>
					<decimals>0</decimals>
				</li>
				
				<li Class="XmlExtensions.Setting.Gap"/>

				<li Class="XmlExtensions.Setting.Text">
					<text>Aggro Turret Settings</text>
					<font>Medium</font>
					<anchor>Left</anchor>
				</li>
							
				<li Class="XmlExtensions.Setting.Slider">
					<key>MLRP_ZephyrBreezeHealth</key>
					<defaultValue>1000</defaultValue>
					<min>100</min>
					<max>3000</max>
					<label>Health: {MLRP_ZephyrBreezeHealth}</label>
					<decimals>0</decimals>
				</li>
				
				
				<li Class="XmlExtensions.Setting.Gap"/>
				
				<li Class="XmlExtensions.Setting.Text">
					<text>Super Speedy Cider Squeezy 6000 Settings</text>
					<font>Medium</font>
					<anchor>Left</anchor>
				</li>
								
				<li Class="XmlExtensions.Setting.Slider">
					<key>MLRP_SSCS6KBeerSpawnAmount</key>
					<defaultValue>30</defaultValue>
					<min>1</min>
					<max>100</max>
					<label>Amount of beer to spawn: {MLRP_SSCS6KBeerSpawnAmount}</label>
					<decimals>0</decimals>
				</li>
				
				<li Class="XmlExtensions.Setting.Slider">
					<key>MLRP_SSCS6KBeerSpawnTime</key>
					<defaultValue>30</defaultValue>
					<min>1</min>
					<max>90</max>
					<label>Beer Spawn Time (days): {MLRP_SSCS6KBeerSpawnTime}</label>
					<decimals>0</decimals>
				</li>

				<li Class="XmlExtensions.Setting.Gap"/>
				
				<li Class="XmlExtensions.Setting.Text">
					<text>Daybreaker Statue Settings</text>
					<font>Medium</font>
					<anchor>Left</anchor>
				</li>
				
				<li Class="XmlExtensions.Setting.Slider">
					<key>MLRP_DaybreakerChemfuel</key>
					<defaultValue>50</defaultValue>
					<min>2</min>
					<max>150</max>
					<label>Amount of chemfuel required: {MLRP_DaybreakerChemfuel}</label>
					<decimals>0</decimals>
				</li>
				
				<li Class="XmlExtensions.Setting.Text">
					<text>This amount will be halved, doubled, tripled or quintupled where necessary.</text>
					<font>Small</font>
					<anchor>Left</anchor>
				</li>
				
				<li Class="XmlExtensions.Setting.Text" MayRequire="Ryflamer.Rimcraft.Metals">
					<text>[Ry]Rimcraft Metals: Recipes to bulk create bars from ore will use triple this amount.</text>
					<font>Small</font>
					<anchor>Left</anchor>
				</li>
				
				<li Class="XmlExtensions.Setting.Text" MayRequire="DankPyon.Medieval.Overhaul">
					<text>Medieval Overhaul: These values do not apply to coal usage.</text>
					<font>Small</font>
					<anchor>Left</anchor>
				</li>
				
				<li Class="XmlExtensions.Setting.Gap"/>
				
				<li Class="XmlExtensions.Setting.Text">
					<text>Derpy Hooves Settings</text>
					<font>Medium</font>
					<anchor>Left</anchor>
				</li>
				
				<li Class="XmlExtensions.Setting.Slider">
					<key>MLRP_DerpyHoovesMassCapacity</key>
					<defaultValue>300</defaultValue>
					<min>300</min>
					<max>1200</max>
					<label>Mass Capacity: {MLRP_DerpyHoovesMassCapacity}</label>
					<decimals>0</decimals>
				</li>
				
				<li Class="XmlExtensions.Setting.Text">
					<text>This will also determine how much stuff is required to build one.</text>
					<font>Small</font>
					<anchor>Left</anchor>
				</li>
				
				<li Class="XmlExtensions.Setting.Gap" MayRequire="Ludeon.RimWorld.Royalty"/>
				
				<li Class="XmlExtensions.Setting.Text" MayRequire="Ludeon.RimWorld.Royalty">
					<text>Royalty DLC Settings</text>
					<font>Medium</font>
					<anchor>Left</anchor>
				</li>
				
				<li Class="XmlExtensions.Setting.Checkbox" MayRequire="Ludeon.RimWorld.Ideology">
					<key>MLRP_TurnAnimaTreeIntoTreeOfHarmony</key>
					<label>Turn the anima tree into the Tree of Harmony</label>
				</li>
				
				<li Class="XmlExtensions.Setting.Gap" MayRequire="Ludeon.RimWorld.Ideology"/>
				
				<li Class="XmlExtensions.Setting.Text" MayRequire="Ludeon.RimWorld.Ideology">
					<text>Ideology DLC Settings</text>
					<font>Medium</font>
					<anchor>Left</anchor>
				</li>
				
				<li Class="XmlExtensions.Setting.Checkbox" MayRequire="Ludeon.RimWorld.Ideology">
					<key>MLRP_HarmonyPreceptProvidesIncreasedBonuses</key>
					<label>Harmony precept provides increased bonuses</label>
				</li>
				
				<li Class="XmlExtensions.Setting.Gap" MayRequire="Ludeon.RimWorld.Biotech"/>
				
				<li Class="XmlExtensions.Setting.Text" MayRequire="Ludeon.RimWorld.Biotech">
					<text>Biotech DLC Settings</text>
					<font>Medium</font>
					<anchor>Left</anchor>
				</li>
				
				<li Class="XmlExtensions.Setting.Checkbox" MayRequire="Ludeon.RimWorld.Biotech">
					<key>MLRP_RainbowDashChildPlushUsesAdultStats</key>
					<label>Child-equippable Rainbow Dash plushie has the same bonuses as the adult version</label>
				</li>
				
				<li Class="XmlExtensions.Setting.Checkbox" MayRequire="Ludeon.RimWorld.Biotech">
					<key>MLRP_SweetieBotMechanoidsAppearInMechClusters</key>
					<label>Sweetie Bot mechanoids appear in mechanoid clusters</label>
				</li>
				
				<li Class="XmlExtensions.Setting.Checkbox" MayRequire="Ludeon.RimWorld.Biotech">
					<key>MLRP_SweetieBotMechanoidsAreQuiet</key>
					<label>Mute Sweetie Bot mechanoid call sound</label>
				</li>
				
				<li Class="XmlExtensions.Setting.Gap" MayRequire="Ludeon.RimWorld.Anomaly"/>
				
				<li Class="XmlExtensions.Setting.Text" MayRequire="Ludeon.RimWorld.Anomaly">
					<text>Anomaly DLC Settings</text>
					<font>Medium</font>
					<anchor>Left</anchor>
				</li>
				
				<li Class="XmlExtensions.Setting.Slider" MayRequire="Ludeon.RimWorld.Anomaly">
					<key>MLRP_ThingponeStuffRequired</key>
					<defaultValue>250</defaultValue>
					<min>100</min>
					<max>750</max>
					<label>Building Thingpone requires {MLRP_ThingponeStuffRequired} stuff</label>
					<decimals>0</decimals>
				</li>
				
				<li Class="XmlExtensions.Setting.Gap" MayRequire="Ludeon.RimWorld.Odyssey"/>
				
				<li Class="XmlExtensions.Setting.Text" MayRequire="Ludeon.RimWorld.Odyssey">
					<text>Odyssey DLC Settings</text>
					<font>Medium</font>
					<anchor>Left</anchor>
				</li>
										
				<li Class="XmlExtensions.Setting.Gap" MayRequire="sumghai.medpod"/>
				
				<li Class="XmlExtensions.Setting.Text" MayRequire="sumghai.medpod">
					<text>Mod Settings: MedPod</text>
					<font>Medium</font>
					<anchor>Left</anchor>
				</li>
				
				<li Class="XmlExtensions.Setting.Checkbox" MayRequire="sumghai.medpod">
					<key>MLRP_MedPodsDoNotCureCutiePox</key>
					<label>Prevent MedPods from curing the Cutie Pox</label>
				</li>
				
				<li Class="XmlExtensions.Setting.Gap">
					<spacing>8</spacing>
				</li>
										
				<li Class="XmlExtensions.Setting.GapLine"/>
				
				<li Class="XmlExtensions.Setting.ResetSettings"/>
				
				<li Class="XmlExtensions.Setting.Gap">
					<spacing>8</spacing>
				</li>
				
				<li Class="XmlExtensions.Setting.ApplyActions">
					<label>Restart Game</label>
					<actions>
						<li Class="XmlExtensions.Action.RestartGame"/>
					</actions>
				</li>
			</settings>
		</li>
	</operations>
</Operation>

</Patch>