<Defs>

<ThingDef ParentName="BasePawn" Name="MLRP_SweetieBot_MechanoidBase" Abstract="True">
    <soundImpactDefault>BulletImpact_Metal</soundImpactDefault>
    <receivesSignals>true</receivesSignals>
    <tradeability>None</tradeability>
    <race>
      <fleshType>Mechanoid</fleshType>
      <needsRest>false</needsRest>
      <hasGenders>false</hasGenders>
      <foodType>None</foodType>
      <lifeExpectancy>2500</lifeExpectancy>
      <bloodDef>Filth_MachineBits</bloodDef>
      <soundCallIntervalRange>1000~2000</soundCallIntervalRange>
      <soundCallIntervalFriendlyFactor>5</soundCallIntervalFriendlyFactor>
      <thinkTreeConstant>MechConstant</thinkTreeConstant>
    </race>
    <comps>
      <li Class="CompProperties_CanBeDormant" />
      <li Class="CompProperties_WakeUpDormant">
        <wakeUpOnDamage>true</wakeUpOnDamage>
        <wakeUpCheckRadius>30</wakeUpCheckRadius>
        <wakeUpSound>MechanoidsWakeUp</wakeUpSound>
      </li>
      <li Class="CompProperties_OverseerSubject">
        <needsOverseerEffect>MechUncontrolled</needsOverseerEffect>
        <delayUntilFeralCheck>60000</delayUntilFeralCheck>
        <feralMtbDays>10</feralMtbDays>
        <feralCascadeRadialDistance>25</feralCascadeRadialDistance>
      </li>
      <li Class="CompProperties_MechRepairable" />
    </comps>
  </ThingDef>
  
  <PawnKindDef Name="MLRP_SweetieBot_PawnKindBase" Abstract="True"> <!--Name="BaseMechanoidKind"-->
    <defaultFactionType>Mechanoid</defaultFactionType>
    <aiAvoidCover>true</aiAvoidCover>
    <destroyGearOnDrop>true</destroyGearOnDrop>
    <canStrip>false</canStrip>
    <minGenerationAge>100</minGenerationAge>
    <forceNormalGearQuality>true</forceNormalGearQuality>
  </PawnKindDef>

</Defs>