<?xml version="1.0" encoding="utf-8" ?>
<Defs>

	<LifeStageDef>
		<defName>SweetieBotMechanoidFullyFormed</defName>
		<label>fully-formed</label>
		<caravanRideable>true</caravanRideable>
		<visible>false</visible>
	</LifeStageDef>

    <!-- Sweetie Bot Mech -->  
    <ThingDef ParentName="MLRP_SweetieBot_MechanoidBase">
		<defName>MLRP_SweetieBotMech</defName>
		<label>Sweetie Bot</label>
		<description>The pinnacle of Equestrian technology, this mechanoid version of Sweetie Bot is just as effective at neutralising enemies as her turret counterpart. She can move very fast, but is vulnerable to blunt attacks and friendly fire.\n\nMany mechanitors use her for hit and run attacks, flanking the enemy from the sides and rear.\n\nShe can also be used as a mount when part of a caravan; rumours that she plots the demise of anyone who does so are completely unfounded.</description>
		<statBases>
			<MoveSpeed>8</MoveSpeed>
			<BandwidthCost>2</BandwidthCost>
			<ArmorRating_Blunt>0.1</ArmorRating_Blunt>
			<ArmorRating_Sharp>0.8</ArmorRating_Sharp>
			<ArmorRating_Heat>2.00</ArmorRating_Heat>
			<CaravanRidingSpeedFactor>1.6</CaravanRidingSpeedFactor>
			<PsychicSensitivity>0.5</PsychicSensitivity>
			<ToxicResistance>1</ToxicResistance>
			<Flammability>0</Flammability>
			<ComfyTemperatureMin>-100</ComfyTemperatureMin>
			<ComfyTemperatureMax>250</ComfyTemperatureMax>
			<MeatAmount>0</MeatAmount>
			<ControlTakingTime>3</ControlTakingTime>
			<ToxicEnvironmentResistance>1</ToxicEnvironmentResistance>
			<MechEnergyLossPerHP>0.33</MechEnergyLossPerHP>
			<WastepacksPerRecharge>5</WastepacksPerRecharge>
			<WorkSpeedGlobal>0.5</WorkSpeedGlobal>
		</statBases>
		<race>
			<body>MLRP_SweetieBotMech</body>
			<intelligence>ToolUser</intelligence>
			<thinkTreeMain>Mechanoid</thinkTreeMain>
			<mechWeightClass>Medium</mechWeightClass>
			<nameGenerator>NamerBronyFemale</nameGenerator>
			<baseBodySize>1</baseBodySize>
			<soundMeleeHitPawn>Pawn_Melee_Punch_HitPawn</soundMeleeHitPawn>
			<soundMeleeHitBuilding>Pawn_Melee_Punch_HitBuilding</soundMeleeHitBuilding>
			<soundMeleeMiss>Pawn_Melee_Punch_Miss</soundMeleeMiss>
			<lifeStageAges>
				<li>
					<def>SweetieBotMechanoidFullyFormed</def>
					<minAge>0</minAge>
					<soundWounded>SweetieBotMech_Wounded</soundWounded>
					<soundDeath>SweetieBotMech_Death</soundDeath>
					<soundCall>SweetieBotMech_Call</soundCall>
				</li>
				<li>
					<def>SweetieBotMechanoidFullyFormed</def>
					<minAge>100</minAge>
					<soundWounded>SweetieBotMech_Wounded</soundWounded>
					<soundDeath>SweetieBotMech_Death</soundDeath>
					<soundCall>SweetieBotMech_Call</soundCall>
				</li>
			</lifeStageAges>
			<baseHealthScale>1</baseHealthScale>
		</race>
		<butcherProducts>
			<Steel>30</Steel>
			<Plasteel>10</Plasteel>
		</butcherProducts>
		<tools>
		  <li>
			<label>front left hoof</label>
			<capacities>
			  <li>Blunt</li>
			</capacities>
			<power>9</power>
			<cooldownTime>2</cooldownTime>
			<linkedBodyPartsGroup>FrontLeftLeg</linkedBodyPartsGroup>
			<alwaysTreatAsWeapon>true</alwaysTreatAsWeapon>
		  </li>
		  <li>
			<label>front right hoof</label>
			<capacities>
			  <li>Blunt</li>
			</capacities>
			<power>9</power>
			<cooldownTime>2</cooldownTime>
			<linkedBodyPartsGroup>FrontRightLeg</linkedBodyPartsGroup>
			<alwaysTreatAsWeapon>true</alwaysTreatAsWeapon>
		  </li>
		  <li>
			<label>horn</label>
			<capacities>
			  <li>Poke</li>
			  <li>Stab</li>
			</capacities>
			<power>9</power>
			<cooldownTime>2</cooldownTime>
			<linkedBodyPartsGroup>HeadAttackTool</linkedBodyPartsGroup>
			<ensureLinkedBodyPartsGroupAlwaysUsable>true</ensureLinkedBodyPartsGroupAlwaysUsable>
			<chanceFactor>0.2</chanceFactor>
		  </li>
		</tools>
	</ThingDef>
    
    <PawnKindDef ParentName="MLRP_SweetieBot_PawnKindBase">
      <defName>MLRP_SweetieBotMech</defName>
      <label>Sweetie Bot</label>
      <race>MLRP_SweetieBotMech</race>
	  <allowInMechClusters>true</allowInMechClusters>
      <lifeStages>
        <li>
          <bodyGraphicData>
            <texPath>Things/Pawn/Mechanoid/SweetieBot</texPath>
            <maskPath>Things/Pawn/Mechanoid/AllegianceOverlays/SweetieBot</maskPath>
            <shaderType>CutoutWithOverlay</shaderType>
            <graphicClass>Graphic_Multi</graphicClass>
            <drawSize>1</drawSize>
          </bodyGraphicData>
        </li>
        <li>
          <bodyGraphicData>
            <texPath>Things/Pawn/Mechanoid/SweetieBot</texPath>
            <maskPath>Things/Pawn/Mechanoid/AllegianceOverlays/SweetieBot</maskPath>
            <shaderType>CutoutWithOverlay</shaderType>
            <graphicClass>Graphic_Multi</graphicClass>
            <drawSize>1</drawSize>
          </bodyGraphicData>
        </li>
      </lifeStages>   
		<weaponMoney>9999~9999</weaponMoney>	  
      <weaponTags>
        <li>RainbowLaser_Mech</li>
      </weaponTags>
		<combatPower>150</combatPower>
    <techHediffsChance>1</techHediffsChance>
    <techHediffsMoney>9999~9999</techHediffsMoney>
    </PawnKindDef>
	
  <RecipeDef ParentName="MediumMechanoidRecipe">
    <defName>MLRP_GestateSweetieBot</defName>
    <label>gestate Sweetie Bot</label>
    <description>Gestate a Sweetie Bot mechanoid.</description>
    <descriptionHyperlinks>
      <ThingDef>MLRP_SweetieBotMech</ThingDef>
    </descriptionHyperlinks>
    <researchPrerequisite>MLRP_SweetieBotMechResearch</researchPrerequisite>
    <ingredients Inherit="False">
      <li>
        <filter>
          <thingDefs>
            <li>Steel</li>
          </thingDefs>
        </filter>
        <count>200</count>
      </li>
	  <li>
        <filter>
          <thingDefs>
            <li>Plasteel</li>
          </thingDefs>
        </filter>
        <count>75</count>
      </li>
      <li>
        <filter>
          <thingDefs>
            <li>SubcoreRegular</li>
          </thingDefs>
        </filter>
        <count>1</count>
      </li>
	  <li>
        <filter>
          <thingDefs>
            <li>ComponentIndustrial</li>
          </thingDefs>
        </filter>
        <count>5</count>
      </li>
    </ingredients>
	<gestationCycles>1</gestationCycles>
    <products>
      <MLRP_SweetieBotMech>1</MLRP_SweetieBotMech>
    </products>
  </RecipeDef>
	
</Defs>