<Patch>
	<Operation Class="PatchOperationAdd">
		<xpath>/Defs/TraderKindDef[defName="MLRP_NPCFaction_ExoticGoodsTrader"]/stockGenerators</xpath>
		<value>
			<li Class="StockGenerator_Techprints">
				<countChances>
					<li>
						<count>3</count>
						<chance>1</chance>
					</li>
				</countChances>
			</li>
			
			<li Class="StockGenerator_Tag">
				<tradeTag>TechHediff</tradeTag>
				<thingDefCountRange>3</thingDefCountRange>
				<countRange>1</countRange>
			</li>
			
			<li Class="StockGenerator_BuyTradeTag"><tag>ImplantEmpireCommon</tag></li>
			<li Class="StockGenerator_BuyTradeTag"><tag>ImplantEmpireRoyal</tag></li>
		</value>
	</Operation>
</Patch>