<Patch>

<!--<Operation Class="PatchOperationAdd">
	<xpath>/Defs/RecipeDef[defName="MLRP_RecycleEOH"]/fixedIngredientFilter/disallowedThingDefs</xpath>
	<value>
		<li>PonyPlush_AloeAndLotus</li>
		<li>PonyPlush_Trixie</li>
	</value>
</Operation>

<Operation Class="PatchOperationAdd">
	<xpath>/Defs/RecipeDef[defName="MLRP_RecycleCMC"]/fixedIngredientFilter/disallowedThingDefs</xpath>
	<value>
		<li>PonyPlush_AloeAndLotus</li>
		<li>PonyPlush_Trixie</li>
	</value>
</Operation>-->

</Patch>