<?xml version="1.0" encoding="utf-8" ?>
<Defs>

<!--BASES-->

<ThingDef Name="BaseProjectileCadence" Abstract="True">
    <category>Projectile</category>
    <tickerType>Normal</tickerType>
    <altitudeLayer>Projectile</altitudeLayer>
    <thingClass>Bullet</thingClass>
    <label>Cadence</label>
    <useHitPoints>False</useHitPoints>
    <neverMultiSelect>True</neverMultiSelect>
    <graphicData>
      <shaderType>Transparent</shaderType>
    </graphicData>
	<projectile>
		<damageDef>RangedStab</damageDef>
		<speed>26</speed>
		<armorPenetrationBase>0.10</armorPenetrationBase>
	</projectile>
  </ThingDef>

<ThingDef ParentName="MLRP_MakeableWeapon">
    <defName>MLRP_WifeThrower</defName>
    <label>wife thrower</label>
    <description>This weapon is similar to a pila, but it can be thrown twice as fast, and is more accurate at longer ranges.\n\nDespite what many people may think about the design, they can all agree on one thing: that you really haven't lived until you've killed someone with a pretty pink pony princess.</description>
    <graphicData>
      <texPath>Things/Weapons/ShiningArmourThrowing</texPath>
      <graphicClass>Graphic_Single</graphicClass>
    </graphicData>
    <soundInteract>Interact_BeatFire</soundInteract>
    <costList>
      <WoodLog>70</WoodLog>
    </costList>
	<relicChance>0</relicChance>
    <statBases>
      <WorkToMake>3600</WorkToMake>
      <Mass>1</Mass>
      <AccuracyTouch>0.4</AccuracyTouch>
      <AccuracyShort>0.5</AccuracyShort>
      <AccuracyMedium>0.6</AccuracyMedium>
      <AccuracyLong>0.70</AccuracyLong>
      <RangedWeapon_Cooldown>2</RangedWeapon_Cooldown>
    </statBases>
    <weaponTags>
      <li>WifeThrower</li>
    </weaponTags>
    <recipeMaker>
      <skillRequirements>
        <Crafting>3</Crafting>
      </skillRequirements>
	  <recipeUsers>
		<li>CraftingSpot</li>
		<li>PlushieBench</li>
		</recipeUsers>
    </recipeMaker>
    <verbs>
      <li>
        <verbClass>Verb_Shoot</verbClass>
        <hasStandardCommand>true</hasStandardCommand>
        <defaultProjectile>LovePrincess</defaultProjectile>
        <warmupTime>2</warmupTime>
        <range>20</range>
        <soundCast>Interact_BeatFire</soundCast>
        <rangedFireRulepack>Combat_RangedFire_Thrown</rangedFireRulepack>
      </li>
    </verbs>
    <tools>
      <li>
        <label>body</label>
        <capacities>
          <li>Blunt</li>
        </capacities>
        <power>9</power>
         <cooldownTime>2</cooldownTime>
      </li>
      <li>
        <label>horn</label>
        <capacities>
          <li>Stab</li>
        </capacities>
        <power>9</power>
         <cooldownTime>2</cooldownTime>
      </li>
    </tools>
  </ThingDef>
  
  <ThingDef ParentName="BaseProjectileCadence">
    <defName>LovePrincess</defName>
    <label>Cadence</label>
    <graphicData>
      <texPath>Things/PonyPlush/PrincessCadence</texPath>
      <graphicClass>Graphic_Single</graphicClass>
    </graphicData>
    <projectile>
      <damageAmountBase>25</damageAmountBase>
      <stoppingPower>2.5</stoppingPower>
    </projectile>
  </ThingDef>
  
</Defs>