<Defs>

  <ThingDef Abstract="True" Name="MLRP_WeaponBase">
    <thingClass>ThingWithComps</thingClass>
    <category>Item</category>
    <drawerType>MapMeshOnly</drawerType>
    <drawGUIOverlay>true</drawGUIOverlay>
    <altitudeLayer>Item</altitudeLayer>
    <alwaysHaulable>true</alwaysHaulable>
    <tickerType>Never</tickerType>
    <equipmentType>Primary</equipmentType>
    <useHitPoints>true</useHitPoints>
    <pathCost>14</pathCost>
    <selectable>true</selectable>
    <statBases>
      <MaxHitPoints>100</MaxHitPoints>
      <Flammability>1.0</Flammability>
      <DeteriorationRate>2</DeteriorationRate>
      <Beauty>-3</Beauty>
      <SellPriceFactor>0.20</SellPriceFactor>
    </statBases>
    <comps>
      <li Class="CompProperties_Forbiddable"/>      
      <li>
        <compClass>CompEquippable</compClass>
      </li>
      <li Class="CompProperties_Styleable"></li>
    </comps>
    <graphicData>
      <onGroundRandomRotateAngle>35</onGroundRandomRotateAngle>
    </graphicData>
    <allowedArchonexusCount>1</allowedArchonexusCount>
  </ThingDef>
  
<ThingDef Name="MLRP_BaseGun" Abstract="True" ParentName="MLRP_WeaponBase">
    <techLevel>Industrial</techLevel>
    <smeltable>true</smeltable>
    <relicChance>1</relicChance>
    <thingCategories>
      <li>WeaponsRanged</li>
    </thingCategories>
    <weaponClasses>
      <li>Ranged</li>
    </weaponClasses>
    <inspectorTabs>
      <li>ITab_Art</li>
    </inspectorTabs>
    <statBases>
      <Flammability>0.5</Flammability>
    </statBases>
    <comps>
      <li Class="CompProperties_Art">
        <nameMaker>NamerArtWeaponGun</nameMaker>
        <descriptionMaker>ArtDescription_WeaponGun</descriptionMaker>
        <minQualityForArtistic>Excellent</minQualityForArtistic>
      </li>      
    </comps>
  </ThingDef>

  <ThingDef Name="MLRP_BaseGunWithQuality" Abstract="True" ParentName="MLRP_BaseGun">
    <comps>
      <li>
        <compClass>CompQuality</compClass>
      </li>
    </comps>
  </ThingDef>

  <ThingDef Name="MLRP_BaseMakeableGun" ParentName="MLRP_BaseGunWithQuality" Abstract="True">
    <recipeMaker>
      <workSpeedStat>GeneralLaborSpeed</workSpeedStat>
      <workSkill>Crafting</workSkill>
      <effectWorking>Smith</effectWorking>
      <soundWorking>Recipe_Smith</soundWorking>
      <recipeUsers>
        <li>PlushieBench</li>
      </recipeUsers>
      <unfinishedThingDef>UnfinishedGun</unfinishedThingDef>
    </recipeMaker>
  </ThingDef>

  <ThingDef Name="MLRP_MakeableWeapon" ParentName="MLRP_BaseMakeableGun" Abstract="True">
    <weaponTags>
      <li>Gun</li>
    </weaponTags>
  </ThingDef>
  
	<ThingDef Name="MLRP_EOHWeapon" ParentName="MLRP_BaseMakeableGun" Abstract="True">
		<researchPrerequisite>MLRP_WeaponisedElementsResearch</researchPrerequisite>
	</ThingDef>
  
</Defs>