<?xml version="1.0" encoding="utf-8" ?>
<Defs>

<ThingDef ParentName="OrbitalUtilityBase">
    <defName>MLRP_OFC_Weapon</defName>
    <label>Orbital friendship cannon</label>
    <description>Defeat your enemies with the power of friendship, by which I mean 'high-explosive ordinance.'</description>
    <graphicData>
      <texPath>Things/EquestrianFlag</texPath>
      <drawSize>(0.5,0.5)</drawSize>
    </graphicData>
	<tradeability>Buyable</tradeability>
    <apparel>
      <wornGraphicPath>Things/PonyPlush/PlushEquipped</wornGraphicPath>
      <wornGraphicData>
        <renderUtilityAsPack>true</renderUtilityAsPack>
      </wornGraphicData>
    </apparel>
    <thingSetMakerTags><li>RewardStandardHighFreq</li></thingSetMakerTags>
    <verbs>
      <li>
        <verbClass>Verb_Bombardment</verbClass>
        <hasStandardCommand>true</hasStandardCommand>
        <warmupTime>6.6</warmupTime>
        <ai_AvoidFriendlyFireRadius>23</ai_AvoidFriendlyFireRadius>
        <ai_IsBuildingDestroyer>true</ai_IsBuildingDestroyer>
        <range>44.9</range>
        <burstShotCount>1</burstShotCount>
        <soundAiming>MLRP_OFC_Aim</soundAiming>
        <soundCast>MLRP_OFC_Fire</soundCast>
        <onlyManualCast>true</onlyManualCast>
        <targetParams>
          <canTargetLocations>true</canTargetLocations>
        </targetParams>
      </li>
    </verbs>
    <comps>
      <li Class="CompProperties_ApparelReloadable">
        <maxCharges>1</maxCharges>
        <ammoDef>Gold</ammoDef>
        <ammoCountToRefill>100</ammoCountToRefill>
        <baseReloadTicks>60</baseReloadTicks>
        <soundReload>Standard_Reload</soundReload>
        <chargeNoun>friendship charge</chargeNoun>
        <displayGizmoWhileUndrafted>false</displayGizmoWhileUndrafted>
      </li>
    </comps>
  </ThingDef>

  
</Defs>