<Defs>

<!--BASES-->

<ThingDef Name="BaseProjectileHarmony" Abstract="True">
    <category>Projectile</category>
    <tickerType>Normal</tickerType>
    <altitudeLayer>Projectile</altitudeLayer>
    <thingClass>Bullet</thingClass>
    <label>rainbow</label>
    <useHitPoints>False</useHitPoints>
    <neverMultiSelect>True</neverMultiSelect>
    <graphicData>
      <shaderType>Transparent</shaderType>
    </graphicData>
	<projectile>
		<damageDef>Bullet</damageDef>
		<speed>30</speed>
      <armorPenetrationBase>0.8</armorPenetrationBase>
	</projectile>
  </ThingDef>
  
<!--PROJECTILE-->

<ThingDef ParentName="BaseProjectileHarmony">
	<defName>Projectile_HarmonyRainbow</defName>
	<label>harmony laser</label>
	<graphicData>
		<texPath>Things/Projectiles/RainbowLaser</texPath>
		<graphicClass>Graphic_Single</graphicClass>
		<drawSize>1</drawSize>
	</graphicData>
	<projectile>
		<damageAmountBase>25</damageAmountBase>
		<stoppingPower>1.5</stoppingPower>
	</projectile>
</ThingDef>
  
<!--WEAPON-->

    <ThingDef ParentName="MLRP_MakeableWeapon" Name="MLRP_RainbowLaserWeapon">
    <defName>MLRP_ElementsOfHarmonyWeaponised</defName>
    <label>Rainbow laser</label>
    <description>This version of the Elements of Harmony tends to put more emphasis on the 'harm' part.</description>
	<descriptionHyperlinks>
		<ThingDef>MLRP_ElementsOfHarmony</ThingDef>
	</descriptionHyperlinks>
    <graphicData>
      <texPath>Things/Weapons/RainbowLaser</texPath>
      <graphicClass>Graphic_Single</graphicClass>
	  <drawSize>(1,1)</drawSize>
    </graphicData>
    <uiIconScale>1</uiIconScale>
    <soundInteract>Interact_Rifle</soundInteract>
    <thingSetMakerTags><li>RewardStandardQualitySuper</li></thingSetMakerTags>
	<relicChance>0</relicChance>
    <statBases>
	  <MarketValue>1500</MarketValue>
      <WorkToMake>18000</WorkToMake>
      <Mass>2</Mass>
      <AccuracyTouch>0.3</AccuracyTouch>
      <AccuracyShort>0.4</AccuracyShort>
      <AccuracyMedium>0.7</AccuracyMedium>
      <AccuracyLong>0.8</AccuracyLong>
      <RangedWeapon_Cooldown>2</RangedWeapon_Cooldown>
    </statBases>
    <weaponTags>
      <li>Rainbow_Laser</li>
    </weaponTags>
    <costList>
      <Plasteel>100</Plasteel>
	  <Gold>5</Gold>
	  <MLRP_ElementsOfHarmony>1</MLRP_ElementsOfHarmony>
    </costList>
    <recipeMaker>
      <skillRequirements>
        <Crafting>10</Crafting>
      </skillRequirements>
	  <researchPrerequisite>MLRP_WeaponisedElementsResearch</researchPrerequisite>
    </recipeMaker>	
    <verbs>
      <li>
        <verbClass>Verb_Shoot</verbClass>
        <hasStandardCommand>true</hasStandardCommand>
        <defaultProjectile>Projectile_HarmonyRainbow</defaultProjectile>
        <warmupTime>2</warmupTime>
        <range>30</range>
		<burstShotCount>3</burstShotCount>
        <soundCast>MLRP_EOH_Fire</soundCast>
        <soundCastTail>GunTail_Light</soundCastTail>
        <muzzleFlashScale>0</muzzleFlashScale>
      </li>
    </verbs>
    <tools>
      <li>
        <label>barrel</label>
        <capacities>
          <li>Poke</li>
        </capacities>
        <power>2</power>
        <cooldownTime>1.5</cooldownTime>
      </li>
      <li>
        <label>butt</label>
        <capacities>
          <li>Blunt</li>
        </capacities>
        <power>3</power>
        <cooldownTime>1.5</cooldownTime>
      </li>
    </tools>
  </ThingDef>
  
 </Defs>