<Defs>

	<HediffDef>
		<defName>MLRP_PonyPlushEquipped</defName>
		<label>pony plushie</label>
		<description>Holding the plushie makes pain a little more bearable.</description>
		<hediffClass>HediffWithComps</hediffClass>
        <initialSeverity>1</initialSeverity>
        <maxSeverity>1</maxSeverity>
		<stages>
            <li>
                <minSeverity>1</minSeverity>
				<painOffset>-0.05</painOffset>
            </li>
		</stages>
		<comps>
			<li Class="HediffCompProperties_RemoveIfApparelDropped" />
		</comps>
	<isBad>false</isBad>
  </HediffDef>
  
</Defs>