<Defs>

<HediffDef ParentName="InfectionBase">
	<defName>MLRP_CutiePox</defName>
	<label>Cutie Pox</label>
	<description>An infection of Equestrian origin which improves a person's skills, but causes pain and requires a lot of time and medicine to treat.\n\nPawns who smoke poison joke have a chance of being afflicted with the disease.\n\nIt can be cured with a lot of medicine, or by eating a Heart's Desire flower.</description>
	<descriptionHyperlinks>
		<ThingDef>MLRP_HeartsDesire</ThingDef>
	</descriptionHyperlinks>
	<hediffClass>HediffWithComps</hediffClass>
	<makesSickThought>false</makesSickThought>
	<scenarioCanAdd>true</scenarioCanAdd>
	<tendable>true</tendable>
	<stages>
		<li>
			<painOffset>0.2</painOffset>
			<statOffsets>
				<PlantWorkSpeed>0.05</PlantWorkSpeed>
				<PlantHarvestYield>0.05</PlantHarvestYield>
				<TameAnimalChance>0.05</TameAnimalChance>
				<TrainAnimalChance>0.05</TrainAnimalChance>
				<AnimalGatherSpeed>0.05</AnimalGatherSpeed>
				<AnimalGatherYield>0.05</AnimalGatherYield>
				<SocialImpact>0.05</SocialImpact>
				<TradePriceImprovement>0.05</TradePriceImprovement>
				<ResearchSpeed>0.05</ResearchSpeed>
				<MedicalTendSpeed>0.05</MedicalTendSpeed>
				<MedicalTendQualityOffset>0.05</MedicalTendQualityOffset>
				<SurgerySuccessChanceFactor>0.05</SurgerySuccessChanceFactor>
				<MiningSpeed>0.05</MiningSpeed>
				<MiningYield>0.05</MiningYield>
				<CookSpeed>5</CookSpeed>
				<FoodPoisonChance>-0.05</FoodPoisonChance>
				<MeditationFocusGain MayRequire="Ludeon.RimWorld.Royalty">0.05</MeditationFocusGain>
				<PsychicEntropyRecoveryRate MayRequire="Ludeon.RimWorld.Royalty">0.02</PsychicEntropyRecoveryRate>
				<ConversionPower MayRequire="Ludeon.RimWorld.Ideology">0.05</ConversionPower>
				<SuppressionPower MayRequire="Ludeon.RimWorld.Ideology">0.05</SuppressionPower>
				<EntityStudyRate MayRequire="Ludeon.RimWorld.Anomaly">0.1</EntityStudyRate>
				<ReloadSpeed MayRequire="CETeam.CombatExtended">0.02</ReloadSpeed>
			</statOffsets>
		</li>
	</stages>
	<comps>
		<li Class="HediffCompProperties_TendDuration">
			<baseTendDurationHours>24</baseTendDurationHours>
			<disappearsAtTotalTendQuality>10</disappearsAtTotalTendQuality>
		</li>
	</comps>
</HediffDef>
  
</Defs>