<Patch>

	<Operation Class="PatchOperationFindMod">
		<mods>
			<li>MedPod</li>
		</mods>
		<match Class="PatchOperationAdd">
			<xpath>/Defs/ThingDef[@Name="MedPodBedBase"]/comps/li[@Class="MedPod.CompProperties_TreatmentRestrictions"]/alwaysTreatableHediffs</xpath>
			<value>
				<li>MLRP_PoisonJokeReducedConsciousness</li>
				<li>MLRP_PoisonJokeSlowAndSluggish</li>
				<li>MLRP_PoisonJokePoorManipulation</li>
				<li>MLRP_PoisonJokeReducedTalking</li>
				<li>MLRP_PoisonJokeReducedEating</li>
				<li>MLRP_PoisonJokeBlindness</li>
				<li>MLRP_PoisonJokeReducedHearing</li>
				<li>MLRP_PoisonJokeReducedBreathing</li>
			</value>
		</match>
	</Operation>
	
</Patch>