<Patch>

	<Operation Class="PatchOperationFindMod">
		<mods>
			<li>Dubs Bad Hygiene</li>
		</mods>
		<match Class="PatchOperationAdd">
			<xpath>Defs</xpath>
			<value>
				<AchievementsExpanded.AchievementDef>
					<defName>MLRP_DBH_Achievement_Pipp</defName>
					<label>Pipp, Pipp, Hooray!</label>
					<description>Craft a Pipp Petals plushie</description>
					<tab>MLRP_AchievementTab</tab>
					
					<tracker Class="AchievementsExpanded.ItemCraftTracker">
						<def>PonyPlush_PippPetals</def>
						<count>1</count>
					</tracker>
					
					<texPath>Achievements/PippPippHooray</texPath>
					<points>10</points>
				</AchievementsExpanded.AchievementDef>
			</value>
		</match>
	</Operation>
	
</Patch>