<Patch>

	<Operation Class="PatchOperationFindMod">
		<mods>
			<li>Odyssey</li>
		</mods>
		<match Class="PatchOperationAdd">
			<xpath>Defs</xpath>
			<value>		
				
				<AchievementsExpanded.AchievementDef>
					<defName>MLRP_Achievement_NebulaVeil</defName>
					<label>Rocket Science</label>
					<description>Build Nebula Veil's Space Shop</description>
					<tab>MLRP_DLCAchievementTab</tab>
					
					<tracker Class="AchievementsExpanded.BuildingTracker">
						<def>MLRP_NebulaVeil</def>
						<count>1</count>
					</tracker>
					
					<texPath>Achievements/RocketScience</texPath>
					<points>10</points>
				</AchievementsExpanded.AchievementDef>
				
			</value>
		</match>
	</Operation>

</Patch>