<Patch>

<Operation Class="PatchOperationFindMod">
    <mods>
        <li>Biotech</li>
    </mods>
    <match Class="PatchOperationAdd">
	    <xpath>Defs</xpath>
	    <value>
			<!--PLUSHIES-->
			
			<AchievementsExpanded.AchievementDef>
				<defName>MLRP_Achievement_ButtonMash</defName>
				<label>I Still Don't Get It</label>
				<description>Craft a Button Mash plushie</description>
				<tab>MLRP_AchievementTab</tab>
				
				<tracker Class="AchievementsExpanded.ItemCraftTracker">
					<def>PonyPlush_ButtonMash</def>
					<count>1</count>
				</tracker>
				
				<texPath>Achievements/IStillDontGetIt</texPath>
				<points>10</points>
			</AchievementsExpanded.AchievementDef>
			
			<!--Related to Biotech DLC-->
			
			<AchievementsExpanded.AchievementDef>
				<defName>MLRP_Achievement_ANewEquestria</defName>
				<label>A New Equestria</label>
				<description>Get a colonist from one of each of the pony xenotypes</description>
				<tab>MLRP_DLCAchievementTab</tab>
				
				<tracker Class="AchievementsExpanded.XenotypeDefTracker">
					<requireAll>true</requireAll>
					<xenotypeDefs>
						<li>
							<key>MLRP_Xeno_EarthPony</key>
							<value>1</value>
						</li>
						<li>
							<key>MLRP_Xeno_Unicorn</key>
							<value>1</value>
						</li>
						<li>
							<key>MLRP_Xeno_Pegasus</key>
							<value>1</value>
						</li>
						<li>
							<key>MLRP_Xeno_Alicorn</key>
							<value>1</value>
						</li>
						<li>
							<key>MLRP_Xeno_Changeling</key>
							<value>1</value>
						</li>
					</xenotypeDefs>
				</tracker>
				
				<texPath>Achievements/ANewEquestria</texPath>
				<points>50</points>
			</AchievementsExpanded.AchievementDef>
			
			<AchievementsExpanded.AchievementDef>
				<defName>MLRP_Achievement_SpayAndNeuter</defName>
				<label>Spay And Neuter</label>
				<description>Kill 100 Diamond Dogs</description>
				<tab>MLRP_DLCAchievementTab</tab>
				<tracker Class="AchievementsExpanded.KillTracker">
					<raceDef>Human</raceDef>
					<count>100</count>
					<xenotypeDef>MLRP_Xeno_DiamondDog</xenotypeDef>
				</tracker>
				
				<texPath>Achievements/SpayAndNeuter</texPath>
				<points>50</points>
			</AchievementsExpanded.AchievementDef>
			
			<AchievementsExpanded.AchievementDef>
				<defName>MLRP_Achievement_GiftOfTheGab</defName>
				<label>Gift Of The Gab</label>
				<description>Use the Shrewd Negotiator ability 10 times</description>
				<tab>MLRP_DLCAchievementTab</tab>
				
				<tracker Class="AchievementsExpanded.AbilityUseTracker">
					
					<count>10</count>
					<abilityDef>MLRP_ShrewdNegotiator</abilityDef>
					
				</tracker>
				
				<texPath>Achievements/GiftOfTheGab</texPath>
				<points>25</points>
			</AchievementsExpanded.AchievementDef>
			
			<AchievementsExpanded.AchievementDef>
				<defName>MLRP_Achievement_DogHouse</defName>
				<label>Dog House</label>
				<description>Have three colonists of the diamond dog xenotype</description>
				<tab>MLRP_DLCAchievementTab</tab>
				
				<tracker Class="AchievementsExpanded.XenotypeDefTracker">
					<requireAll>true</requireAll>
					<xenotypeDefs>
						<li>
							<key>MLRP_Xeno_DiamondDog</key>
							<value>3</value>
						</li>
					</xenotypeDefs>
				</tracker>
				
				<texPath>Achievements/DogHouse</texPath>
				<points>30</points>
			</AchievementsExpanded.AchievementDef>
		
		</value>
	</match>
</Operation>

</Patch>