<Defs>
	<ThingDef ParentName="PonyPlushChildBase">
		<thingClass>Apparel</thingClass>
		<defName>PonyPlush_PrincessLuna_Child</defName>
		<label>Princess Luna (child-sized)</label>
		<description>As Princess of the night, Luna is responsible for keeping an eye on the dreams of slumbering ponies.\n\nCarrying her makes you feel as though she is watching over your dreams as well.</description>
		<graphicData>
			<texPath>Things/PonyPlush/PrincessLuna</texPath>
		</graphicData>
		<equippedStatOffsets>
			<RestRateMultiplier>1</RestRateMultiplier>
		</equippedStatOffsets>
	</ThingDef>
</Defs>