<Defs>
	<ThingDef ParentName="PonyPlushChildBase">
		<thingClass>Apparel</thingClass>
		<defName>PonyPlush_BigMacintosh_Child</defName>
		<label>Big Macintosh (child-sized)</label>
		<description>What he lacks in words, he makes up for in strength.\n\nCarrying him makes you feel stronger.</description>
		<graphicData>
			<texPath>Things/PonyPlush/BigMacintosh</texPath>
		</graphicData>
		<equippedStatOffsets>
			<CarryingCapacity>50</CarryingCapacity>
		</equippedStatOffsets>
	</ThingDef>
</Defs>