<Defs>
	<ThingDef ParentName="PonyPlushChildBase">
		<thingClass>Apparel</thingClass>
		<defName>PonyPlush_RainbowDash_Child</defName>
		<label>Rainbow Dash (child-sized)</label>
		<description>It goes without saying that Rainbow 'Danger' Dash is the very ponification of speed.\n\nCarrying her makes you feel faster on your feet.</description>
		<graphicData>
			<texPath>Things/PonyPlush/RainbowDash</texPath>
		</graphicData>
		<equippedStatOffsets>
			<MoveSpeed>2</MoveSpeed>
		</equippedStatOffsets>
	</ThingDef>
</Defs>