<Defs>
	<ThingDef ParentName="PonyPlushChildBase">
		<thingClass>Apparel</thingClass>
		<defName>PonyPlush_ShiningArmour_Child</defName>
		<label>Shining Armour (child-sized)</label>
		<description>As Captain of the Equestrian Royal Guard, Shining Armour knows a thing or two about combat; shields in particular are his speciality.\n\nCarrying him makes you feel better protected.</description>
		<graphicData>
			<texPath>Things/PonyPlush/ShiningArmour</texPath>
		</graphicData>
		<statBases>
			<ArmorRating_Blunt>0.3</ArmorRating_Blunt>
			<ArmorRating_Sharp>0.3</ArmorRating_Sharp>
			<ArmorRating_Heat>0.3</ArmorRating_Heat>
		</statBases>
		<apparel>
			<bodyPartGroups>
				<li>Waist</li>
			</bodyPartGroups>
		</apparel>
	</ThingDef>
</Defs>