<Defs>
	<ThingDef ParentName="PonyPlushChildBase">
		<thingClass>Apparel</thingClass>
		<defName>PonyPlush_Scootaloo_Child</defName>
		<label>Scootaloo (child-sized)</label>
		<description>Scootaloo has had plenty of experience riding her scooter, but she's also had plenty of accidents.\n\nCarrying her makes you feel as though your injuries are healing faster.</description>
		<graphicData>
			<texPath>Things/PonyPlush/Scootaloo</texPath>
		</graphicData>
		<equippedStatOffsets>
			<InjuryHealingFactor>1</InjuryHealingFactor>
		</equippedStatOffsets>
	</ThingDef>
</Defs>