﻿<?xml version="1.0" encoding="utf-8" ?>
<Defs>

  <FactionDef ParentName="FactionBase">
    <defName>MLRP_NPC_Faction</defName>
    <label>brony community</label>
    <categoryTag>Outlander</categoryTag>
    <description>A colony of people who are united by their love of My Little Pony: Friendship is Magic.\n\nThey are willing to trade with just about anybody, but will not hesitate to deploy mercenaries against those who would do them harm.</description>
	<naturalEnemy>false</naturalEnemy>
    <pawnSingular>brony</pawnSingular>
    <pawnsPlural>bronies</pawnsPlural>
    <settlementGenerationWeight>1</settlementGenerationWeight>
    <requiredCountAtGameStart>0</requiredCountAtGameStart>
    <startingCountAtWorldCreation>0</startingCountAtWorldCreation>
    <maxCountAtGameStart>0</maxCountAtGameStart>
    <maxConfigurableAtWorldCreation>1</maxConfigurableAtWorldCreation>
    <configurationListOrderPriority>70</configurationListOrderPriority>
    <canSiege>true</canSiege>
    <canStageAttacks>true</canStageAttacks>
    <leaderTitle>mayor</leaderTitle>
    <leaderForceGenerateNewPawn>true</leaderForceGenerateNewPawn>
    <factionIconPath>Things/EquestrianFlag</factionIconPath>
	<playerInitialSettlementNameMaker>MLRP_BronySettlementNames</playerInitialSettlementNameMaker>
    <factionNameMaker>MLRP_BronyNames</factionNameMaker>
    <settlementNameMaker>MLRP_BronySettlementNames</settlementNameMaker>
    <allowedCultures>
		<li>Astropolitan</li>
	</allowedCultures>
    <techLevel>Industrial</techLevel>
    <backstoryFilters>
      <li>
        <categories>
          <li>Outlander</li>
          <li>Outsider</li>
          <li>Tribal</li>
        </categories>
      </li>
    </backstoryFilters>
    <apparelStuffFilter>
      <stuffCategoriesToAllow>
        <li>Metallic</li>
        <li>Fabric</li>
        <li>Leathery</li>
      </stuffCategoriesToAllow>
    </apparelStuffFilter>
    <allowedArrivalTemperatureRange>-40~45</allowedArrivalTemperatureRange>
    <settlementTexturePath>World/WorldObjects/DefaultSettlement</settlementTexturePath>
    <colorSpectrum>
      <li>(1, 1, 1)</li>
    </colorSpectrum>
    <fixedLeaderKinds>
      <li>Brony_Leader</li>
    </fixedLeaderKinds>
    <baseTraderKinds>
      <li>MLRP_BronyBaseTrader</li>
    </baseTraderKinds>
    <caravanTraderKinds>
      <li>MLRP_PlushieTrader</li>
      <li>MLRP_NPCFaction_BulkGoods</li>
	  <li>MLRP_NPCFaction_CombatSupplier</li>
	  <li>MLRP_NPCFaction_ExoticGoodsTrader</li>
	  <li>MLRP_NPCFaction_Stonemason</li>
    </caravanTraderKinds>
    <raidCommonalityFromPointsCurve>
      <points>
        <li>(0, 1)</li>
      </points>
    </raidCommonalityFromPointsCurve>
    <raidLootMaker>MLRP_BronyLoot</raidLootMaker>
    <maxPawnCostPerTotalPointsCurve>
      <points>
        <li>(500, 100)</li>
        <li>(1000, 150)</li>
        <li>(2000, 250)</li>
        <li>(3000, 10000)</li>
        <li>(5000, 15000)</li>
        <li>(7500, 20000)</li>
        <li>(10000, 30000)</li>
      </points>
    </maxPawnCostPerTotalPointsCurve>
    <pawnGroupMakers>
      <li>
        <kindDef>Trader</kindDef>
        <traders>
          <Brony_Trader>1</Brony_Trader>
        </traders>
        <carriers>
          <Muffalo>6</Muffalo>
          <Dromedary>5</Dromedary>
          <Alpaca>2</Alpaca>
          <Elephant>1</Elephant>
        </carriers>
        <guards>
          <Brony_Villager>4</Brony_Villager>
          <Brony_Mercenary>6</Brony_Mercenary>
          <Brony_Mercenary_Melee>4</Brony_Mercenary_Melee>
          <Brony_Mercenary_Elite>2</Brony_Mercenary_Elite>
          <Brony_Mercenary_Grenadier>1</Brony_Mercenary_Grenadier>
        </guards>
      </li>
      <li>
        <kindDef>Peaceful</kindDef>
        <options>
          <Brony_Villager>1</Brony_Villager>
          <Brony_Mercenary>10</Brony_Mercenary>
          <Brony_Mercenary_Melee>5</Brony_Mercenary_Melee>
          <Brony_Mercenary_Elite>2</Brony_Mercenary_Elite>
		  <Brony_Mercenary_Grenadier>1</Brony_Mercenary_Grenadier>
        </options>
      </li>
      <li>        
        <kindDef>Combat</kindDef> <!--Mostly ranged units with melee support-->
        <commonality>100</commonality>
        <options>
          <Brony_Mercenary>20</Brony_Mercenary>
          <Brony_Mercenary_Melee>5</Brony_Mercenary_Melee>
          <Brony_Mercenary_Elite>10</Brony_Mercenary_Elite>
        </options>
      </li>
      <li>        
        <kindDef>Combat</kindDef> <!--Breaching-->
        <commonality>5</commonality>
        <options>
          <Brony_Mercenary>10</Brony_Mercenary>
          <Brony_Mercenary_Melee>10</Brony_Mercenary_Melee>
          <Brony_Mercenary_Elite>5</Brony_Mercenary_Elite>
		  <Brony_Mercenary_Grenadier>10</Brony_Mercenary_Grenadier>
        </options>
      </li>
      <li>
        <kindDef>Combat</kindDef> <!--Mostly melee units for rushing enemy positions-->
        <commonality>100</commonality>
        <options>
          <Brony_Mercenary>5</Brony_Mercenary>
          <Brony_Mercenary_Melee>20</Brony_Mercenary_Melee>
          <Brony_Mercenary_Elite>5</Brony_Mercenary_Elite>
        </options>
      </li>
      <li>
        <kindDef>Combat</kindDef> <!--All Elite units for when copious amounts of ass needs to be kicked-->
        <commonality>100</commonality>
        <options>
          <Brony_Mercenary_Elite>40</Brony_Mercenary_Elite>
        </options>
      </li>
      <li>
        <kindDef>Settlement</kindDef> <!--Heavily guarded by mostly elite units-->
        <options>
          <Brony_Villager>5</Brony_Villager>
          <Brony_Mercenary>5</Brony_Mercenary>
          <Brony_Mercenary_Melee>5</Brony_Mercenary_Melee>
          <Brony_Mercenary_Elite>30</Brony_Mercenary_Elite>
		</options>
      </li>
    </pawnGroupMakers>
	<modExtensions>
		<li Class="VFECore.FactionDefExtension" MayRequire="OskarPotocki.VanillaFactionsExpanded.Core">			
			<startingGoodwillByFactionDefs>
				<MLRP_BronyFaction>100</MLRP_BronyFaction>
				<MLRP_RenegadeAlicornFaction MayRequire="Ludeon.RimWorld.Biotech">-75</MLRP_RenegadeAlicornFaction>
				<Pony_PlayerExpedition MayRequire="Pony.PoniesOfTheRim.Core">100</Pony_PlayerExpedition>
			</startingGoodwillByFactionDefs>			
		</li>
	</modExtensions>
  </FactionDef>

  <ThingSetMakerDef>
    <defName>MLRP_BronyLoot</defName>
    <root Class="ThingSetMaker_MarketValue">
      <fixedParams>
        <filter>
          <thingDefs>
            <li>Gold</li>
			<li>Cloth</li>
			<li>Steel</li>
			<li>Silver</li>
			<li>MedicineIndustrial</li>
            <li>MLRP_OFC_Weapon</li>
          </thingDefs>
		  <categories>
			<li>Pony_Plushies</li>
		  </categories>
        </filter>
      </fixedParams>
    </root>
  </ThingSetMakerDef>
</Defs>