﻿<?xml version="1.0" encoding="utf-8" ?>
<Defs>

<ScenarioDef>
    <defName>MLRP_Scenario</defName>
    <label>Brony Community</label>
    <description>Your group has been wandering these lands for a while now, and you've finally decided to settle down and build a home.\n\nYou are all from different walks of life, but you have one thing in common: you all love a show about cartoon ponies, and have taken its lessons to heart.\n\nYou'll need to work fast in order to secure your new home, though; your starting weapons are very basic and you are in posession of a lot of valuable items, thus making you tempting targets for raiders.</description>
    <scenario>
		<summary>A group of bronies attempt to carve out a new existence for themselves. Difficult.</summary>
		<playerFaction>
			<def>PlayerFaction</def>
			<factionDef>MLRP_BronyFaction</factionDef>
		</playerFaction>
		<parts>
			<!-- Config pages -->
			
			<li Class="ScenPart_ConfigPage_ConfigureStartingPawns">
				<def>ConfigPage_ConfigureStartingPawns</def>
				<pawnCount>3</pawnCount>
				<pawnChoiceCount>8</pawnChoiceCount>
			</li>

			<!-- Player starting stuff spawn method-->
			
			<li Class="ScenPart_PlayerPawnsArriveMethod">
				<def>PlayerPawnsArriveMethod</def>
				<method>Standing</method>
			</li>
			
			<!-- Player starting research -->
						
			<li Class="ScenPart_StartingResearch">
				<def>StartingResearch</def>
				<project>MLRP_ScrewballResearch</project>
			</li>
			
			<!-- Forced pawn traits -->
			
			<li Class="ScenPart_ForcedTrait">
				<def>ForcedTrait</def>
				<chance>1</chance>
				<context>PlayerStarter</context>
				<trait>MLRP_BronyTrait</trait>
			</li>

			<!-- Player starting weapons-->
			
			<li Class="ScenPart_StartingThing_Defined">
				<def>StartingThing_Defined</def>
				<thingDef>Gun_Autopistol</thingDef>
				<count>2</count>
			</li>
			
			
			<li Class="ScenPart_StartingThing_Defined">
				<def>StartingThing_Defined</def>
				<thingDef>MeleeWeapon_Knife</thingDef>
				<count>1</count>
				<stuff>Plasteel</stuff>
			</li>
			
			<!-- Player starting things-->
				
			<li Class="ScenPart_StartingThing_Defined">
				<def>StartingThing_Defined</def>
				<thingDef>Silver</thingDef>
				<count>500</count>
			</li>
			
			<li Class="ScenPart_StartingThing_Defined">
				<def>StartingThing_Defined</def>
				<thingDef>Steel</thingDef>
				<count>300</count>
			</li>
			
			<li Class="ScenPart_StartingThing_Defined">
				<def>StartingThing_Defined</def>
				<thingDef>WoodLog</thingDef>
				<count>500</count>
			</li>
			
			<li Class="ScenPart_StartingThing_Defined">
				<def>StartingThing_Defined</def>
				<thingDef>MealSurvivalPack</thingDef>
				<count>60</count>
			</li>
			
			<li Class="ScenPart_StartingThing_Defined">
				<def>StartingThing_Defined</def>
				<thingDef>MedicineIndustrial</thingDef>
				<count>30</count>
			</li>		
			
			<li Class="ScenPart_StartingThing_Defined">
				<def>StartingThing_Defined</def>
				<thingDef>ComponentIndustrial</thingDef>
				<count>15</count>
			</li>
			
			<!-- Flak helmets because I couldn't figure out how to get pawns wearing them by default -->
			
			<li Name="MLRP_CoreScenario_Helmets" Class="ScenPart_StartingThing_Defined">
				<def>StartingThing_Defined</def>
				<thingDef>Apparel_AdvancedHelmet</thingDef>
				<count>3</count>
				<stuff>Plasteel</stuff>
			</li>
			
			<!-- Starting animals-->
			
			<li Class="ScenPart_StartingAnimal">
				<def>StartingAnimal</def>
				<animalKind>Horse</animalKind>
				<count>3</count>
				<bondToRandomPlayerPawnChance>0</bondToRandomPlayerPawnChance>
			</li>
			
			<!-- Starting buildings -->
			
			<li Class="ScenPart_StartingThing_Defined">
				<def>StartingThing_Defined</def>
				<thingDef>Turret_MiniTurret</thingDef>
				<count>3</count>
				<stuff>Steel</stuff>
			</li>
			
			<li Class="ScenPart_StartingThing_Defined">
				<def>StartingThing_Defined</def>
				<thingDef>MLRP_ScrewballGenerator</thingDef>
				<count>2</count>
				<stuff>WoodLog</stuff>
			</li>
			
			<!-- Starting plushies -->
			
			<li Class="ScenPart_StartingThing_Defined">
				<def>StartingThing_Defined</def>
				<thingDef>PonyPlush_Applejack</thingDef>
				<count>1</count>
				<stuff>Cloth</stuff>
			</li>
			
			<li Class="ScenPart_StartingThing_Defined">
				<def>StartingThing_Defined</def>
				<thingDef>PonyPlush_MaudPie</thingDef>
				<count>1</count>
				<stuff>Cloth</stuff>
			</li>
			
			<li Class="ScenPart_StartingThing_Defined">
				<def>StartingThing_Defined</def>
				<thingDef>PonyPlush_TwilightSparkle</thingDef>
				<count>1</count>
				<stuff>Cloth</stuff>
			</li>

			<!-- Game start dialog -->
			
			<li Class="ScenPart_GameStartDialog">
				<def>GameStartDialog</def>
				<text>You're finally done wandering the planet, and it is time for you to build a new home where you can live in peace.\n\nIt's not going to be easy - the fact that you've got all this stuff will make you tempting targets for those with the presence of mind to consider you a viable threat - but you have belief in yourselves that you can make this work.</text>
			</li>
		</parts>
	</scenario>
</ScenarioDef>

</Defs>
