<Defs>

  <AbilityDef ParentName="WordOfBase">
    <defName>MLRP_GoodwillIncrease</defName>
    <label>improve relations</label>
    <description>Speak to the target while using psychic suggestion to improve relations between your factions, with the added effect of causing the target to wander aimlessly for a while.</description>
    <level>4</level>
    <iconPath>UI/Abilities/ImproveRelations</iconPath>
    <writeCombatLog>True</writeCombatLog>
    <hotKey>Misc3</hotKey>
    <statBases>
      <Ability_PsyfocusCost>0.75</Ability_PsyfocusCost>
    </statBases>
    <verbProperties>
      <warmupTime>0.25</warmupTime>
      <targetParams>
        <canTargetAnimals>False</canTargetAnimals>
        <canTargetSelf>False</canTargetSelf>
      </targetParams>
    </verbProperties>
    <comps>
      <li Class = "CompProperties_AbilityGiveHediff">
        <compClass>CompAbilityEffect_GiveHediff</compClass>
        <hediffDef>MLRP_GIPsycastUsed</hediffDef>
        <psychic>True</psychic>
        <goodwillImpact>10</goodwillImpact>
      </li>
    </comps>
  </AbilityDef>
  
  <HediffDef ParentName = "PsycastHediffBase">
    <defName>MLRP_GIPsycastUsed</defName>
    <label>dazed and confused</label>
    <description>This person is wandering in a state of mild confusion, a common side effect of the improve relations psycast.</description>
    <isBad>false</isBad>
    <comps>
      <li Class="HediffCompProperties_Disorientation">
        <wanderMtbHours>0.5</wanderMtbHours>
        <singleWanderDurationTicks>600</singleWanderDurationTicks>
        <wanderRadius>9</wanderRadius>
      </li>
    </comps>
  </HediffDef>
  
</Defs>