<Patch>

	<Operation Class="PatchOperationAdd">
		<xpath>/Defs/FactionDef[defName="MLRP_NPC_Faction"]</xpath>
		<value>
			<xenotypeSet>
				<xenotypeChances>
					<MLRP_Xeno_EarthPony>0.25</MLRP_Xeno_EarthPony>
					<MLRP_Xeno_Unicorn>0.25</MLRP_Xeno_Unicorn>
					<MLRP_Xeno_Pegasus>0.25</MLRP_Xeno_Pegasus>
					<MLRP_Xeno_Changeling>0.2</MLRP_Xeno_Changeling>
					<MLRP_Xeno_Alicorn>0.05</MLRP_Xeno_Alicorn>
				</xenotypeChances>
			</xenotypeSet>
		</value>
	</Operation>

</Patch>