<Defs>

	<RecipeDef Name="DaybreakerRecipes_HalfChemfuel" Abstract="True">
		<ingredients>
			<li>
				<filter>
					<thingDefs>
						<li>Chemfuel</li>
					</thingDefs>
				</filter>
				<count>25</count>
			</li>
		</ingredients>
	</RecipeDef>

	<RecipeDef Name="DaybreakerRecipes_RegularChemfuel" Abstract="True">
		<ingredients>
			<li>
				<filter>
					<thingDefs>
						<li>Chemfuel</li>
					</thingDefs>
				</filter>
				<count>50</count>
			</li>
		</ingredients>
	</RecipeDef>
	
	<RecipeDef Name="DaybreakerRecipes_DoubleChemfuel" Abstract="True">
		<ingredients>
			<li>
				<filter>
					<thingDefs>
						<li>Chemfuel</li>
					</thingDefs>
				</filter>
				<count>100</count>
			</li>
		</ingredients>
	</RecipeDef>
	
	<RecipeDef Name="DaybreakerRecipes_TripleChemfuel" Abstract="True">
		<ingredients>
			<li>
				<filter>
					<thingDefs>
						<li>Chemfuel</li>
					</thingDefs>
				</filter>
				<count>150</count>
			</li>
		</ingredients>
	</RecipeDef>
	
	<RecipeDef Name="DaybreakerRecipes_QuadrupleChemfuel" Abstract="True">
		<ingredients>
			<li>
				<filter>
					<thingDefs>
						<li>Chemfuel</li>
					</thingDefs>
				</filter>
				<count>200</count>
			</li>
		</ingredients>
	</RecipeDef>
	
	<RecipeDef Name="DaybreakerRecipes_QuintupleChemfuel" Abstract="True">
		<ingredients>
			<li>
				<filter>
					<thingDefs>
						<li>Chemfuel</li>
					</thingDefs>
				</filter>
				<count>250</count>
			</li>
		</ingredients>
	</RecipeDef>

</Defs>