<Defs>

<!--REQUEST PERSONA CORE-->

<RecipeDef>
	<defName>MLRP_NMM_AIPersonaCore</defName>
	<label>request persona core</label>
	<description>Offer silver in exchange for a persona core.</description>
	<researchPrerequisite>ShipComputerCore</researchPrerequisite>
    <jobString>Making an offering to Nightmare Moon</jobString>
    <workSpeedStat>GeneralLaborSpeed</workSpeedStat>
    <workSkill>Crafting</workSkill>
    <effectWorking>Cremate</effectWorking>
    <soundWorking>Recipe_Cremate</soundWorking>
    <allowMixingIngredients>false</allowMixingIngredients>
    <workAmount>300</workAmount>
	<recipeUsers>
		<li>MLRP_NightmareMoon</li>
	</recipeUsers>
    <ingredients>
		<li>
			<filter>
				<thingDefs>
					<li>Silver</li>
				</thingDefs>
			</filter>
			<count>500</count>
		</li>
	</ingredients>
	<products>
		<AIPersonaCore>1</AIPersonaCore>
	</products>
</RecipeDef>

<!--REQUEST HEALER MECH SERUM-->

<RecipeDef>
	<defName>MLRP_NMM_MechSerumHealer</defName>
	<label>request healer mech serum</label>
	<description>Offer silver in exchange for a healer mech serum.</description>
	<researchPrerequisite>HospitalBed</researchPrerequisite>
    <jobString>Making an offering to Nightmare Moon</jobString>
    <workSpeedStat>GeneralLaborSpeed</workSpeedStat>
    <workSkill>Crafting</workSkill>
    <effectWorking>Cremate</effectWorking>
    <soundWorking>Recipe_Cremate</soundWorking>
    <allowMixingIngredients>false</allowMixingIngredients>
    <workAmount>300</workAmount>
	<recipeUsers>
		<li>MLRP_NightmareMoon</li>
	</recipeUsers>
    <ingredients>
		<li>
			<filter>
				<thingDefs>
					<li>Silver</li>
				</thingDefs>
			</filter>
			<count>163</count>
		</li>
	</ingredients>
	<products>
		<MechSerumHealer>1</MechSerumHealer>
	</products>
</RecipeDef>

<!--REQUEST RESURRECTOR MECH SERUM-->

<RecipeDef>
	<defName>MLRP_NMM_MechSerumResurrector</defName>
	<label>request resurrector mech serum</label>
	<description>Offer silver in exchange for a resurrector mech serum.</description>
    <jobString>Making an offering to Nightmare Moon</jobString>
    <workSpeedStat>GeneralLaborSpeed</workSpeedStat>
    <workSkill>Crafting</workSkill>
    <effectWorking>Cremate</effectWorking>
    <soundWorking>Recipe_Cremate</soundWorking>
    <allowMixingIngredients>false</allowMixingIngredients>
    <workAmount>300</workAmount>
	<recipeUsers>
		<li>MLRP_NightmareMoon</li>
	</recipeUsers>
    <ingredients>
		<li>
			<filter>
				<thingDefs>
					<li>Silver</li>
				</thingDefs>
			</filter>
			<count>426</count>
		</li>
	</ingredients>
	<products>
		<MechSerumResurrector>1</MechSerumResurrector>
	</products>
</RecipeDef>

<!--REQUEST TECHPROF SUBPERSONA CORE-->

<RecipeDef>
	<defName>MLRP_NMM_TechprofSubpersonaCore</defName>
	<label>request techprof subpersona core</label>
	<description>Offer silver in exchange for a techprof subpersona core.</description>
    <jobString>Making an offering to Nightmare Moon</jobString>
    <workSpeedStat>GeneralLaborSpeed</workSpeedStat>
    <workSkill>Crafting</workSkill>
    <effectWorking>Cremate</effectWorking>
    <soundWorking>Recipe_Cremate</soundWorking>
    <allowMixingIngredients>false</allowMixingIngredients>
    <workAmount>300</workAmount>
	<recipeUsers>
		<li>MLRP_NightmareMoon</li>
	</recipeUsers>
    <ingredients>
		<li>
			<filter>
				<thingDefs>
					<li>Silver</li>
				</thingDefs>
			</filter>
			<count>125</count>
		</li>
	</ingredients>
	<products>
		<TechprofSubpersonaCore>1</TechprofSubpersonaCore>
	</products>
</RecipeDef>

<!--REQUEST ELEPHANT TUSK-->

<RecipeDef>
	<defName>MLRP_NMM_ElephantTusk</defName>
	<label>request elephant tusk</label>
	<description>Offer silver in exchange for an elephant tusk.</description>
    <jobString>Making an offering to Nightmare Moon</jobString>
    <workSpeedStat>GeneralLaborSpeed</workSpeedStat>
    <workSkill>Crafting</workSkill>
    <effectWorking>Cremate</effectWorking>
    <soundWorking>Recipe_Cremate</soundWorking>
    <allowMixingIngredients>false</allowMixingIngredients>
    <workAmount>300</workAmount>
	<recipeUsers>
		<li>MLRP_NightmareMoon</li>
	</recipeUsers>
    <ingredients>
		<li>
			<filter>
				<thingDefs>
					<li>Silver</li>
				</thingDefs>
			</filter>
			<count>10</count>
		</li>
	</ingredients>
	<products>
		<ElephantTusk>1</ElephantTusk>
	</products>
</RecipeDef>

<!--REQUEST THRUMBO HORN-->

<RecipeDef>
	<defName>MLRP_NMM_ThrumboHorn</defName>
	<label>request thrumbo horn</label>
	<description>Offer silver in exchange for a thrumbo horn.</description>
    <jobString>Making an offering to Nightmare Moon</jobString>
    <workSpeedStat>GeneralLaborSpeed</workSpeedStat>
    <workSkill>Crafting</workSkill>
    <effectWorking>Cremate</effectWorking>
    <soundWorking>Recipe_Cremate</soundWorking>
    <allowMixingIngredients>false</allowMixingIngredients>
    <workAmount>300</workAmount>
	<recipeUsers>
		<li>MLRP_NightmareMoon</li>
	</recipeUsers>
    <ingredients>
		<li>
			<filter>
				<thingDefs>
					<li>Silver</li>
				</thingDefs>
			</filter>
			<count>100</count>
		</li>
	</ingredients>
	<products>
		<ThrumboHorn>1</ThrumboHorn>
	</products>
</RecipeDef>

<!--REQUEST GLITTERWORLD MEDICINE-->

<RecipeDef>
	<defName>MLRP_NMM_GlitterworldMedicine</defName>
	<label>request glitterworld medicine x 5</label>
	<description>Offer silver and industrial medicine in exchange for glitterworld medicine.</description>
	<researchPrerequisite>MedicineProduction</researchPrerequisite>
    <jobString>Making an offering to Nightmare Moon</jobString>
    <workSpeedStat>GeneralLaborSpeed</workSpeedStat>
    <workSkill>Crafting</workSkill>
    <effectWorking>Cremate</effectWorking>
    <soundWorking>Recipe_Cremate</soundWorking>
    <allowMixingIngredients>false</allowMixingIngredients>
    <workAmount>300</workAmount>
	<recipeUsers>
		<li>MLRP_NightmareMoon</li>
	</recipeUsers>
    <ingredients>
		<li>
			<filter>
				<thingDefs>
					<li>Silver</li>
				</thingDefs>
			</filter>
			<count>313</count>
		</li>
		<li>
			<filter>
				<thingDefs>
					<li>MedicineIndustrial</li>
				</thingDefs>
			</filter>
			<count>10</count>
		</li>
	</ingredients>
	<products>
		<MedicineUltratech>5</MedicineUltratech>
	</products>
</RecipeDef>

<!--REQUEST KIBBLE-->

<RecipeDef>
	<defName>MLRP_NMM_Kibble</defName>
	<label>request kibble</label>
	<description>Offer silver in exchange for some kibble. Expensive, but can be useful in emergencies.</description>
    <jobString>Making an offering to Nightmare Moon</jobString>
    <workSpeedStat>GeneralLaborSpeed</workSpeedStat>
    <workSkill>Crafting</workSkill>
    <effectWorking>Cremate</effectWorking>
    <soundWorking>Recipe_Cremate</soundWorking>
    <allowMixingIngredients>false</allowMixingIngredients>
    <workAmount>300</workAmount>
	<recipeUsers>
		<li>MLRP_NightmareMoon</li>
	</recipeUsers>
    <ingredients>
		<li>
			<filter>
				<thingDefs>
					<li>Silver</li>
				</thingDefs>
			</filter>
			<count>60</count>
		</li>
	</ingredients>
	<products>
		<Kibble>500</Kibble>
	</products>
</RecipeDef>

<!--REQUEST ANTIGRAIN WARHEAD-->

<RecipeDef>
	<defName>MLRP_NMM_AntigrainWarhead</defName>
	<label>request antigrain warhead</label>
	<description>Offer silver and a large quantity of high explosive shells in exchange for a single antigrain warhead.</description>
	<researchPrerequisite>Mortars</researchPrerequisite>
    <jobString>Making an offering to Nightmare Moon</jobString>
    <workSpeedStat>GeneralLaborSpeed</workSpeedStat>
    <workSkill>Crafting</workSkill>
    <effectWorking>Cremate</effectWorking>
    <soundWorking>Recipe_Cremate</soundWorking>
    <allowMixingIngredients>false</allowMixingIngredients>
    <workAmount>300</workAmount>
	<recipeUsers>
		<li>MLRP_NightmareMoon</li>
	</recipeUsers>
    <ingredients>
		<li>
			<filter>
				<thingDefs>
					<li>Silver</li>
				</thingDefs>
			</filter>
			<count>450</count>
		</li>
		<li>
			<filter>
				<thingDefs>
					<li>Shell_HighExplosive</li>
				</thingDefs>
			</filter>
			<count>25</count>
		</li>
	</ingredients>
	<products>
		<Shell_AntigrainWarhead>1</Shell_AntigrainWarhead>
	</products>
</RecipeDef>

<!--REQUEST SUNSET SHIMMER-->

<RecipeDef>
	<defName>MLRP_NMM_SunsetShimmer</defName>
	<label>request Sunset Shimmer</label>
	<description>Offer silver and cloth in exchange for a Sunset Shimmer plushie.</description>
	<researchPrerequisite>MLRP_MagicMirrorResearch</researchPrerequisite>
    <jobString>Making an offering to Nightmare Moon</jobString>
    <workSpeedStat>GeneralLaborSpeed</workSpeedStat>
    <workSkill>Crafting</workSkill>
    <effectWorking>Cremate</effectWorking>
    <soundWorking>Recipe_Cremate</soundWorking>
    <allowMixingIngredients>false</allowMixingIngredients>
    <workAmount>300</workAmount>
	<recipeUsers>
		<li>MLRP_NightmareMoon</li>
	</recipeUsers>
    <ingredients>
		<li>
			<filter>
				<thingDefs>
					<li>Silver</li>
				</thingDefs>
			</filter>
			<count>750</count>
		</li>
		<li>
			<filter>
				<thingDefs>
					<li>Cloth</li>
				</thingDefs>
			</filter>
			<count>300</count>
		</li>
	</ingredients>
	<products>
		<PonyPlush_SunsetShimmer>1</PonyPlush_SunsetShimmer>
	</products>
</RecipeDef>

<!--REQUEST HERBAL MEDICINE-->

<RecipeDef>
	<defName>MLRP_NMM_MedicineHerbal</defName>
	<label>request 50 herbal medicine</label>
	<description>Offer your surplus food in exchange for herbal medicine.</description>
    <jobString>Making an offering to Nightmare Moon</jobString>
    <workSpeedStat>GeneralLaborSpeed</workSpeedStat>
    <workSkill>Crafting</workSkill>
    <allowMixingIngredients>true</allowMixingIngredients>
    <workAmount>300</workAmount>
	<recipeUsers>
		<li>MLRP_NightmareMoon</li>
	</recipeUsers>
    <ingredients>
		<li>
			<filter>
			  <categories>
				<li>PlantFoodRaw</li>
			  </categories>
			</filter>
			<count>250</count>
		</li>
	</ingredients>
    <fixedIngredientFilter>
      <categories>
        <li>PlantFoodRaw</li>
      </categories>
    </fixedIngredientFilter>
	<products>
		<MedicineHerbal>50</MedicineHerbal>
	</products>
</RecipeDef>

<!--REQUEST 1000 RICE-->

<RecipeDef>
	<defName>MLRP_NMM_Rice</defName>
	<label>request 1000 rice</label>
	<description>Offer silver in exchange for 1000 rice.</description>
    <jobString>Making an offering to Nightmare Moon</jobString>
    <workSpeedStat>GeneralLaborSpeed</workSpeedStat>
    <workSkill>Crafting</workSkill>
    <effectWorking>Cremate</effectWorking>
    <soundWorking>Recipe_Cremate</soundWorking>
    <allowMixingIngredients>false</allowMixingIngredients>
    <workAmount>300</workAmount>
	<recipeUsers>
		<li>MLRP_NightmareMoon</li>
	</recipeUsers>
    <ingredients>
		<li>
			<filter>
				<thingDefs>
					<li>Silver</li>
				</thingDefs>
			</filter>
			<count>120</count>
		</li>
	</ingredients>
	<products>
		<RawRice>1000</RawRice>
	</products>
</RecipeDef>

<!--REQUEST REINFORCED BARREL-->

<RecipeDef>
	<defName>MLRP_NMM_ReinforcedBarrel</defName>
	<label>request reinforced barrel</label>
	<description>Offer silver in exchange for a reinforced barrel.</description>
	<researchPrerequisite>Mortars</researchPrerequisite>
    <jobString>Making an offering to Nightmare Moon</jobString>
    <workSpeedStat>GeneralLaborSpeed</workSpeedStat>
    <workSkill>Crafting</workSkill>
    <effectWorking>Cremate</effectWorking>
    <soundWorking>Recipe_Cremate</soundWorking>
    <allowMixingIngredients>false</allowMixingIngredients>
    <workAmount>300</workAmount>
	<recipeUsers>
		<li>MLRP_NightmareMoon</li>
	</recipeUsers>
    <ingredients>
		<li>
			<filter>
				<thingDefs>
					<li>Silver</li>
				</thingDefs>
			</filter>
			<count>90</count>
		</li>
	</ingredients>
	<products>
		<ReinforcedBarrel>1</ReinforcedBarrel>
	</products>
</RecipeDef>

</Defs>