<Defs>

	<RecipeDef Name="MLRP_NMM_ArchotechBase" Abstract="True">
		<researchPrerequisite>MLRP_ArchotechResearch</researchPrerequisite>
		<jobString>Making an offering to Nightmare Moon</jobString>
		<workSpeedStat>GeneralLaborSpeed</workSpeedStat>
		<workSkill>Crafting</workSkill>
		<effectWorking>Cremate</effectWorking>
		<soundWorking>Recipe_Cremate</soundWorking>
		<allowMixingIngredients>false</allowMixingIngredients>
		<workAmount>300</workAmount>
		<recipeUsers>
			<li>MLRP_NightmareMoon</li>
		</recipeUsers>
		<ingredients>
			<li>
				<filter>
					<thingDefs>
						<li>Silver</li>
					</thingDefs>
				</filter>
				<count>280</count>
			</li>
			<li>
				<filter>
					<thingDefs>
						<li>Gold</li>
					</thingDefs>
				</filter>
				<count>25</count>
			</li>
			<li>
				<filter>
					<thingDefs>
						<li>Plasteel</li>
					</thingDefs>
				</filter>
				<count>75</count>
			</li>
			<li>
				<filter>
					<thingDefs>
						<li>ComponentSpacer</li>
					</thingDefs>
				</filter>
				<count>20</count>
			</li>
		</ingredients>
	</RecipeDef>

	<!--GET ARCHOTECH ARM-->

	<RecipeDef ParentName="MLRP_NMM_ArchotechBase">
		<defName>MLRP_NMM_ArchotechArm</defName>
		<label>request archotech arm</label>
		<description>Offer many expensive items in exchange for an archotech arm.</description>
		<products>
			<ArchotechArm>1</ArchotechArm>
		</products>
	</RecipeDef>

	<!--GET ARCHOTECH EYE-->

	<RecipeDef ParentName="MLRP_NMM_ArchotechBase">
		<defName>MLRP_NMM_ArchotechEye</defName>
		<label>request archotech eye</label>
		<description>Offer many expensive items in exchange for an archotech eye.</description>
		<products>
			<ArchotechEye>1</ArchotechEye>
		</products>
	</RecipeDef>

	<!--GET ARCHOTECH LEG-->

	<RecipeDef ParentName="MLRP_NMM_ArchotechBase">
		<defName>MLRP_NMM_ArchotechLeg</defName>
		<label>request archotech leg</label>
		<description>Offer many expensive items in exchange for an archotech leg.</description>
		<products>
			<ArchotechLeg>1</ArchotechLeg>
		</products>
	</RecipeDef>

</Defs>