<Defs>

<!--BASES-->

<RecipeDef Name="NMM_BionicRequestBase" Abstract="True">
	<researchPrerequisite>Bionics</researchPrerequisite>
    <jobString>Making an offering to Nightmare Moon</jobString>
    <workSpeedStat>GeneralLaborSpeed</workSpeedStat>
    <workSkill>Crafting</workSkill>
    <effectWorking>Cremate</effectWorking>
    <soundWorking>Recipe_Cremate</soundWorking>
    <allowMixingIngredients>false</allowMixingIngredients>
    <workAmount>300</workAmount>
	<recipeUsers>
		<li>MLRP_NightmareMoon</li>
	</recipeUsers>
</RecipeDef>

<RecipeDef Name="NMM_BionicMatsOne" ParentName="NMM_BionicRequestBase" Abstract="True">
    <ingredients>
		<li>
			<filter>
				<thingDefs>
					<li>Plasteel</li>
				</thingDefs>
			</filter>
			<count>15</count>
		</li>
		<li>
			<filter>
				<thingDefs>
					<li>ComponentSpacer</li>
				</thingDefs>
			</filter>
			<count>4</count>
		</li>
	</ingredients>
</RecipeDef>

<RecipeDef Name="NMM_BionicMatsTwo" ParentName="NMM_BionicRequestBase" Abstract="True">
    <ingredients>
		<li>
			<filter>
				<thingDefs>
					<li>Plasteel</li>
				</thingDefs>
			</filter>
			<count>10</count>
		</li>
		<li>
			<filter>
				<thingDefs>
					<li>ComponentSpacer</li>
				</thingDefs>
			</filter>
			<count>3</count>
		</li>
	</ingredients>
</RecipeDef>

<RecipeDef Name="NMM_BionicMatsThree" ParentName="NMM_BionicRequestBase" Abstract="True">
    <ingredients>
		<li>
			<filter>
				<thingDefs>
					<li>Plasteel</li>
				</thingDefs>
			</filter>
			<count>8</count>
		</li>
		<li>
			<filter>
				<thingDefs>
					<li>ComponentSpacer</li>
				</thingDefs>
			</filter>
			<count>2</count>
		</li>
	</ingredients>
</RecipeDef>

<!--BIONIC EYE-->

<RecipeDef ParentName="NMM_BionicMatsOne">
	<defName>MLRP_NMM_BionicEye</defName>
	<label>request bionic eye</label>
	<description>Offer silver in exchange for a bionic eye.</description>
    <ingredients>
		<li>
			<filter>
				<thingDefs>
					<li>Silver</li>
				</thingDefs>
			</filter>
			<count>155</count>
		</li>
	</ingredients>
	<products>
		<BionicEye>1</BionicEye>
	</products>
</RecipeDef>

<!--BIONIC ARM-->

<RecipeDef ParentName="NMM_BionicMatsOne">
	<defName>MLRP_NMM_BionicArm</defName>
	<label>request bionic arm</label>
	<description>Offer silver in exchange for a bionic arm.</description>
    <ingredients>
		<li>
			<filter>
				<thingDefs>
					<li>Silver</li>
				</thingDefs>
			</filter>
			<count>155</count>
		</li>
	</ingredients>
	<products>
		<BionicArm>1</BionicArm>
	</products>
</RecipeDef>

<!--BIONIC LEG-->

<RecipeDef ParentName="NMM_BionicMatsOne">
	<defName>MLRP_NMM_BionicLeg</defName>
	<label>request bionic leg</label>
	<description>Offer silver in exchange for a bionic leg.</description>
    <ingredients>
		<li>
			<filter>
				<thingDefs>
					<li>Silver</li>
				</thingDefs>
			</filter>
			<count>155</count>
		</li>
	</ingredients>
	<products>
		<BionicLeg>1</BionicLeg>
	</products>
</RecipeDef>

<!--BIONIC SPINE-->

<RecipeDef ParentName="NMM_BionicMatsOne">
	<defName>MLRP_NMM_BionicSpine</defName>
	<label>request bionic spine</label>
	<description>Offer silver in exchange for a bionic spine.</description>
	<ingredients>
		<li>
			<filter>
				<thingDefs>
					<li>Silver</li>
				</thingDefs>
			</filter>
			<count>155</count>
		</li>
	</ingredients>
	<products>
		<BionicSpine>1</BionicSpine>
	</products>
</RecipeDef>

<!--BIONIC HEART-->

<RecipeDef ParentName="NMM_BionicMatsOne">
	<defName>MLRP_NMM_BionicHeart</defName>
	<label>request bionic heart</label>
	<description>Offer silver in exchange for a bionic heart.</description>
	<ingredients>
		<li>
			<filter>
				<thingDefs>
					<li>Silver</li>
				</thingDefs>
			</filter>
			<count>155</count>
		</li>
	</ingredients>
	<products>
		<BionicHeart>1</BionicHeart>
	</products>
</RecipeDef>

<!--BIONIC STOMACH-->

<RecipeDef ParentName="NMM_BionicMatsTwo">
	<defName>MLRP_NMM_BionicStomach</defName>
	<label>request bionic stomach</label>
	<description>Offer silver in exchange for a bionic stomach.</description>
	<ingredients>
		<li>
			<filter>
				<thingDefs>
					<li>Silver</li>
				</thingDefs>
			</filter>
			<count>118</count>
		</li>
	</ingredients>
	<products>
		<BionicStomach>1</BionicStomach>
	</products>
</RecipeDef>

<!--BIONIC EAR-->

<RecipeDef ParentName="NMM_BionicMatsTwo">
	<defName>MLRP_NMM_BionicEar</defName>
	<label>request bionic ear</label>
	<description>Offer silver in exchange for a bionic ear.</description>
    <ingredients>
		<li>
			<filter>
				<thingDefs>
					<li>Silver</li>
				</thingDefs>
			</filter>
			<count>118</count>
		</li>
	</ingredients>
	<products>
		<BionicEar>1</BionicEar>
	</products>
</RecipeDef>

<!--BIONIC TONGUE-->

<RecipeDef ParentName="NMM_BionicMatsThree">
	<defName>MLRP_NMM_BionicTongue</defName>
	<label>request bionic tongue</label>
	<description>Offer silver in exchange for a bionic tongue.</description>
    <ingredients>
		<li>
			<filter>
				<thingDefs>
					<li>Silver</li>
				</thingDefs>
			</filter>
			<count>118</count>
		</li>
	</ingredients>
	<products>
		<BionicTongue>1</BionicTongue>
	</products>
</RecipeDef>

<!--BIONIC JAW-->

<RecipeDef ParentName="NMM_BionicMatsTwo">
	<defName>MLRP_NMM_BionicJaw</defName>
	<label>request bionic jaw</label>
	<description>Offer silver in exchange for a bionic jaw.</description>
    <ingredients>
		<li>
			<filter>
				<thingDefs>
					<li>Silver</li>
				</thingDefs>
			</filter>
			<count>155</count>
		</li>
	</ingredients>
	<products>
		<BionicJaw>1</BionicJaw>
	</products>
</RecipeDef>

</Defs>