<Defs>

<RecipeDef>
	<defName>MLRP_RecyclePlushies</defName>
	<label>recycle destroyed plushie</label>
	<description>Recycle a destroyed plushie, reclaiming some of the material originally used to make it.</description>
	<researchPrerequisite>MLRP_PlushieRecycling</researchPrerequisite>
    <jobString>Recycling destroyed plushies</jobString>
    <workSpeedStat>GeneralLaborSpeed</workSpeedStat>
    <workSkill>Crafting</workSkill>
    <effectWorking>Tailor</effectWorking>
    <soundWorking>Recipe_Tailor</soundWorking>
    <allowMixingIngredients>false</allowMixingIngredients>
	<requiredGiverWorkType>Tailoring</requiredGiverWorkType>
	<workerClass>MyLittleRimPony.Recipe_RecyclePlushie</workerClass>
    <workAmount>600</workAmount>
	<recipeUsers>
		<li>PlushieBench</li>
	</recipeUsers>
	<ingredients>
      <li>
        <filter>
          <categories>
           <li>Pony_Plushie_Ruined</li>
          </categories>
        </filter>
        <count>1</count>
      </li>
    </ingredients>
    <fixedIngredientFilter>
		<categories>
			<li>Pony_Plushie_Ruined</li>
		</categories>
    </fixedIngredientFilter>
	<modExtensions>
		<li Class="MyLittleRimPony.RecyclePlushieExtension">
			<reclaimedAmount>75</reclaimedAmount>
		</li>
	</modExtensions>
</RecipeDef>

</Defs>