<Defs>

<!--Base-->

<ThingDef Name="MLRP_BionicImplantBase" ParentName="BodyPartBase" Abstract="True">
	<techLevel>Spacer</techLevel>
	<thingCategories>
		<li>BodyPartsBionic</li>
	</thingCategories>
	<graphicData>
		<texPath>Things/Item/Health/HealthItem</texPath>
		<graphicClass>Graphic_Single</graphicClass>
		<drawSize>0.80</drawSize>
		<color>(189,169,118)</color>
	</graphicData>
	<tradeTags>
		<li>Bionic</li>
	</tradeTags>
	<techHediffsTags>
		<li>Advanced</li>
    </techHediffsTags>
    <statBases>
		<WorkToMake>13000</WorkToMake>
    </statBases>
    <recipeMaker>
	<workSpeedStat>GeneralLaborSpeed</workSpeedStat>
	<workSkill>Crafting</workSkill>
	<effectWorking>Smith</effectWorking>
	<soundWorking>Recipe_Smith</soundWorking>
	<unfinishedThingDef>UnfinishedHealthItemBionic</unfinishedThingDef>
	<skillRequirements>
		<Crafting>10</Crafting>
	</skillRequirements>
	<researchPrerequisite>MLRP_HarmonyChipResearch</researchPrerequisite>
	<recipeUsers>
		<li>PlushieBench</li>
	</recipeUsers>
	</recipeMaker>
</ThingDef>

<!--Hediff-->
<HediffDef ParentName="ImplantHediffBase">
	<defName>MLRP_HarmonyChipInstalled</defName>
	<label>harmony chip</label>
	<labelNoun>a harmony chip</labelNoun>
	<description>An installed harmony chip.</description>
	<descriptionHyperlinks><ThingDef>MLRP_HarmonyChip</ThingDef></descriptionHyperlinks>
	<spawnThingOnRemoved>MLRP_HarmonyChip</spawnThingOnRemoved>
	<stages>
		<li>
			<painOffset>-0.1</painOffset>
			<opinionOfOthersFactor>1.5</opinionOfOthersFactor>
			<statOffsets>
				<!--CORE/ROYALTY-->
				<PlantWorkSpeed>0.25</PlantWorkSpeed>
				<PlantHarvestYield>0.25</PlantHarvestYield>
				<TameAnimalChance>0.25</TameAnimalChance>
				<TrainAnimalChance>0.25</TrainAnimalChance>
				<AnimalGatherSpeed>0.25</AnimalGatherSpeed>
				<AnimalGatherYield>0.25</AnimalGatherYield>
				<SocialImpact>0.25</SocialImpact>
				<MoveSpeed>1</MoveSpeed>
				<MeleeHitChance>5</MeleeHitChance>
				<ShootingAccuracyPawn>5</ShootingAccuracyPawn>
				<TradePriceImprovement>0.25</TradePriceImprovement>
				<ResearchSpeed>0.25</ResearchSpeed>
				<ImmunityGainSpeedFactor>0.5</ImmunityGainSpeedFactor>
				<InjuryHealingFactor>0.5</InjuryHealingFactor>
				<CookSpeed>20</CookSpeed>
				<FoodPoisonChance>-0.25</FoodPoisonChance>
				<CarryingCapacity>25</CarryingCapacity>
				<GlobalLearningFactor>0.50</GlobalLearningFactor>
				<WorkSpeedGlobal>0.5</WorkSpeedGlobal>
				<MedicalTendSpeed>0.25</MedicalTendSpeed>
				<MedicalTendQualityOffset>0.25</MedicalTendQualityOffset>
				<SurgerySuccessChanceFactor>0.25</SurgerySuccessChanceFactor>
				<MiningSpeed>0.25</MiningSpeed>
				<MiningYield>0.25</MiningYield>
				<DeepDrillingSpeed>0.25</DeepDrillingSpeed>
				<PainShockThreshold>0.5</PainShockThreshold>
				<MentalBreakThreshold>-0.25</MentalBreakThreshold>
				<RestRateMultiplier>0.5</RestRateMultiplier>
				<ArmorRating_Blunt>0.15</ArmorRating_Blunt>
				<ArmorRating_Sharp>0.15</ArmorRating_Sharp>
				<ArmorRating_Heat>0.15</ArmorRating_Heat>
				<MeleeDodgeChance>10</MeleeDodgeChance>
				<ToxicEnvironmentResistance>0.25</ToxicEnvironmentResistance>
				<!--IDEOLOGY-->
				<ConversionPower MayRequire="Ludeon.RimWorld.Ideology">0.25</ConversionPower>
				<SuppressionPower MayRequire="Ludeon.RimWorld.Ideology">0.25</SuppressionPower>
				<SlaveSuppressionOffset MayRequire="Ludeon.RimWorld.Ideology">0.1</SlaveSuppressionOffset>
				<PruningSpeed MayRequire="Ludeon.RimWorld.Ideology">5</PruningSpeed>
				<HackingSpeed MayRequire="Ludeon.RimWorld.Ideology">0.25</HackingSpeed>
				<!--BIOTECH-->
				<MechBandwidth MayRequire="Ludeon.RimWorld.Biotech">2</MechBandwidth>
				<Fertility MayRequire="Ludeon.RimWorld.Biotech">0.25</Fertility>
				<!--ANOMALY-->
				<EntityStudyRate MayRequire="Ludeon.RimWorld.Anomaly">0.1</EntityStudyRate>
				<!--MODS-->
				<HygieneRateMultiplier MayRequire="Dubwise.DubsBadHygiene">-0.1</HygieneRateMultiplier>
				<P42_AllergicSensitivity MayRequire="phil42.allergies">-0.25</P42_AllergicSensitivity>
				<CarryBulk MayRequire="CETeam.CombatExtended">15</CarryBulk>
				<ReloadSpeed MayRequire="CETeam.CombatExtended">0.05</ReloadSpeed>
				<NightVisionEfficiency MayRequire="CETeam.CombatExtended">0.1</NightVisionEfficiency>
				<SmokeSensitivity MayRequire="CETeam.CombatExtended">-0.25</SmokeSensitivity>
				<Suppressability MayRequire="CETeam.CombatExtended">-0.05</Suppressability>
			</statOffsets>
		</li>
	</stages>
</HediffDef>
  
<!--Harmony Chip Item-->

<ThingDef ParentName="MLRP_BionicImplantBase">
    <defName>MLRP_HarmonyChip</defName>
    <label>harmony chip</label>
    <description>When implanted in the brain, this powerful item will grant the bonuses of nearly every available pony plushie at once. It is expensive, but many people agree that it's worth it for the bonuses it provides to their stats and abilities.\n\nHaving one installed will make people happy - some more so than others - but others will hate having this item implanted into them.</description>
    <thingSetMakerTags>
		<li>RewardStandardLowFreq</li>
	</thingSetMakerTags>
    <costList>
		<Steel>500</Steel>
		<Plasteel>500</Plasteel>
		<Uranium>500</Uranium>
		<Gold>15</Gold>
		<ComponentSpacer>10</ComponentSpacer>
    </costList>
	<statBases>
		<MaxHitPoints>100</MaxHitPoints>
		<Mass>1</Mass>
	</statBases>
    <graphicData>
		<texPath>Things/HarmonyChip</texPath>
		<graphicClass>Graphic_Single</graphicClass>
		<drawSize>0.5</drawSize>
    </graphicData>
  </ThingDef>
  
<!--Install-->
  
<RecipeDef ParentName="SurgeryInstallImplantBase">
    <defName>MLRP_InstallHarmonyChip</defName>
    <label>install harmony chip</label>
    <description>Install a harmony chip.</description>
    <descriptionHyperlinks>
		<ThingDef>MLRP_HarmonyChip</ThingDef>
	</descriptionHyperlinks>
    <jobString>Installing harmony chip.</jobString>
	<ingredients>
		<li>
			<filter>
				<thingDefs>
					<li>MLRP_HarmonyChip</li>
				</thingDefs>
			</filter>
			<count>1</count>
		</li>
	</ingredients>
    <appliedOnFixedBodyParts>
      <li>Brain</li>
    </appliedOnFixedBodyParts>
    <addsHediff>MLRP_HarmonyChipInstalled</addsHediff>
	<skillRequirements>
		<Medicine>10</Medicine>
	</skillRequirements>
	<recipeUsers>
		<li>Human</li>
	</recipeUsers>
</RecipeDef>
  
<!--Remove-->
  
<RecipeDef ParentName="SurgeryRemoveImplantBase">
	<defName>MLRP_RemoveHarmonyChip</defName>
	<label>remove harmony chip</label>
	<description>Remove harmony chip.</description>
	<descriptionHyperlinks>
		<ThingDef>MLRP_HarmonyChip</ThingDef>
		<HediffDef>MLRP_HarmonyChipInstalled</HediffDef>
	</descriptionHyperlinks>
	<jobString>Removing harmony chip.</jobString>
	<removesHediff>MLRP_HarmonyChipInstalled</removesHediff>
</RecipeDef>
 
</Defs>