<Patch>

	<Operation Class="PatchOperationConditional">
		<xpath>/Defs/MemeDef[defName="Individualist"]/agreeableTraits</xpath>
		<nomatch Class="PatchOperationAdd">
			<xpath>/Defs/MemeDef[defName="Individualist"]</xpath>
			<value>
				<agreeableTraits>
					<li>MLRP_BronyTrait</li>
				</agreeableTraits>
			</value>
		</nomatch>
		<match Class="PatchOperationAdd">
			<xpath>/Defs/MemeDef[defName="Individualist"]/agreeableTraits</xpath>
			<value>
				<li>MLRP_BronyTrait</li>
			</value>
		</match>
	</Operation>
	
</Patch>