<Patch>

	<Operation Class="PatchOperationFindMod">
		<mods>
			<li>Mechanitor Command Range Extenders</li>
		</mods>
		<match Class="PatchOperationAdd">
			<xpath>Defs</xpath>
			<value>
			
				<RecipeDef ParentName="NMM_MechanitorOnlyRecipe">
					<defName>MLRP_NMM_Hydroxyapatite_CommandSublink</defName>
					<label>request command sublink</label>
					<description>Offer silver and other items in exchange for a command sublink.\n\nThis recipe can only be performed by a mechanitor.</description>
					<jobString>Making an offering to Nightmare Moon</jobString>
					<researchPrerequisite>StandardMechtech</researchPrerequisite>
					<workSpeedStat>GeneralLaborSpeed</workSpeedStat>
					<workSkill>Crafting</workSkill>
					<effectWorking>Cremate</effectWorking>
					<soundWorking>Recipe_Cremate</soundWorking>
					<allowMixingIngredients>false</allowMixingIngredients>
					<workAmount>300</workAmount>
					<recipeUsers>
						<li>MLRP_NightmareMoon</li>
					</recipeUsers>
					<ingredients>
						<li>
							<filter>
								<thingDefs>
									<li>Silver</li>
								</thingDefs>
							</filter>
							<count>100</count>
						</li>
						<li>
							<filter>
								<thingDefs>
									<li>ComponentIndustrial</li>
								</thingDefs>
							</filter>
							<count>6</count>
						</li>
					</ingredients>
					<products>
						<Hydroxyapatite_CommandSublink>1</Hydroxyapatite_CommandSublink>
					</products>
				</RecipeDef>
				
				<RecipeDef ParentName="NMM_MechanitorOnlyRecipe">
					<defName>MLRP_NMM_Hydroxyapatite_CommandSublinkHigh</defName>
					<label>request command sublink (high)</label>
					<description>Offer silver and other items in exchange for a command sublink (high).\n\nThis recipe can only be performed by a mechanitor.</description>
					<jobString>Making an offering to Nightmare Moon</jobString>
					<researchPrerequisite>HighMechtech</researchPrerequisite>
					<workSpeedStat>GeneralLaborSpeed</workSpeedStat>
					<workSkill>Crafting</workSkill>
					<effectWorking>Cremate</effectWorking>
					<soundWorking>Recipe_Cremate</soundWorking>
					<allowMixingIngredients>false</allowMixingIngredients>
					<workAmount>300</workAmount>
					<recipeUsers>
						<li>MLRP_NightmareMoon</li>
					</recipeUsers>
					<ingredients>
						<li>
							<filter>
								<thingDefs>
									<li>Silver</li>
								</thingDefs>
							</filter>
							<count>200</count>
						</li>
						<li>
							<filter>
								<thingDefs>
									<li>ComponentIndustrial</li>
								</thingDefs>
							</filter>
							<count>3</count>
						</li>
						<li>
							<filter>
								<thingDefs>
									<li>ComponentSpacer</li>
								</thingDefs>
							</filter>
							<count>3</count>
						</li>
					</ingredients>
					<products>
						<Hydroxyapatite_CommandSublinkHigh>1</Hydroxyapatite_CommandSublinkHigh>
					</products>
				</RecipeDef>
			</value>
		</match>
	</Operation>

</Patch>