<Defs>

<ThingDef ParentName="BuildingBase">
    <defName>MLRP_Rimatomics_Littlepip</defName>
    <label>Littlepip</label>
    <description>If you need anything related to nuclear energy, Littlepip is your mare.\n\nI would come up with a better description than this, but I haven't actually read Fallout: Equestria.</description>
    <thingClass>Building_WorkTable</thingClass>
    <graphicData>
      <texPath>Things/Building/Littlepip</texPath>
      <graphicClass>Graphic_Multi</graphicClass>
      <drawSize>(1,1)</drawSize>
    </graphicData>
	<minifiedDef>MinifiedThing</minifiedDef>
    <thingCategories>
		<li>BuildingsProduction</li>
    </thingCategories>
	<costStuffCount>300</costStuffCount>
    <stuffCategories>
      <li>Fabric</li>
      <li>Leathery</li>
      <li>Metallic</li>
      <li>Stony</li>
      <li>Woody</li>
    </stuffCategories>
    <altitudeLayer>Building</altitudeLayer>
    <fillPercent>0.5</fillPercent>
    <useHitPoints>True</useHitPoints>
    <statBases>
      <WorkToBuild>7200</WorkToBuild>
      <MaxHitPoints>250</MaxHitPoints>
      <Flammability>0</Flammability>
	  <Mass>50</Mass>
    </statBases>
    <size>(1,1)</size>
    <designationCategory>MLRP_Buildings</designationCategory>
	<uiOrder>61</uiOrder>
    <passability>PassThroughOnly</passability>
    <pathCost>50</pathCost>
    <hasInteractionCell>True</hasInteractionCell>
    <interactionCellOffset>(0,0,-1)</interactionCellOffset>
    <surfaceType>Item</surfaceType>
    <inspectorTabs>
      <li>ITab_Bills</li>
    </inspectorTabs>
	<constructionSkillPrerequisite>6</constructionSkillPrerequisite>
    <building>
      <spawnedConceptLearnOpportunity>BillsTab</spawnedConceptLearnOpportunity>
    </building>
    <placeWorkers>
      <li>PlaceWorker_PreventInteractionSpotOverlap</li>
    </placeWorkers>
  </ThingDef>

</Defs>