﻿<?xml version="1.0" encoding="utf-8" ?>
<Defs>

  <FactionDef ParentName="FactionBase">
    <defName>MLRP_DiamondDog_Faction</defName>
    <label>diamond dog clan</label>
    <categoryTag>Outlander</categoryTag>
    <description>A colony of people who have undergone xenotype implantation to become Diamond Dogs. They have a zero tolerance approach to outsiders, and will attack anyone who is not one of them. In combat, they rely on melee combatants wearing plate armour supported by archers using greatbows.</description>
	<permanentEnemy>true</permanentEnemy>
    <pawnSingular>Diamond Dog</pawnSingular>
    <pawnsPlural>Diamond Dogs</pawnsPlural>
    <settlementGenerationWeight>2</settlementGenerationWeight>
    <requiredCountAtGameStart>0</requiredCountAtGameStart>
    <startingCountAtWorldCreation>0</startingCountAtWorldCreation>
    <maxCountAtGameStart>0</maxCountAtGameStart>
    <maxConfigurableAtWorldCreation>1</maxConfigurableAtWorldCreation>
    <configurationListOrderPriority>70</configurationListOrderPriority>
    <canSiege>false</canSiege>
    <canStageAttacks>true</canStageAttacks>
    <leaderTitle>alpha</leaderTitle>
    <leaderForceGenerateNewPawn>true</leaderForceGenerateNewPawn>
    <factionIconPath>Things/Diamond</factionIconPath>
	<xenotypeSet>
		<xenotypeChances>
			<MLRP_Xeno_DiamondDog>1</MLRP_Xeno_DiamondDog>
		</xenotypeChances>
	</xenotypeSet>
	<playerInitialSettlementNameMaker>NamerSettlementTribal</playerInitialSettlementNameMaker>
    <factionNameMaker>MLRP_DogFactionNames</factionNameMaker>
    <settlementNameMaker>NamerSettlementTribal</settlementNameMaker>
    <allowedCultures>
		<li>Kriminul</li>
		<li>Rustican</li>
	</allowedCultures>
	<disallowedMemes>
		<li MayRequire="Ludeon.RimWorld.Ideology">Structure_TheistAbstract</li>
		<li MayRequire="Ludeon.RimWorld.Ideology">Structure_Ideological</li>
		<li MayRequire="Ludeon.RimWorld.Ideology">Structure_Archist</li>
		<li MayRequire="Ludeon.RimWorld.Ideology">Structure_OriginChristian</li>
		<li MayRequire="Ludeon.RimWorld.Ideology">Structure_OriginIslamic</li>
		<li MayRequire="Ludeon.RimWorld.Ideology">Structure_OriginHindu</li>
		<li MayRequire="Ludeon.RimWorld.Ideology">Structure_OriginBuddhist</li>
		<li MayRequire="Ludeon.RimWorld.Ideology">Nudism</li>
		<li MayRequire="Ludeon.RimWorld.Ideology">Blindsight</li>
	</disallowedMemes>
	<requiredMemes>
		<li MayRequire="Ludeon.RimWorld.Ideology">Raider</li>
		<li MayRequire="Ludeon.RimWorld.Ideology">Supremacist</li>
		<li MayRequire="Ludeon.RimWorld.Ideology">Tunneler</li>
	</requiredMemes>
    <structureMemeWeights>
      <Structure_Animist MayRequire="Ludeon.RimWorld.Ideology">2</Structure_Animist>
    </structureMemeWeights>
    <techLevel>Medieval</techLevel>
    <backstoryFilters>
      <li>
        <categories>
          <li>Tribal</li>
        </categories>
      </li>
    </backstoryFilters>
    <apparelStuffFilter>
      <stuffCategoriesToAllow>
        <li>Metallic</li>
        <li>Fabric</li>
        <li>Leathery</li>
      </stuffCategoriesToAllow>
    </apparelStuffFilter>
    <allowedArrivalTemperatureRange>-60~60</allowedArrivalTemperatureRange>
    <settlementTexturePath>World/WorldObjects/DefaultSettlement</settlementTexturePath>
    <colorSpectrum>
      <li>(1, 0, 0)</li>
      <li>(0, 1, 0)</li>
      <li>(0, 0, 1)</li>
    </colorSpectrum>
    <fixedLeaderKinds>
      <li>DiamondDog_Alpha</li>
    </fixedLeaderKinds>
    <raidCommonalityFromPointsCurve>
      <points>
        <li>(0, 1)</li>
      </points>
    </raidCommonalityFromPointsCurve>
    <raidLootMaker>MLRP_DiamondDogLoot</raidLootMaker>
    <maxPawnCostPerTotalPointsCurve>
      <points>
        <li>(500, 100)</li>
        <li>(1000, 150)</li>
        <li>(2000, 250)</li>
        <li>(3000, 10000)</li>
        <li>(5000, 15000)</li>
        <li>(7500, 20000)</li>
        <li>(10000, 30000)</li>
      </points>
    </maxPawnCostPerTotalPointsCurve>
    <pawnGroupMakers>
      <li>        
        <kindDef>Combat</kindDef>
        <commonality>100</commonality>
        <options>
          <DiamondDogSoldier>30</DiamondDogSoldier>
          <DiamondDogArcher>10</DiamondDogArcher>
        </options>
      </li>
      <li>
        <kindDef>Settlement</kindDef>
        <options>
          <DiamondDogSoldier>40</DiamondDogSoldier>
          <DiamondDogArcher>20</DiamondDogArcher>
		</options>
      </li>
    </pawnGroupMakers>
  </FactionDef>

	<ThingSetMakerDef>
		<defName>MLRP_DiamondDogLoot</defName>
		<root Class="ThingSetMaker_Count">
			<fixedParams>
				<countRange>
					<min>3</min>
					<max>10</max>
				</countRange>
				<totalMarketValueRange>
					<min>250</min>
					<max>1000</max>
				</totalMarketValueRange>
				<filter>
					<thingDefs>
						<li>PonyPlush_Ruined</li>
						<li>Gold</li>
						<li>Silver</li>
					</thingDefs>
				</filter>
			</fixedParams>
		</root>
	</ThingSetMakerDef>

</Defs>