<Defs>
	<!--PLUSHIE BENCH-->
	
	<AchievementsExpanded.AchievementDef>
		<defName>MLRP_Achievement_PlushieBench</defName>
		<label>It All Starts Here</label>
		<description>Build a pony workbench</description>
		<tab>MLRP_BuildingAchievementTab</tab>
		
		<tracker Class="AchievementsExpanded.BuildingTracker">
			<def>PlushieBench</def>
			<count>1</count>
		</tracker>
		
		<texPath>Achievements/ItAllStartsHere</texPath>
		<points>10</points>
	</AchievementsExpanded.AchievementDef>

	<!--PLUSHIES-->
	
	<AchievementsExpanded.AchievementDef>
		<defName>MLRP_Achievement_AppleBloom</defName>
		<label>Blooming Marvellous</label>
		<description>Craft an Apple Bloom plushie</description>
		<tab>MLRP_AchievementTab</tab>
		
		<tracker Class="AchievementsExpanded.ItemCraftTracker">
			<def>PonyPlush_AppleBloom</def>
			<count>1</count>
		</tracker>
		
		<texPath>Achievements/BloomingMarvellous</texPath>
		<points>10</points>
	</AchievementsExpanded.AchievementDef>
	
	<AchievementsExpanded.AchievementDef>
		<defName>MLRP_Achievement_Applejack</defName>
		<label>How Do Ya Like Them Apples?</label>
		<description>Craft an Applejack plushie</description>
		<tab>MLRP_AchievementTab</tab>
		
		<tracker Class="AchievementsExpanded.ItemCraftTracker">
			<def>PonyPlush_Applejack</def>
			<count>1</count>
		</tracker>
		
		<texPath>Achievements/HowDoYaLikeThemApples</texPath>
		<points>10</points>
	</AchievementsExpanded.AchievementDef>
	
	<AchievementsExpanded.AchievementDef>
		<defName>MLRP_Achievement_BigMacintosh</defName>
		<label>Eeyup</label>
		<description>Craft a Big Macintosh plushie</description>
		<tab>MLRP_AchievementTab</tab>
		
		<tracker Class="AchievementsExpanded.ItemCraftTracker">
			<def>PonyPlush_BigMacintosh</def>
			<count>1</count>
		</tracker>
		
		<texPath>Achievements/Eeyup</texPath>
		<points>10</points>
	</AchievementsExpanded.AchievementDef>
	
	<AchievementsExpanded.AchievementDef>
		<defName>MLRP_Achievement_Cheerilee</defName>
		<label>Pay Attention, Students</label>
		<description>Craft a Cheerilee plushie</description>
		<tab>MLRP_AchievementTab</tab>
		
		<tracker Class="AchievementsExpanded.ItemCraftTracker">
			<def>PonyPlush_Cheerilee</def>
			<count>1</count>
		</tracker>
		
		<texPath>Achievements/PayAttentionStudents</texPath>
		<points>10</points>
	</AchievementsExpanded.AchievementDef>

	<AchievementsExpanded.AchievementDef>
		<defName>MLRP_Achievement_CutieMarkCrusaders</defName>
		<label>We'll Make Our Mark</label>
		<description>Craft the Cutie Mark Crusaders</description>
		<tab>MLRP_AchievementTab</tab>
		
		<tracker Class="AchievementsExpanded.ItemCraftTracker">
			<def>PonyPlush_CutieMarkCrusaders</def>
			<count>1</count>
		</tracker>
		
		<texPath>Achievements/MakeOurMark</texPath>
		<points>30</points>
	</AchievementsExpanded.AchievementDef>
	
	<AchievementsExpanded.AchievementDef>
		<defName>MLRP_Achievement_Discord</defName>
		<label>Where's The Chocolate Milk?</label>
		<description>Craft a Discord plushie</description>
		<tab>MLRP_AchievementTab</tab>
		
		<tracker Class="AchievementsExpanded.ItemCraftTracker">
			<def>PonyPlush_Discord</def>
			<count>1</count>
		</tracker>
		
		<texPath>Achievements/WheresTheChocolateMilk</texPath>
		<points>10</points>
	</AchievementsExpanded.AchievementDef>
	
	<AchievementsExpanded.AchievementDef>
		<defName>MLRP_Achievement_FleurDeLis</defName>
		<label>Expensive Tastes</label>
		<description>Craft a Fleur de Lis plushie</description>
		<tab>MLRP_AchievementTab</tab>
		
		<tracker Class="AchievementsExpanded.ItemCraftTracker">
			<def>PonyPlush_FleurDeLis</def>
			<count>1</count>
		</tracker>
		
		<texPath>Achievements/ExpensiveTastes</texPath>
		<points>10</points>
	</AchievementsExpanded.AchievementDef>
	
	<AchievementsExpanded.AchievementDef>
		<defName>MLRP_Achievement_Fluttershy</defName>
		<label>Yay</label>
		<description>Craft a Fluttershy plushie</description>
		<tab>MLRP_AchievementTab</tab>
		
		<tracker Class="AchievementsExpanded.ItemCraftTracker">
			<def>PonyPlush_Fluttershy</def>
			<count>1</count>
		</tracker>
		
		<texPath>Achievements/Yay</texPath>
		<points>10</points>
	</AchievementsExpanded.AchievementDef>
	
	<AchievementsExpanded.AchievementDef>
		<defName>MLRP_Achievement_Haywick</defName>
		<label>Obligatory Self Insert</label>
		<description>Craft a Nurse Haywick plushie</description>
		<tab>MLRP_AchievementTab</tab>
		
		<tracker Class="AchievementsExpanded.ItemCraftTracker">
			<def>PonyPlush_Haywick</def>
			<count>1</count>
		</tracker>
		
		<texPath>Achievements/ObligatorySelfInsert</texPath>
		<points>10</points>
	</AchievementsExpanded.AchievementDef>
	
	<AchievementsExpanded.AchievementDef>
		<defName>MLRP_Achievement_IzzyMoonbow</defName>
		<label>Hi, New Friend!</label>
		<description>Craft an Izzy Moonbow plushie</description>
		<tab>MLRP_AchievementTab</tab>
		
		<tracker Class="AchievementsExpanded.ItemCraftTracker">
			<def>PonyPlush_IzzyMoonbow</def>
			<count>1</count>
		</tracker>
		
		<texPath>Achievements/HiNewFriend</texPath>
		<points>10</points>
	</AchievementsExpanded.AchievementDef>
	
	<AchievementsExpanded.AchievementDef>
		<defName>MLRP_Achievement_MaudPie</defName>
		<label>Time To Rock</label>
		<description>Craft a Maud Pie plushie</description>
		<tab>MLRP_AchievementTab</tab>
		
		<tracker Class="AchievementsExpanded.ItemCraftTracker">
			<def>PonyPlush_MaudPie</def>
			<count>1</count>
		</tracker>
		
		<texPath>Achievements/TimeToRock</texPath>
		<points>10</points>
	</AchievementsExpanded.AchievementDef>
	
	<AchievementsExpanded.AchievementDef>
		<defName>MLRP_Achievement_PinkiePie</defName>
		<label>Party All The Time</label>
		<description>Craft a Pinkie Pie plushie</description>
		<tab>MLRP_AchievementTab</tab>
		
		<tracker Class="AchievementsExpanded.ItemCraftTracker">
			<def>PonyPlush_PinkiePie</def>
			<count>1</count>
		</tracker>
		
		<texPath>Achievements/PartyAllTheTime</texPath>
		<points>10</points>
	</AchievementsExpanded.AchievementDef>
	
	<AchievementsExpanded.AchievementDef>
		<defName>MLRP_Achievement_PinkiePies</defName>
		<label>Fun, Fun, Fun, Fun, Fun!</label>
		<description>Craft ten Pinkie Pie plushies</description>
		<tab>MLRP_AchievementTab</tab>
		
		<tracker Class="AchievementsExpanded.ItemCraftTracker">
			<def>PonyPlush_PinkiePie</def>
			<count>10</count>
		</tracker>
		
		<texPath>Achievements/TenPinkiePies</texPath>
		<points>50</points>
	</AchievementsExpanded.AchievementDef>
	
	<AchievementsExpanded.AchievementDef>
		<defName>MLRP_Achievement_PrincessCadence</defName>
		<label>All We Need Is Love</label>
		<description>Craft a Princess Cadence plushie</description>
		<tab>MLRP_AchievementTab</tab>
		
		<tracker Class="AchievementsExpanded.ItemCraftTracker">
			<def>PonyPlush_PrincessCadence</def>
			<count>1</count>
		</tracker>
		
		<texPath>Achievements/AllWeNeedIsLove</texPath>
		<points>10</points>
	</AchievementsExpanded.AchievementDef>
	
	<AchievementsExpanded.AchievementDef>
		<defName>MLRP_Achievement_PrincessCelestia</defName>
		<label>Praise The Sun</label>
		<description>Craft a Princess Celestia plushie</description>
		<tab>MLRP_AchievementTab</tab>
		
		<tracker Class="AchievementsExpanded.ItemCraftTracker">
			<def>PonyPlush_PrincessCelestia</def>
			<count>1</count>
		</tracker>
		
		<texPath>Achievements/PraiseTheSun</texPath>
		<points>10</points>
	</AchievementsExpanded.AchievementDef>

	<AchievementsExpanded.AchievementDef>
		<defName>MLRP_Achievement_PrincessLuna</defName>
		<label>Praise The Moon</label>
		<description>Craft a Princess Luna plushie</description>
		<tab>MLRP_AchievementTab</tab>
		
		<tracker Class="AchievementsExpanded.ItemCraftTracker">
			<def>PonyPlush_PrincessLuna</def>
			<count>1</count>
		</tracker>
		
		<texPath>Achievements/PraiseTheMoon</texPath>
		<points>10</points>
	</AchievementsExpanded.AchievementDef>

	<AchievementsExpanded.AchievementDef>
		<defName>MLRP_Achievement_RainbowDash</defName>
		<label>Gotta Go Fast</label>
		<description>Craft a Rainbow Dash plushie</description>
		<tab>MLRP_AchievementTab</tab>
		
		<tracker Class="AchievementsExpanded.ItemCraftTracker">
			<def>PonyPlush_RainbowDash</def>
			<count>1</count>
		</tracker>
		
		<texPath>Achievements/GottaGoFast</texPath>
		<points>10</points>
	</AchievementsExpanded.AchievementDef>
	
	<AchievementsExpanded.AchievementDef>
		<defName>MLRP_Achievement_Rarity</defName>
		<label>Fabulous, Darling!</label>
		<description>Craft a Rarity plushie</description>
		<tab>MLRP_AchievementTab</tab>
		
		<tracker Class="AchievementsExpanded.ItemCraftTracker">
			<def>PonyPlush_Rarity</def>
			<count>1</count>
		</tracker>
		
		<texPath>Achievements/FabulousDarling</texPath>
		<points>10</points>
	</AchievementsExpanded.AchievementDef>
	
	<AchievementsExpanded.AchievementDef>
		<defName>MLRP_Achievement_Scootaloo</defName>
		<label>Insert Chicken Joke Here</label>
		<description>Craft a Scootaloo plushie</description>
		<tab>MLRP_AchievementTab</tab>
		
		<tracker Class="AchievementsExpanded.ItemCraftTracker">
			<def>PonyPlush_Scootaloo</def>
			<count>1</count>
		</tracker>
		
		<texPath>Achievements/InsertChickenJokeHere</texPath>
		<points>10</points>
	</AchievementsExpanded.AchievementDef>
	
	<AchievementsExpanded.AchievementDef>
		<defName>MLRP_Achievement_ShiningArmour</defName>
		<label>Ooh, Shiny!</label>
		<description>Craft a Shining Armour plushie</description>
		<tab>MLRP_AchievementTab</tab>
		
		<tracker Class="AchievementsExpanded.ItemCraftTracker">
			<def>PonyPlush_ShiningArmour</def>
			<count>1</count>
		</tracker>
		
		<texPath>Achievements/OohShiny</texPath>
		<points>10</points>
	</AchievementsExpanded.AchievementDef>
	
	<AchievementsExpanded.AchievementDef>
		<defName>MLRP_Achievement_SpoiledRich</defName>
		<label>Too Posh For The Rim</label>
		<description>Craft a Spoiled Rich plushie</description>
		<tab>MLRP_AchievementTab</tab>
		
		<tracker Class="AchievementsExpanded.ItemCraftTracker">
			<def>PonyPlush_SpoiledRich</def>
			<count>1</count>
		</tracker>
		
		<texPath>Achievements/TooPoshForTheRim</texPath>
		<points>10</points>
	</AchievementsExpanded.AchievementDef>
	
	<AchievementsExpanded.AchievementDef>
		<defName>MLRP_Achievement_StarlightGlimmer</defName>
		<label>Glim Glammed Up</label>
		<description>Craft a Starlight Glimmer plushie</description>
		<tab>MLRP_AchievementTab</tab>
		
		<tracker Class="AchievementsExpanded.ItemCraftTracker">
			<def>PonyPlush_StarlightGlimmer</def>
			<count>1</count>
		</tracker>
		
		<texPath>Achievements/GlimGlammedUp</texPath>
		<points>10</points>
	</AchievementsExpanded.AchievementDef>
	
	<AchievementsExpanded.AchievementDef>
		<defName>MLRP_Achievement_SweetieBelle</defName>
		<label>Squeaking Not Included</label>
		<description>Craft a Sweetie Belle plushie</description>
		<tab>MLRP_AchievementTab</tab>
		
		<tracker Class="AchievementsExpanded.ItemCraftTracker">
			<def>PonyPlush_SweetieBelle</def>
			<count>1</count>
		</tracker>
		
		<texPath>Achievements/SqueakingNotIncluded</texPath>
		<points>10</points>
	</AchievementsExpanded.AchievementDef>
	
	<AchievementsExpanded.AchievementDef>
		<defName>MLRP_Achievement_TwilightSparkle</defName>
		<label>Book Horse</label>
		<description>Craft a Twilight Sparkle plushie</description>
		<tab>MLRP_AchievementTab</tab>
		
		<tracker Class="AchievementsExpanded.ItemCraftTracker">
			<def>PonyPlush_TwilightSparkle</def>
			<count>1</count>
		</tracker>
		
		<texPath>Achievements/BookHorse</texPath>
		<points>10</points>
	</AchievementsExpanded.AchievementDef>
	
	<AchievementsExpanded.AchievementDef>
		<defName>MLRP_Achievement_ElementsOfHarmony</defName>
		<label>The Six</label>
		<description>Craft the Elements of Harmony</description>
		<tab>MLRP_AchievementTab</tab>
		
		<tracker Class="AchievementsExpanded.ItemCraftTracker">
			<def>MLRP_ElementsOfHarmony</def>
			<count>1</count>
		</tracker>
		
		<texPath>Achievements/TheSix</texPath>
		<points>60</points>
	</AchievementsExpanded.AchievementDef>
	
	<AchievementsExpanded.AchievementDef>
		<defName>MLRP_Achievement_DaringDo</defName>
		<label>Daring Done... Again</label>
		<description>Craft a Daring Do plushie</description>
		<tab>MLRP_AchievementTab</tab>
		
		<tracker Class="AchievementsExpanded.ItemCraftTracker">
			<def>PonyPlush_DaringDo</def>
			<count>1</count>
		</tracker>
		
		<texPath>Achievements/DaringDoneAgain</texPath>
		<points>10</points>
	</AchievementsExpanded.AchievementDef>
	
	<!--BUILDINGS-->
	
	<AchievementsExpanded.AchievementDef>
		<defName>MLRP_Achievement_DiscordLamp</defName>
		<label>There, All Better</label>
		<description>Build a Discord lamp</description>
		<tab>MLRP_BuildingAchievementTab</tab>
		
		<tracker Class="AchievementsExpanded.BuildingTracker">
			<def>MLRP_DiscordLamp</def>
			<count>1</count>
		</tracker>
		
		<texPath>Achievements/ThereAllBetter</texPath>
		<points>10</points>
	</AchievementsExpanded.AchievementDef>
	
	<AchievementsExpanded.AchievementDef>
		<defName>MLRP_Achievement_ScrewballGenerator</defName>
		<label>Oddly Powerful</label>
		<description>Build a Screwball generator</description>
		<tab>MLRP_BuildingAchievementTab</tab>
		
		<tracker Class="AchievementsExpanded.BuildingTracker">
			<def>MLRP_ScrewballGenerator</def>
			<count>1</count>
		</tracker>
		
		<texPath>Achievements/OddlyPowerful</texPath>
		<points>10</points>
	</AchievementsExpanded.AchievementDef>
	
	<AchievementsExpanded.AchievementDef>
		<defName>MLRP_Achievement_SweetieBot</defName>
		<label>All Systems Nominal</label>
		<description>Build a Sweetie Bot turret</description>
		<tab>MLRP_BuildingAchievementTab</tab>
		
		<tracker Class="AchievementsExpanded.BuildingTracker">
			<def>MLRP_Turret_SweetieBot</def>
			<count>1</count>
		</tracker>
		
		<texPath>Achievements/AllSystemsNominal</texPath>
		<points>25</points>
	</AchievementsExpanded.AchievementDef>
	
	<AchievementsExpanded.AchievementDef>
		<defName>MLRP_Achievement_SweetieBot_TenTurrets</defName>
		<label>Beep Boop</label>
		<description>Build ten Sweetie Bot turrets</description>
		<tab>MLRP_BuildingAchievementTab</tab>
		
		<tracker Class="AchievementsExpanded.BuildingTracker">
			<def>MLRP_Turret_SweetieBot</def>
			<count>10</count>
		</tracker>
		
		<texPath>Achievements/TenSweetieBots</texPath>
		<points>100</points>
	</AchievementsExpanded.AchievementDef>
	
	<AchievementsExpanded.AchievementDef>
		<defName>MLRP_Achievement_Daybreaker</defName>
		<label>Feelin' Hot, Hot, Hot</label>
		<description>Build a statue of Daybreaker</description>
		<tab>MLRP_BuildingAchievementTab</tab>
		
		<tracker Class="AchievementsExpanded.BuildingTracker">
			<def>MLRP_Daybreaker</def>
			<count>1</count>
		</tracker>
		
		<texPath>Achievements/FeelinHotHotHot</texPath>
		<points>10</points>
	</AchievementsExpanded.AchievementDef>
	
	<AchievementsExpanded.AchievementDef>
		<defName>MLRP_Achievement_Daybreaker_Wood</defName>
		<label>Fire Hazard</label>
		<description>Build a wooden Daybreaker statue</description>
		<tab>MLRP_BuildingAchievementTab</tab>
		
		<tracker Class="AchievementsExpanded.BuildingTracker">
			<def>MLRP_Daybreaker</def>
			<madeFrom>WoodLog</madeFrom>
		</tracker>
		
		<texPath>Achievements/FireHazard</texPath>
		<points>5</points>
	</AchievementsExpanded.AchievementDef>
	
	<AchievementsExpanded.AchievementDef>
		<defName>MLRP_Achievement_NightmareMoon</defName>
		<label>Give Us Something Sweet To Bite</label>
		<description>Build a statue of Nightmare Moon</description>
		<tab>MLRP_BuildingAchievementTab</tab>
		
		<tracker Class="AchievementsExpanded.BuildingTracker">
			<def>MLRP_NightmareMoon</def>
			<count>1</count>
		</tracker>
		
		<texPath>Achievements/GiveUsSomethingSweetToBite</texPath>
		<points>10</points>
	</AchievementsExpanded.AchievementDef>
	
	<AchievementsExpanded.AchievementDef>
		<defName>MLRP_Achievement_NightmareMoon_Wood</defName>
		<label>You're Kidding, Right?</label>
		<description>Build a wooden Nightmare Moon statue</description>
		<tab>MLRP_BuildingAchievementTab</tab>
		
		<tracker Class="AchievementsExpanded.BuildingTracker">
			<def>MLRP_NightmareMoon</def>
			<madeFrom>WoodLog</madeFrom>
		</tracker>
		
		<texPath>Achievements/YoureKiddingRight</texPath>
		<points>5</points>
	</AchievementsExpanded.AchievementDef>
	
	<AchievementsExpanded.AchievementDef>
		<defName>MLRP_Achievement_MissPommel</defName>
		<label>The Other Fashion Mare</label>
		<description>Build the Fabric Exchange</description>
		<tab>MLRP_BuildingAchievementTab</tab>
		
		<tracker Class="AchievementsExpanded.BuildingTracker">
			<def>MLRP_MissPommel</def>
			<count>1</count>
		</tracker>
		
		<texPath>Achievements/TheOtherFashionMare</texPath>
		<points>10</points>
	</AchievementsExpanded.AchievementDef>
	
	<AchievementsExpanded.AchievementDef>
		<defName>MLRP_Achievement_DerpyHooves</defName>
		<label>Derpy Hooves Logistics</label>
		<description>Build a total of 100 Derpy Hooves transport pods</description>
		<tab>MLRP_BuildingAchievementTab</tab>
		
		<tracker Class="AchievementsExpanded.BuildingTracker">
			<def>MLRP_DerpyHooves</def>
			<count>100</count>
		</tracker>
		
		<texPath>Achievements/DerpyHoovesLogistics</texPath>
		<points>50</points>
	</AchievementsExpanded.AchievementDef>
	
	<AchievementsExpanded.AchievementDef>
		<defName>MLRP_Achievement_DerpyHoovesGold</defName>
		<label>Special Delivery!</label>
		<description>Build a golden Derpy Hooves</description>
		<tab>MLRP_BuildingAchievementTab</tab>
		
		<tracker Class="AchievementsExpanded.BuildingTracker">
			<def>MLRP_DerpyHooves</def>
			<madeFrom>Gold</madeFrom>
			<count>1</count>
		</tracker>
		
		<texPath>Achievements/SpecialDelivery</texPath>
		<points>50</points>
	</AchievementsExpanded.AchievementDef>
	
	<AchievementsExpanded.AchievementDef>
		<defName>MLRP_Achievement_MarblePie</defName>
		<label>Mm-Hmm</label>
		<description>Build the Stone Exchange</description>
		<tab>MLRP_BuildingAchievementTab</tab>
		
		<tracker Class="AchievementsExpanded.BuildingTracker">
			<def>MLRP_MarblePieStoneExchange</def>
			<count>1</count>
		</tracker>
		
		<texPath>Achievements/MmHmm</texPath>
		<points>10</points>
	</AchievementsExpanded.AchievementDef>
	
	<AchievementsExpanded.AchievementDef>
		<defName>MLRP_Achievement_MarblePie_MarbleBlocks</defName>
		<label>Namesake</label>
		<description>Build a marble Stone Exchange</description>
		<tab>MLRP_BuildingAchievementTab</tab>
		
		<tracker Class="AchievementsExpanded.BuildingTracker">
			<def>MLRP_MarblePieStoneExchange</def>
			<madeFrom>BlocksMarble</madeFrom>
		</tracker>
		
		<texPath>Achievements/Namesake</texPath>
		<points>10</points>
	</AchievementsExpanded.AchievementDef>
	
	<AchievementsExpanded.AchievementDef>
		<defName>MLRP_Achievement_VillainStatue</defName>
		<label>F*** Around, Find Out</label>
		<description>Build the Statue of the Three Villains</description>
		<tab>MLRP_BuildingAchievementTab</tab>
		
		<tracker Class="AchievementsExpanded.BuildingTracker">
			<def>MLRP_VillainStatue</def>
			<count>1</count>
		</tracker>
		
		<texPath>Things/Building/VillainStatue</texPath>
		<points>10</points>
	</AchievementsExpanded.AchievementDef>
	
	<AchievementsExpanded.AchievementDef>
		<defName>MLRP_Achievement_TreeHugger</defName>
		<label>Righteous!</label>
		<description>Build Tree Hugger</description>
		<tab>MLRP_BuildingAchievementTab</tab>
		
		<tracker Class="AchievementsExpanded.BuildingTracker">
			<def>MLRP_TreeHugger</def>
			<count>1</count>
		</tracker>
		
		<texPath>Achievements/Righteous</texPath>
		<points>10</points>
	</AchievementsExpanded.AchievementDef>
	
	<!--DECOYS-->
	
	<AchievementsExpanded.AchievementDef>
		<defName>MLRP_Achievement_Mudbriar</defName>
		<label>Stick It To Me</label>
		<description>Build a Mudbriar decoy</description>
		<tab>MLRP_BuildingAchievementTab</tab>
		
		<tracker Class="AchievementsExpanded.BuildingTracker">
			<def>MLRP_Mudbriar</def>
			<count>1</count>
		</tracker>
		
		<texPath>Achievements/StickItToMe</texPath>
		<points>25</points>
	</AchievementsExpanded.AchievementDef>
	
	<AchievementsExpanded.AchievementDef>
		<defName>MLRP_Achievement_QuibblePants</defName>
		<label>Quibble Me This</label>
		<description>Build a Quibble Pants decoy</description>
		<tab>MLRP_BuildingAchievementTab</tab>
		
		<tracker Class="AchievementsExpanded.BuildingTracker">
			<def>MLRP_QuibblePants</def>
			<count>1</count>
		</tracker>
		
		<texPath>Achievements/QuibbleMeThis</texPath>
		<points>25</points>
	</AchievementsExpanded.AchievementDef>
	
	<AchievementsExpanded.AchievementDef>
		<defName>MLRP_Achievement_ZephyrBreeze</defName>
		<label>Weaponised Arrogance</label>
		<description>Build a Zephyr Breeze decoy</description>
		<tab>MLRP_BuildingAchievementTab</tab>
		
		<tracker Class="AchievementsExpanded.BuildingTracker">
			<def>MLRP_ZephyrBreeze</def>
			<count>1</count>
		</tracker>
		
		<texPath>Achievements/WeaponisedArrogance</texPath>
		<points>25</points>
	</AchievementsExpanded.AchievementDef>
	
	<AchievementsExpanded.AchievementDef>
		<defName>MLRP_Achievement_MissHarshwhinny</defName>
		<label>Miss Harshwinter</label>
		<description>Build a Miss Harshwhinny cooler</description>
		<tab>MLRP_BuildingAchievementTab</tab>
		
		<tracker Class="AchievementsExpanded.BuildingTracker">
			<def>MLRP_MissHarshwhinny</def>
			<count>1</count>
		</tracker>
		
		<texPath>Achievements/MissHarshwinter</texPath>
		<points>10</points>
	</AchievementsExpanded.AchievementDef>
	
	<!--WEAPONS-->
	
	<AchievementsExpanded.AchievementDef>
		<defName>MLRP_Achievement_WifeThrower</defName>
		<label>(Crystal) Heart-Seeking Missile</label>
		<description>Craft a wife thrower</description>
		<tab>MLRP_WeaponAchievementTab</tab>
		
		<tracker Class="AchievementsExpanded.ItemCraftTracker">
			<def>MLRP_WifeThrower</def>
			<count>1</count>
		</tracker>
		
		<texPath>Achievements/CrystalHeartSeekingMissile</texPath>
		<points>10</points>
	</AchievementsExpanded.AchievementDef>
	
	<AchievementsExpanded.AchievementDef>
		<defName>MLRP_Achievement_WifeThrowerLegendary</defName>
		<label>Equestria Games Gold Medallist</label>
		<description>Craft a wife thrower of legendary quality</description>
		<tab>MLRP_WeaponAchievementTab</tab>
		
		<tracker Class="AchievementsExpanded.ItemCraftTracker">
			<def>MLRP_WifeThrower</def>
			<quality>Legendary</quality>
			<count>1</count>
		</tracker>
		
		<texPath>Achievements/LegendaryWifeThrower</texPath>
		<points>25</points>
	</AchievementsExpanded.AchievementDef>
	
	<AchievementsExpanded.AchievementDef>
		<defName>MLRP_Achievement_TennisBallLauncher</defName>
		<label>Having A Ball</label>
		<description>Craft a tennis ball launcher</description>
		<tab>MLRP_WeaponAchievementTab</tab>
		
		<tracker Class="AchievementsExpanded.ItemCraftTracker">
			<def>Izzy_SmokeLauncher</def>
			<count>1</count>
		</tracker>
		
		<texPath>Achievements/HavingABall</texPath>
		<points>10</points>
	</AchievementsExpanded.AchievementDef>
	
	<AchievementsExpanded.AchievementDef>
		<defName>MLRP_Achievement_TennisBallLauncherLegendary</defName>
		<label>Sssssssmokin'!</label>
		<description>Craft a tennis ball launcher of legendary quality</description>
		<tab>MLRP_WeaponAchievementTab</tab>
		
		<tracker Class="AchievementsExpanded.ItemCraftTracker">
			<def>Izzy_SmokeLauncher</def>
			<quality>Legendary</quality>
			<count>1</count>
		</tracker>
		
		<texPath>Achievements/LegendaryTennisBallLauncher</texPath>
		<points>25</points>
	</AchievementsExpanded.AchievementDef>
	
	<AchievementsExpanded.AchievementDef>
		<defName>MLRP_Achievement_RainbowLaser</defName>
		<label>Emphasis On 'Harm'</label>
		<description>Craft a rainbow laser</description>
		<tab>MLRP_WeaponAchievementTab</tab>
		
		<tracker Class="AchievementsExpanded.ItemCraftTracker">
			<def>MLRP_ElementsOfHarmonyWeaponised</def>
			<count>1</count>
		</tracker>
		
		<texPath>Achievements/EmphasisOnHarm</texPath>
		<points>10</points>
	</AchievementsExpanded.AchievementDef>
				
	<AchievementsExpanded.AchievementDef>
		<defName>MLRP_Achievement_RainbowLaserLegendary</defName>
		<label>Nothing Stops The Friendship Train</label>
		<description>Craft a rainbow laser of legendary quality</description>
		<tab>MLRP_WeaponAchievementTab</tab>
		
		<tracker Class="AchievementsExpanded.ItemCraftTracker">
			<def>MLRP_ElementsOfHarmonyWeaponised</def>
			<quality>Legendary</quality>
			<count>1</count>
		</tracker>
		
		<texPath>Achievements/LegendaryRainbowLaser</texPath>
		<points>25</points>
	</AchievementsExpanded.AchievementDef>
	
	<AchievementsExpanded.AchievementDef>
		<defName>MLRP_Achievement_OrbitalFriendShipCannon</defName>
		<label>Friendship Is Firepower</label>
		<description>Obtain an Orbital Friendship Cannon</description>
		<tab>MLRP_WeaponAchievementTab</tab>
		
		<tracker Class="AchievementsExpanded.ItemTracker">
			<def>MLRP_OFC_Weapon</def>
			<count>1</count>
		</tracker>
		
		<texPath>Achievements/FriendshipIsFirepower</texPath>
		<points>25</points>
	</AchievementsExpanded.AchievementDef>
	
	<AchievementsExpanded.AchievementDef>
		<defName>MLRP_Achievement_PartyCannonArtifact</defName>
		<label>Party Hard</label>
		<description>Obtain a Party Cannon</description>
		<tab>MLRP_AchievementTab</tab>
		
		<tracker Class="AchievementsExpanded.ItemTracker">
			<def>MLRP_PartyCannonArtifact</def>
			<count>1</count>
		</tracker>
		
		<texPath>Achievements/PartyHard</texPath>
		<points>25</points>
	</AchievementsExpanded.AchievementDef>
	
	<!--SPECIAL ACHIEVEMENTS-->
	
	<AchievementsExpanded.AchievementDef>
		<defName>MLRP_Achievement_NurseRedheart</defName>
		<label>Hellooooooo, Nurse!</label>
		<description>Obtain Nurse Redheart</description>
		<tab>MLRP_BuildingAchievementTab</tab>
		
		<tracker Class="AchievementsExpanded.ItemTracker">
			<def>MLRP_NurseRedheart</def>
			<count>1</count>
		</tracker>
		
		<texPath>Achievements/HelloooooooNurse</texPath>
		<points>25</points>
	</AchievementsExpanded.AchievementDef>
	
	<AchievementsExpanded.AchievementDef>
		<defName>MLRP_Achievement_SSCS6K</defName>
		<label>You've Got Opportunity</label>
		<description>Obtain the Super Speedy Cider Squeezy 6000</description>
		<tab>MLRP_BuildingAchievementTab</tab>
		
		<tracker Class="AchievementsExpanded.ItemTracker">
			<def>MLRP_SSCS6K</def>
			<count>1</count>
		</tracker>
		
		<texPath>Achievements/YouveGotOpportunity</texPath>
		<points>25</points>
	</AchievementsExpanded.AchievementDef>
	
	<AchievementsExpanded.AchievementDef>
		<defName>MLRP_Achievement_SunsetShimmer</defName>
		<label>Bringing Home The Bacon (Mane)</label>
		<description>Obtain a Sunset Shimmer plushie</description>
		<tab>MLRP_AchievementTab</tab>
		
		<tracker Class="AchievementsExpanded.ItemTracker">
			<def>PonyPlush_SunsetShimmer</def>
			<count>1</count>
		</tracker>
		
		<texPath>Achievements/BringingHomeTheBaconMane</texPath>
		<points>25</points>
	</AchievementsExpanded.AchievementDef>
	
	<AchievementsExpanded.AchievementDef>
		<defName>MLRP_Achievement_MagicMirror</defName>
		<label>Equestrian Girl Power</label>
		<description>Build a magic mirror</description>
		<tab>MLRP_BuildingAchievementTab</tab>
		
		<tracker Class="AchievementsExpanded.BuildingTracker">
			<def>MLRP_MagicMirrorGenerator</def>
			<count>1</count>
		</tracker>
		
		<texPath>Achievements/EquestrianGirlPower</texPath>
		<points>50</points>
	</AchievementsExpanded.AchievementDef>
	
	<AchievementsExpanded.AchievementDef>
		<defName>MLRP_Achievement_PoisonJokeBlindness</defName>
		<label>This Isn't Funny Any More</label>
		<description>Have a pawn go blind from smoking poison joke</description>
		<tab>MLRP_AchievementTab</tab>
		
		<tracker Class="AchievementsExpanded.HediffTracker">
			<def>MLRP_PoisonJokeBlindness</def>
			<count>1</count>
		</tracker>
		
		<texPath>Achievements/ThisIsntFunnyAnyMore</texPath>
		<points>50</points>
	</AchievementsExpanded.AchievementDef>
	
	<!--HUMAN LEATHER MANE SIX PLUSHIES-->
	
	<AchievementsExpanded.AchievementDef>
		<defName>MLRP_Achievement_HumanLeatherTwilight</defName>
		<label>Soylent Sparkle</label>
		<description>Craft a human leather Twilight Sparkle plushie</description>
		<tab>MLRP_AchievementTab</tab>
		
		<tracker Class="AchievementsExpanded.ItemCraftTracker">
			<def>PonyPlush_TwilightSparkle</def>
			<madeFrom>Leather_Human</madeFrom>
			<count>1</count>
		</tracker>
		
		<texPath>Achievements/SoylentSparkle</texPath>
		<points>10</points>
	</AchievementsExpanded.AchievementDef>
	
	<AchievementsExpanded.AchievementDef>
		<defName>MLRP_Achievement_HumanLeatherRarity</defName>
		<label>Why, Darling?!</label>
		<description>Craft a human leather Rarity plushie</description>
		<tab>MLRP_AchievementTab</tab>
		
		<tracker Class="AchievementsExpanded.ItemCraftTracker">
			<def>PonyPlush_Rarity</def>
			<madeFrom>Leather_Human</madeFrom>
			<count>1</count>
		</tracker>
		
		<texPath>Achievements/WhyDarling</texPath>
		<points>10</points>
	</AchievementsExpanded.AchievementDef>
	
	<AchievementsExpanded.AchievementDef>
		<defName>MLRP_Achievement_HumanLeatherRainbowDash</defName>
		<label>20% Grosser</label>
		<description>Craft a human leather Rainbow Dash plushie</description>
		<tab>MLRP_AchievementTab</tab>
		
		<tracker Class="AchievementsExpanded.ItemCraftTracker">
			<def>PonyPlush_RainbowDash</def>
			<madeFrom>Leather_Human</madeFrom>
			<count>1</count>
		</tracker>
		
		<texPath>Achievements/TwentyPercentGrosser</texPath>
		<points>10</points>
	</AchievementsExpanded.AchievementDef>
	
	<AchievementsExpanded.AchievementDef>
		<defName>MLRP_Achievement_HumanLeatherApplejack</defName>
		<label>What In Tarnation?</label>
		<description>Craft a human leather Applejack plushie</description>
		<tab>MLRP_AchievementTab</tab>
		
		<tracker Class="AchievementsExpanded.ItemCraftTracker">
			<def>PonyPlush_Applejack</def>
			<madeFrom>Leather_Human</madeFrom>
			<count>1</count>
		</tracker>
		
		<texPath>Achievements/WhatInTarnation</texPath>
		<points>10</points>
	</AchievementsExpanded.AchievementDef>
	
	<AchievementsExpanded.AchievementDef>
		<defName>MLRP_Achievement_HumanLeatherFluttershy</defName>
		<label>That Wasn't Very Kind Of You</label>
		<description>Craft a human leather Fluttershy plushie</description>
		<tab>MLRP_AchievementTab</tab>
		
		<tracker Class="AchievementsExpanded.ItemCraftTracker">
			<def>PonyPlush_Fluttershy</def>
			<madeFrom>Leather_Human</madeFrom>
			<count>1</count>
		</tracker>
		
		<texPath>Achievements/ThatWasntVeryKindOfYou</texPath>
		<points>10</points>
	</AchievementsExpanded.AchievementDef>
	
	<AchievementsExpanded.AchievementDef>
		<defName>MLRP_Achievement_HumanLeatherPinkiePie</defName>
		<label>Rimcakes</label>
		<description>Craft a human leather Pinkie Pie plushie</description>
		<tab>MLRP_AchievementTab</tab>
		
		<tracker Class="AchievementsExpanded.ItemCraftTracker">
			<def>PonyPlush_PinkiePie</def>
			<madeFrom>Leather_Human</madeFrom>
			<count>1</count>
		</tracker>
		
		<texPath>Achievements/Rimcakes</texPath>
		<points>10</points>
	</AchievementsExpanded.AchievementDef>
	
	<!--OTHER STUFFABLES-->
	
	<AchievementsExpanded.AchievementDef>
		<defName>MLRP_Achievement_ThrumbofurFleurDeLis</defName>
		<label>Putting The 'Super' In 'Supermodel'</label>
		<description>Craft a thrumbofur Fleur de Lis plushie</description>
		<tab>MLRP_AchievementTab</tab>
		
		<tracker Class="AchievementsExpanded.ItemCraftTracker">
			<def>PonyPlush_FleurDeLis</def>
			<madeFrom>Leather_Thrumbo</madeFrom>
			<count>1</count>
		</tracker>
		
		<texPath>Achievements/PuttingTheSuperInSupermodel</texPath>
		<points>10</points>
	</AchievementsExpanded.AchievementDef>
	
	<AchievementsExpanded.AchievementDef>
		<defName>MLRP_Achievement_BirdskinScootaloo</defName>
		<label>Cluck Off!</label>
		<description>Craft a birdskin Scootaloo plushie</description>
		<tab>MLRP_AchievementTab</tab>
		
		<tracker Class="AchievementsExpanded.ItemCraftTracker">
			<def>PonyPlush_Scootaloo</def>
			<madeFrom>Leather_Bird</madeFrom>
			<count>1</count>
		</tracker>
		
		<texPath>Achievements/CluckOff</texPath>
		<points>10</points>
	</AchievementsExpanded.AchievementDef>

</Defs>