<Patch>

	<Operation Class="PatchOperationFindMod">
		<mods>
			<li>Vanilla Recycling Expanded</li>
		</mods>
		<match Class="PatchOperationAdd">
			<xpath>Defs</xpath>
			<value>
				<RecipeDef ParentName="DaybreakerRecipes_RegularChemfuel">
					<defName>MLRP_DB_VAE_BulkCreateTrashbrick</defName>
					<label>create trashbricks</label>
					<description>Create 1000 trashbricks, using chemfuel to accelerate the process.\n\nEven Daybreaker can't stand the smell of tox gas, so she will use her magic to prevent it from being released.</description>
					<researchPrerequisite>VRecyclingE_ComplexRecycling</researchPrerequisite>
					<jobString>Making trashbricks.</jobString>
					<workSpeedStat>GeneralLaborSpeed</workSpeedStat>
					<workSkill>Crafting</workSkill>
					<effectWorking>Cremate</effectWorking>
					<soundWorking>Recipe_Cremate</soundWorking>
					<allowMixingIngredients>false</allowMixingIngredients>
					<workAmount>600</workAmount>
					<recipeUsers>
						<li>MLRP_Daybreaker</li>
					</recipeUsers>
					<ingredients>
						<li>
							<filter>
								<thingDefs>
									<li>VRecyclingE_Trash</li>
								</thingDefs>
							</filter>
							<count>200</count>
						</li>
					</ingredients>
					<products>
						<VRecyclingE_TrashBrick>1000</VRecyclingE_TrashBrick>
					</products>
				</RecipeDef>
			</value>
		</match>
	</Operation>

</Patch>