<Patch>

	<!--TRAIT CONFLICTS

	<Operation Class="PatchOperationAdd">
	    <xpath>Defs/TraitDef[defName="Psychopath"]</xpath>
	    <value>
			<conflictingTraits>
				<li>MLRP_BronyTrait</li>
			</conflictingTraits>
	    </value>
	</Operation>-->
	
	<!--IGNORE INSULTS-->
	
	<Operation Class="PatchOperationConditional">
		<xpath>Defs/ThoughtDef[defName="InsultedMood"]/nullifyingTraits</xpath>
		<nomatch Class="PatchOperationAdd">
			<xpath>Defs/ThoughtDef[defName="InsultedMood"]</xpath>
			<value>
				<nullifyingTraits>
					<li>MLRP_BronyTrait</li>
				</nullifyingTraits>
			</value>
		</nomatch>
		<match Class="PatchOperationAdd">
			<xpath>Defs/ThoughtDef[defName="InsultedMood"]/nullifyingTraits</xpath>
			<value>
				<li>MLRP_BronyTrait</li>
			</value>
		</match>
	</Operation>
	
	<Operation Class="PatchOperationConditional">
		<xpath>Defs/ThoughtDef[defName="Insulted"]/nullifyingTraits</xpath>
		<nomatch Class="PatchOperationAdd">
			<xpath>Defs/ThoughtDef[defName="Insulted"]</xpath>
			<value>
				<nullifyingTraits>
					<li>MLRP_BronyTrait</li>
				</nullifyingTraits>
			</value>
		</nomatch>
		<match Class="PatchOperationAdd">
			<xpath>Defs/ThoughtDef[defName="Insulted"]/nullifyingTraits</xpath>
			<value>
				<li>MLRP_BronyTrait</li>
			</value>
		</match>
	</Operation>
	
	<!--DO NOT JUDGE OTHERS-->
	
	<Operation Class="PatchOperationConditional">
		<xpath>Defs/ThoughtDef[defName="Disfigured"]/nullifyingTraits</xpath>
		<nomatch Class="PatchOperationAdd">
			<xpath>Defs/ThoughtDef[defName="Disfigured"]</xpath>
			<value>
				<nullifyingTraits>
					<li>MLRP_BronyTrait</li>
				</nullifyingTraits>
			</value>
		</nomatch>
		<match Class="PatchOperationAdd">
			<xpath>Defs/ThoughtDef[defName="Disfigured"]/nullifyingTraits</xpath>
			<value>
				<li>MLRP_BronyTrait</li>
			</value>
		</match>
	</Operation>
	
	<Operation Class="PatchOperationConditional">
		<xpath>Defs/ThoughtDef[defName="Ugly"]/nullifyingTraits</xpath>
		<nomatch Class="PatchOperationAdd">
			<xpath>Defs/ThoughtDef[defName="Ugly"]</xpath>
			<value>
				<nullifyingTraits>
					<li>MLRP_BronyTrait</li>
				</nullifyingTraits>
			</value>
		</nomatch>
		<match Class="PatchOperationAdd">
			<xpath>Defs/ThoughtDef[defName="Ugly"]/nullifyingTraits</xpath>
			<value>
				<li>MLRP_BronyTrait</li>
			</value>
		</match>
	</Operation>

	<Operation Class="PatchOperationConditional">
		<xpath>Defs/ThoughtDef[defName="AnnoyingVoice"]/nullifyingTraits</xpath>
		<nomatch Class="PatchOperationAdd">
			<xpath>Defs/ThoughtDef[defName="AnnoyingVoice"]</xpath>
			<value>
				<nullifyingTraits>
					<li>MLRP_BronyTrait</li>
				</nullifyingTraits>
			</value>
		</nomatch>
		<match Class="PatchOperationAdd">
			<xpath>Defs/ThoughtDef[defName="AnnoyingVoice"]/nullifyingTraits</xpath>
			<value>
				<li>MLRP_BronyTrait</li>
			</value>
		</match>
	</Operation>
	
	<Operation Class="PatchOperationConditional">
		<xpath>Defs/ThoughtDef[defName="CreepyBreathing"]/nullifyingTraits</xpath>
		<nomatch Class="PatchOperationAdd">
			<xpath>Defs/ThoughtDef[defName="CreepyBreathing"]</xpath>
			<value>
				<nullifyingTraits>
					<li>MLRP_BronyTrait</li>
				</nullifyingTraits>
			</value>
		</nomatch>
		<match Class="PatchOperationAdd">
			<xpath>Defs/ThoughtDef[defName="CreepyBreathing"]/nullifyingTraits</xpath>
			<value>
				<li>MLRP_BronyTrait</li>
			</value>
		</match>
	</Operation>
	
</Patch>