<loadFolders>
	<v1.5>
		<!--MAIN CONTENT-->
		<li>Core</li>
		<!--DLCs-->
		<li IfModActive="Ludeon.RimWorld.Royalty">Royalty</li>
		<li IfModActive="Ludeon.RimWorld.Ideology">Ideology</li>
		<li IfModActive="Ludeon.RimWorld.Biotech">Biotech</li>
		<li IfModActive="Ludeon.RimWorld.Anomaly">Anomaly</li>
		<li IfModActive="Ludeon.RimWorld.Odyssey">Odyssey</li>
		<!--OTHER MODS-->
		<li IfModActive="UnlimitedHugs.HugsLib">HugsLib</li> <!--News Updates-->
		<li IfModActive="sarg.alphagenes">Alpha Genes</li>
		<li IfModActive="Dubwise.DubsBadHygiene">DubsMods/Bad Hygiene</li>
		<li IfModActive="Dubwise.Rimefeller">DubsMods/Rimefeller</li>
		<li IfModActive="Dubwise.Rimatomics">DubsMods/Rimatomics</li>
		<li IfModActive="Pony.PoniesOfTheRim.Core">Ponies of the Rim/Core</li>
		<li IfModActive="Pony.PoniesOfTheRim.Batponies">Ponies of the Rim/Batponies</li>
		<li IfModActive="Torann.RimWar">Rim War</li>
		<li IfModActive="phil42.allergies">Allergies</li>
		<li IfModActive="vanillaexpanded.achievements">Vanilla Achievements Expanded</li>
		<li IfModActive="vanillaexpanded.backgrounds">Vanilla Backgrounds Expanded</li>
		<li IfModActive="VanillaExpanded.VanillaBackstoriesExpanded">Vanilla Backstories Expanded</li>
		<li IfModActive="OskarPotocki.VFE.Deserters">Vanilla Factions Expanded/Deserters</li>
		<li IfModActive="OskarPotocki.VFE.Vikings">Vanilla Factions Expanded/Vikings</li>
		<li IfModActive="vanillaexpanded.outposts">Vanilla Outposts Expanded</li>
		<li IfModActive="imranfish.xmlextensions">XML Extensions</li>
		<li IfModActive="CETeam.CombatExtended">Combat Extended</li>
	</v1.5>
	<v1.6>
		<!--MAIN CONTENT-->
		<li>Core</li>
		<!--DLCs-->
		<li IfModActive="Ludeon.RimWorld.Royalty">Royalty</li>
		<li IfModActive="Ludeon.RimWorld.Ideology">Ideology</li>
		<li IfModActive="Ludeon.RimWorld.Biotech">Biotech</li>
		<li IfModActive="Ludeon.RimWorld.Anomaly">Anomaly</li>
		<li IfModActive="Ludeon.RimWorld.Odyssey">Odyssey</li>
		<!--OTHER MODS-->
		<li IfModActive="UnlimitedHugs.HugsLib">HugsLib</li> <!--News Updates-->
		<li IfModActive="sarg.alphagenes">Alpha Genes</li>
		<li IfModActive="Dubwise.DubsBadHygiene">DubsMods/Bad Hygiene</li>
		<li IfModActive="Dubwise.Rimefeller">DubsMods/Rimefeller</li>
		<!--<li IfModActive="Dubwise.Rimatomics">DubsMods/Rimatomics</li>-->
		<li IfModActive="Pony.PoniesOfTheRim.Core">Ponies of the Rim/Core</li>
		<li IfModActive="Pony.PoniesOfTheRim.Batponies">Ponies of the Rim/Batponies</li>
		<li IfModActive="Torann.RimWar">Rim War</li>
		<li IfModActive="phil42.allergies">Allergies</li>
		<li IfModActive="vanillaexpanded.achievements">Vanilla Achievements Expanded</li>
		<li IfModActive="vanillaexpanded.backgrounds">Vanilla Backgrounds Expanded</li>
		<li IfModActive="VanillaExpanded.VanillaBackstoriesExpanded">Vanilla Backstories Expanded</li>
		<li IfModActive="OskarPotocki.VFE.Deserters">Vanilla Factions Expanded/Deserters</li>
		<li IfModActive="OskarPotocki.VFE.Vikings">Vanilla Factions Expanded/Vikings</li>
		<li IfModActive="vanillaexpanded.outposts">Vanilla Outposts Expanded</li>
		<li IfModActive="imranfish.xmlextensions">XML Extensions</li>
		<li IfModActive="CETeam.CombatExtended">Combat Extended</li>
		<li>1.6</li> <!--Does putting this at the bottom mean it gets loaded last? I honestly don't know.-->
	</v1.6>
</loadFolders>