<Defs>

<!--REGULAR SCENERY-->

    <VBE.BackgroundImageDef>
        <defName>MLRP_BG_CanterlotFromAbove</defName>
        <label>Canterlot From Above</label>
        <description>A view of Canterlot from above.</description>
        <path>Backgrounds/CanterlotFromAbove</path>
        <iconPath>UI/Issues/ElementsOfHarmony</iconPath>
    </VBE.BackgroundImageDef>
	
<!--PONY FOCUSED BACKGROUNDS-->

    <VBE.BackgroundImageDef>
        <defName>MLRP_BG_PrincessTwilightReading</defName>
        <label>Princess Twilight Reading</label>
        <description>Princess Twilight Sparkle reading the Friendship Journal.</description>
        <path>Backgrounds/PrincessTwilightReading</path>
        <iconPath>UI/Issues/ElementsOfHarmony</iconPath>
    </VBE.BackgroundImageDef>
	
    <VBE.BackgroundImageDef>
        <defName>MLRP_BG_RarityAsPrincessPlatinum</defName>
        <label>Rarity As Princess Platinum</label>
        <description>Rarity, in her role as Princess Platinum, observes what will soon become Equestria.</description>
        <path>Backgrounds/RarityAsPrincessPlatinum</path>
        <iconPath>UI/Issues/ElementsOfHarmony</iconPath>
    </VBE.BackgroundImageDef>
	
    <VBE.BackgroundImageDef>
        <defName>MLRP_BG_RainbowDashInCherryBlossom</defName>
        <label>Rainbow Dash In Cherry Blossom</label>
        <description>Rainbow Dash standing underneath a cherry blossom tree as the leaves fall around her.</description>
        <path>Backgrounds/RainbowDashInCherryBlossom</path>
        <iconPath>UI/Issues/ElementsOfHarmony</iconPath>
    </VBE.BackgroundImageDef>
	
    <VBE.BackgroundImageDef>
        <defName>MLRP_BG_ApplejackOnTheFarm</defName>
        <label>Applejack On The Farm</label>
        <description>Applejack walking along a path at Sweet Apple Acres.</description>
        <path>Backgrounds/ApplejackOnTheFarm</path>
        <iconPath>UI/Issues/ElementsOfHarmony</iconPath>
    </VBE.BackgroundImageDef>
	
    <VBE.BackgroundImageDef>
        <defName>MLRP_BG_FluttershyAndHerAnimals</defName>
        <label>Fluttershy And Her Animals</label>
        <description>Fluttershy with some of her animal friends.</description>
        <path>Backgrounds/FluttershyAndHerAnimals</path>
        <iconPath>UI/Issues/ElementsOfHarmony</iconPath>
    </VBE.BackgroundImageDef>
	
    <VBE.BackgroundImageDef>
        <defName>MLRP_BG_PinkiePieAtTheMirrorPool</defName>
        <label>Pinkie Pie At The Mirror Pool</label>
        <description>Pinkie Pie finds the Mirror Pool. Hoo boy.</description>
        <path>Backgrounds/PinkiePieAtTheMirrorPool</path>
        <iconPath>UI/Issues/ElementsOfHarmony</iconPath>
    </VBE.BackgroundImageDef>
	
    <VBE.BackgroundImageDef>
        <defName>MLRP_BG_CelestiaTheWatcher</defName>
        <label>Celestia The Watcher</label>
        <description>A younger Princess Celestia watches over her subjects.</description>
        <path>Backgrounds/CelestiaTheWatcher</path>
        <iconPath>UI/Issues/ElementsOfHarmony</iconPath>
    </VBE.BackgroundImageDef>
	
    <VBE.BackgroundImageDef>
        <defName>MLRP_BG_LunaInTheForest</defName>
        <label>Luna In The Forest</label>
        <description>Princess Luna standing in a forest clearing.</description>
        <path>Backgrounds/LunaInTheForest</path>
        <iconPath>UI/Issues/ElementsOfHarmony</iconPath>
    </VBE.BackgroundImageDef>
	
	<!--G5 BACKGROUNDS-->
	
    <VBE.BackgroundImageDef>
        <defName>MLRP_BG_SunnyAndHerFriends</defName>
        <label>Sunny And Her Friends</label>
        <description>Sunny, Izzy, Zipp, Hitch and Pipp spend some time together.</description>
        <path>Backgrounds/SunnyAndHerFriends</path>
        <iconPath>UI/Issues/ElementsOfHarmony</iconPath>
    </VBE.BackgroundImageDef>
	
	<!--HAYWICK, BECAUSE OF COURSE I'D INCLUDE HER SOMEHOW-->	
	
    <VBE.BackgroundImageDef>
        <defName>MLRP_BG_ObligatoryOCBackground</defName>
        <label>Obligatory background of the mod creator's OC.</label>
        <description>Sometimes she forgets that she's a trained medical practitioner.</description>
        <path>Backgrounds/ObligatoryOCBackground</path>
        <iconPath>UI/Issues/ElementsOfHarmony</iconPath>
    </VBE.BackgroundImageDef>
	
</Defs>