<Patch>

<Operation Class="PatchOperationFindMod">
    <mods>
        <li>Allergies</li>
    </mods>
    <match Class="PatchOperationAdd">
	    <xpath>Defs</xpath>
	    <value>
			<AchievementsExpanded.AchievementDef>
				<defName>MLRP_Achievement_Meadowbrook</defName>
				<label>The Healer Is In</label>
				<description>Craft a Meadowbrook plushie</description>
				<tab>MLRP_AchievementTab</tab>
				
				<tracker Class="AchievementsExpanded.ItemCraftTracker">
					<def>PonyPlush_Meadowbrook</def>
					<count>1</count>
				</tracker>
				
				<texPath>Achievements/TheHealerIsIn</texPath>
				<points>10</points>
			</AchievementsExpanded.AchievementDef>
		</value>
	</match>
</Operation>

</Patch>