<?xml version="1.0" encoding="utf-8" ?>

<Patch>

<Operation Class="PatchOperationFindMod">
    <mods>
        <li>A RimWorld of Magic</li>
    </mods>
	<match Class="PatchOperationSequence">
		<operations>
			<li Class="PatchOperationReplace">
				<xpath>/Defs/ThingDef[defName="PonyPlush_TwilightSparkle"]/label</xpath>
				<value>
					<label>Twilight Sparkle (alicorn)</label>
				</value>
			</li>
			<li Class="PatchOperationAdd">
			  <xpath>Defs</xpath>
			  <value>
				<ThingDef ParentName="PonyPlushBase">
					<thingClass>Apparel</thingClass>
					<defName>PonyPlush_UnicornTwilight</defName>
					<label>Twilight Sparkle (unicorn)</label>
					<description>Before she became the Princess of Friendship, Twilight Sparkle was one of the most powerful unicorns in Equestria; there are many who say she was almost as powerful as Princess Celestia herself.\n\nCarrying her makes you feel as though you have more control over your own magical abilities.\n\nMax Energy: +15%\nEnergy Regen: +15%\nAbility Cooldown: -10%</description>
					<techLevel>Industrial</techLevel>
					<graphicData>
						<texPath>Things/PonyPlush/AROW/UnicornTwilight</texPath>
						<graphicClass>Graphic_Single</graphicClass>
						<drawSize>1</drawSize>
					</graphicData>
					<comps>
						<li Class="TorannMagic.Enchantment.CompProperties_EnchantedItem">
							<hasEnchantment>true</hasEnchantment>		
							<maxMP>0.15</maxMP>
							<maxMPTier>Major</maxMPTier>
							<mpRegenRate>0.15</mpRegenRate>
							<mpRegenRateTier>Crafted</mpRegenRateTier>
							<coolDown>-0.10</coolDown>
							<coolDownTier>Crafted</coolDownTier>
						</li>
					</comps>
				  </ThingDef>
			  </value>
			</li>
		</operations>
	</match>
</Operation>
	
</Patch>