<Defs>

<GeneDef>
	<defName>MLRP_EarthPonyGene</defName>
	<label>earth pony strength</label> 
	<labelShortAdj>strength</labelShortAdj> 
	<description>Carriers of this gene can carry additional weight.</description>
	<iconPath>UI/Icons/Genes/EarthPony</iconPath>
	<displayCategory>MLRP_GeneCategory</displayCategory>
	<displayOrderInCategory>0</displayOrderInCategory>
	<statFactors>
		<CarryingCapacity>1.25</CarryingCapacity>
	</statFactors>
	<biostatMet>-1</biostatMet>
	<biostatCpx>1</biostatCpx>
    <symbolPack>
      <prefixSymbols>
        <li><symbol>earth pony</symbol></li>
      </prefixSymbols>
      <suffixSymbols>
        <li><symbol>strength</symbol></li>
      </suffixSymbols>
    </symbolPack>
</GeneDef>
  
</Defs>