<Defs>

<GeneDef>
    <defName>MLRP_BronyGene</defName>
    <label>brony</label>
    <labelShortAdj>brony</labelShortAdj>
    <description>Carriers of this gene are bronies.</description>
    <iconPath>Things/EquestrianFlag</iconPath>
    <forcedTraits>
		<li>
			<def>MLRP_BronyTrait</def>
		</li>
    </forcedTraits>
	<suppressedTraits>
		<li>
			<def>MLRP_AntiBronyTrait</def>
		</li>
    </suppressedTraits>
    <biostatCpx>0</biostatCpx>
    <biostatMet>0</biostatMet>
</GeneDef>

</Defs>