<Defs>

<GeneDef>
	<defName>MLRP_AlicornGene</defName>
	<label>shrewd negotiator</label> 
	<labelShortAdj>negotiator</labelShortAdj> 
	<description>Carriers of this gene have the ability to vastly improve their social skills once per quadrum.</description>
	<iconPath>UI/Icons/Genes/Alicorn</iconPath>
	<displayCategory>MLRP_GeneCategory</displayCategory>
	<displayOrderInCategory>60</displayOrderInCategory>
    <abilities>
      <li>MLRP_ShrewdNegotiator</li>
    </abilities>
    <symbolPack>
      <prefixSymbols>
        <li><symbol>ali</symbol></li>
        <li><symbol>uni</symbol></li>
        <li><symbol>pega</symbol></li>
        <li><symbol>earth</symbol></li>
      </prefixSymbols>
      <suffixSymbols>
        <li><symbol>corn</symbol></li>
        <li><symbol>sus</symbol></li>
        <li><symbol>pony</symbol></li>
      </suffixSymbols>
    </symbolPack>
</GeneDef>

</Defs>