<Defs>

	<GeneDef ParentName="GeneVoiceBase">
		<defName>MLRP_VoiceHorse</defName>
		<label>horse voice</label>
		<description>Carriers of this gene have a voice which makes them sound like a horse.</description>
		<iconPath>UI/Icons/Genes/Gene_VoiceHorse</iconPath>
		<displayOrderInCategory>125</displayOrderInCategory>
		<soundCall>Pawn_Horse_Call</soundCall>
		<soundDeath>Pawn_Horse_Death</soundDeath>
		<soundWounded>Pawn_Horse_Wounded</soundWounded>
		<symbolPack>
			<wholeNameSymbols>
				<li><symbol>horsey</symbol></li>
				<li><symbol>neigher</symbol></li>
				<li><symbol>whinnyer</symbol></li>
			</wholeNameSymbols>
			<prefixSymbols>
				<li><symbol>neigh</symbol></li>
				<li><symbol>whinny</symbol></li>
				<li><symbol>nicker</symbol></li>
				<li><symbol>snort</symbol></li>
				<li><symbol>squeal</symbol></li>
			</prefixSymbols>
			<suffixSymbols>
				<li><symbol>neigh</symbol></li>
				<li><symbol>whinny</symbol></li>
				<li><symbol>nicker</symbol></li>
				<li><symbol>snort</symbol></li>
				<li><symbol>squeal</symbol></li>
			</suffixSymbols>
		</symbolPack>
	</GeneDef>
	
	<GeneDef ParentName="GeneVoiceBase">
		<defName>MLRP_InsectVoice</defName>
		<label>insect voice</label>
		<description>Carriers of this gene have a voice which makes them sound like a giant insect.</description>
		<iconPath>UI/Icons/Genes/Changeling</iconPath>
		<displayOrderInCategory>125</displayOrderInCategory>
		<soundCall>Pawn_Megascarab_Call</soundCall>
		<soundDeath>Pawn_Megascarab_Death</soundDeath>
		<soundWounded>Pawn_Megascarab_Wounded</soundWounded>
		<symbolPack>
			<wholeNameSymbols>
				<li><symbol>insect</symbol></li>
				<li><symbol>bug</symbol></li>
			</wholeNameSymbols>
			<prefixSymbols>
				<li><symbol>bug</symbol></li>
				<li><symbol>insect</symbol></li>
				<li><symbol>buzz</symbol></li>
				<li><symbol>drone</symbol></li>
			</prefixSymbols>
			<suffixSymbols>
				<li><symbol>bug</symbol></li>
				<li><symbol>insect</symbol></li>
				<li><symbol>buzz</symbol></li>
				<li><symbol>drone</symbol></li>
			</suffixSymbols>
		</symbolPack>
	</GeneDef>

</Defs>