<Defs>

<GeneDef>
	<defName>MLRP_PegasusGene</defName>
	<label>pegasus agility</label> 
	<labelShortAdj>pegasus</labelShortAdj> 
	<description>Carriers of this gene have an improved chance of dodging melee attacks and traps.</description>
	<iconPath>UI/Icons/Genes/Pegasus</iconPath>
	<displayCategory>MLRP_GeneCategory</displayCategory>
	<displayOrderInCategory>20</displayOrderInCategory>
	<statFactors>
		<MeleeDodgeChance>1.1</MeleeDodgeChance>
		<PawnTrapSpringChance>-0.1</PawnTrapSpringChance>
	</statFactors>
	<biostatMet>-2</biostatMet>
	<biostatCpx>2</biostatCpx>
    <symbolPack>
      <prefixSymbols>
        <li><symbol>pegasus</symbol></li>
      </prefixSymbols>
      <suffixSymbols>
        <li><symbol>wings</symbol></li>
      </suffixSymbols>
    </symbolPack>
</GeneDef>
  
</Defs>