<Defs>

<XenotypeDef>
    <defName>MLRP_Xeno_Alicorn</defName>
    <label>alicorn</label>
    <description>This xenotype is one of several that was created by a group calling itself the 'Equestrian Integration Society.' Their goal was to create xenotypes based on the many races that inhabit Equestria, but the end results turned out to be much different than they expected.\n\nAlicorns have exceptional artistic and social skills, but fare poorly at everything else. They are exceedingly beautiful, and can heal wounds or gain immunity to disease faster than other races, but are vulnerable to attack.\n\nThey can also increase their social skills by a substantial amount for a time, but only once per quadrum.</description>
    <descriptionShort>Alicorns are beautiful, have excellent art and social skills, and can heal very fast. They are vulnerable to attack, and struggle with many other skills, but have the ability to vastly increase their social skills once per quadrum.</descriptionShort>
	<iconPath>UI/Icons/Genes/Alicorn</iconPath>
	<nameMaker>NamerBrony</nameMaker>
    <nameMakerFemale>NamerBronyFemale</nameMakerFemale>
	<chanceToUseNameMaker>1</chanceToUseNameMaker>
	<inheritable>true</inheritable>
	<genes>
		<li>Immunity_SuperStrong</li>
		<li>WoundHealing_SuperFast</li>
		<li>Delicate</li>
		<li>Beauty_Beautiful</li>
		<li>Headbone_CenterHorn</li>
		<li>AptitudePoor_Shooting</li>
		<li>AptitudePoor_Melee</li>
		<li>AptitudePoor_Construction</li>
		<li>AptitudePoor_Mining</li>
		<li>AptitudePoor_Cooking</li>
		<li>AptitudePoor_Plants</li>
		<li>AptitudePoor_Animals</li>
		<li>AptitudePoor_Crafting</li>
		<li>AptitudeRemarkable_Artistic</li>
		<li>AptitudePoor_Medicine</li>
		<li>AptitudeRemarkable_Social</li>
		<li>MLRP_AlicornGene</li>
		<li>Jaw_Baseline</li>
		<li>Ears_Human</li>
		<li>Nose_Human</li>
		<li>MLRP_VoiceHorse</li>
		<li>Hands_Human</li>
		<li>Body_Thin</li>
		<li>Hair_LightBlue</li>
		<li>Hair_LightTeal</li>
		<li>Hair_LightGreen</li>
		<li>Hair_Pink</li>
		<li>Hair_LightPurple</li>
		<li>Hair_BrightRed</li>
		<li>MLRP_BronyGene</li>
	</genes>
</XenotypeDef>

<XenotypeDef>
    <defName>MLRP_Xeno_EarthPony</defName>
    <label>earth pony</label>
    <description>This xenotype is one of several that was created by a group calling itself the 'Equestrian Integration Society.' Their goal was to create xenotypes based on the many races that inhabit Equestria, but the end results turned out to be much different than they expected.\n\nEarth ponies are sturdy beings who excel at working with nature, but aren't very good at more 'advanced' skills, such as crafting.\n\nThey also have quite large appetites, and will consume more food than the other pony races.</description>
    <descriptionShort>Earth ponies excel at working with plants and animals, but struggle with more intellectual skills. They can shrug off most blows, and will not slow down when attacked. However, they do tend to eat a lot.</descriptionShort>
	<iconPath>UI/Icons/Genes/EarthPony</iconPath>
	<nameMaker>NamerBrony</nameMaker>
    <nameMakerFemale>NamerBronyFemale</nameMakerFemale>
	<chanceToUseNameMaker>1</chanceToUseNameMaker>
	<inheritable>true</inheritable>
	<genes>
		<li>Robust</li>
		<li>Unstoppable</li>
		<li>AptitudeRemarkable_Plants</li>
		<li>AptitudeRemarkable_Animals</li>
		<li>AptitudeRemarkable_Mining</li>
		<li>AptitudeTerrible_Crafting</li>
		<li>AptitudeTerrible_Artistic</li>
		<li>AptitudeTerrible_Intellectual</li>
		<li>AptitudeTerrible_Medicine</li>
		<li>Headbone_Human</li>
		<li>Jaw_Baseline</li>
		<li>Ears_Human</li>
		<li>Nose_Human</li>
		<li>MLRP_VoiceHorse</li>
		<li>Hands_Human</li>
		<li>Body_Thin</li>
		<li>Hair_LightBlue</li>
		<li>Hair_LightTeal</li>
		<li>Hair_LightGreen</li>
		<li>Hair_Pink</li>
		<li>Hair_LightPurple</li>
		<li>Hair_BrightRed</li>
		<li>MLRP_BronyGene</li>
	</genes>
</XenotypeDef>

<XenotypeDef>
    <defName>MLRP_Xeno_Unicorn</defName>
    <label>unicorn</label>
    <description>This xenotype is one of several that was created by a group calling itself the 'Equestrian Integration Society.' Their goal was to create xenotypes based on the many races that inhabit Equestria, but the end results turned out to be much different than they expected.\n\nUnicorns are very smart, exceptionally calm, and stop bleeding quickly. They are fast learners, but terrible at manual labour tasks such as mining.\n\nFurthermore, a side effect of the xenogerm creation process has left them dependent on wake-up to keep going.</description>
    <descriptionShort>Unicorns excel at research and medicine, but struggle with more manual skills. They are calm, fast learners with a dependence on wake-up.</descriptionShort>
	<iconPath>UI/Icons/Genes/Unicorn</iconPath>
	<nameMaker>NamerBrony</nameMaker>
    <nameMakerFemale>NamerBronyFemale</nameMakerFemale>
	<chanceToUseNameMaker>1</chanceToUseNameMaker>
	<inheritable>true</inheritable>
	<genes>
		<li>Superclotting</li>
		<li>Headbone_CenterHorn</li>
		<li>Aggression_DeadCalm</li>
		<li>Learning_Fast</li>
		<li>AptitudeTerrible_Construction</li>
		<li>AptitudeTerrible_Mining</li>
		<li>AptitudeTerrible_Plants</li>
		<li>AptitudeTerrible_Animals</li>
		<li>AptitudeRemarkable_Intellectual</li>
		<li>AptitudeRemarkable_Medicine</li>
		<li>ChemicalDependency_WakeUp</li>
		<li>Jaw_Baseline</li>
		<li>Ears_Human</li>
		<li>Nose_Human</li>
		<li>MLRP_VoiceHorse</li>
		<li>Hands_Human</li>
		<li>Body_Thin</li>
		<li>Hair_LightBlue</li>
		<li>Hair_LightTeal</li>
		<li>Hair_LightGreen</li>
		<li>Hair_Pink</li>
		<li>Hair_LightPurple</li>
		<li>Hair_BrightRed</li>
		<li>MLRP_BronyGene</li>
	</genes>
</XenotypeDef>

<XenotypeDef>
    <defName>MLRP_Xeno_Pegasus</defName>
    <label>pegasus</label>
    <description>This xenotype is one of several that was created by a group calling itself the 'Equestrian Integration Society.' Their goal was to create xenotypes based on the many races that inhabit Equestria, but the end results turned out to be much different than they expected.\n\nPegasi excel at combat, but have poor skills in pretty much everything else. They can see in the dark, move very fast, and don't consume any more or less food than baseliners.\n\nHowever, a side effect of the xenogerm implantation process has heightened their aggression levels, which seriously hampers their social abilities, as well as leaving them dependent on regular doses of go-juice.</description>
    <descriptionShort>Pegasi excel at combat, but struggle with everything else. They are aggressive, fast movers and can see in the dark. They are also dependent on go-juice.</descriptionShort>
	<iconPath>UI/Icons/Genes/Pegasus</iconPath>
	<nameMaker>NamerBrony</nameMaker>
    <nameMakerFemale>NamerBronyFemale</nameMakerFemale>
	<chanceToUseNameMaker>1</chanceToUseNameMaker>
	<inheritable>true</inheritable>
	<genes>
		<li>MoveSpeed_VeryQuick</li>
		<li>Aggression_HyperAggressive</li>
		<li>MeleeDamage_Strong</li>
		<li>DarkVision</li>
		<li>AptitudeRemarkable_Shooting</li>
		<li>AptitudeRemarkable_Melee</li>
		<li>AptitudePoor_Construction</li>
		<li>AptitudePoor_Mining</li>
		<li>AptitudePoor_Cooking</li>
		<li>AptitudePoor_Plants</li>
		<li>AptitudePoor_Animals</li>
		<li>AptitudePoor_Crafting</li>
		<li>AptitudePoor_Artistic</li>
		<li>AptitudeRemarkable_Medicine</li>
		<li>AptitudeTerrible_Social</li>
		<li>AptitudePoor_Intellectual</li>
		<li>ChemicalDependency_GoJuice</li>
		<li>Jaw_Baseline</li>
		<li>Ears_Human</li>
		<li>Nose_Human</li>
		<li>MLRP_VoiceHorse</li>
		<li>Hands_Human</li>
		<li>Body_Thin</li>
		<li>Hair_LightBlue</li>
		<li>Hair_LightTeal</li>
		<li>Hair_LightGreen</li>
		<li>Hair_Pink</li>
		<li>Hair_LightPurple</li>
		<li>Hair_BrightRed</li>
		<li>MLRP_BronyGene</li>
	</genes>
</XenotypeDef>

<XenotypeDef>
    <defName>MLRP_Xeno_Changeling</defName>
    <label>changeling</label>
    <description>This xenotype is one of several that was created by a group calling itself the 'Equestrian Integration Society.' Their goal was to create xenotypes based on the many races that inhabit Equestria, but the end results turned out to be much different than they expected.\n\nChangelings are a race of insect-like equines who can change their form to that of any creature they like; they then use this ability to gather love, which they bring back to their hives and feed on.\n\nThese humanoid changelings lack the ability to shapeshift, but they make up for that with their skills in crafting and construction, though they are terrible at pretty much anything else. They are not very nice to look at, but they have high libidos, are very fertile, can eat pretty much anything, don't get cold easily, and thrive in polluted areas.\n\nSide effects of the xenogerm implementation process include the ability to shoot acid at their enemies, as well as a fear of fire.</description>
    <descriptionShort>Changelings excel at crafting and construction, but are bad at everything else. They can spray acid at their enemies, survive in cold areas with ease and have high libidos and fertility alongside robust digestive systems and the ability to thrive in polluted areas. They are afraid of fire and very ugly to look at.</descriptionShort>
	<iconPath>UI/Icons/Genes/Changeling</iconPath>
	<nameMaker>NamerBrony</nameMaker>
    <nameMakerFemale>NamerBronyFemale</nameMakerFemale>
	<chanceToUseNameMaker>1</chanceToUseNameMaker>
	<inheritable>true</inheritable>
	<genes>
		<li>AcidSpray</li>
		<li>MinTemp_LargeDecrease</li>
		<li>FireTerror</li>
		<li>Libido_High</li>
		<li>Fertile</li>
		<li>Beauty_VeryUgly</li>
		<li>Eyes_Gray</li>
		<li>Hair_BaldOnly</li>
		<li>Beard_NoBeardOnly</li>
		<li>Ears_Human</li>
		<li>Nose_Human</li>
		<li>Headbone_Human</li>
		<li>MLRP_InsectVoice</li>
		<li>FacialRidges</li>
		<li>Body_Thin</li>
		<li>Skin_InkBlack</li>
		<li>Skin_SlateGray</li>
		<li>Skin_LightGray</li>
		<li>Skin_Blue</li>
		<li>Skin_Purple</li>
		<li>Skin_PaleRed</li>
		<li>Skin_DeepRed</li>
		<li>Skin_PaleYellow</li>
		<li>Skin_DeepYellow</li>
		<li>Skin_Orange</li>
		<li>Skin_Green</li>
		<li>RobustDigestion</li>
		<li>Hands_Human</li>
		<li>PollutionRush</li>
		<li>AptitudeRemarkable_Construction</li>
		<li>AptitudeTerrible_Mining</li>
		<li>AptitudeTerrible_Cooking</li>
		<li>AptitudeTerrible_Plants</li>
		<li>AptitudeTerrible_Animals</li>
		<li>AptitudeRemarkable_Crafting</li>
		<li>AptitudeTerrible_Artistic</li>
		<li>AptitudeTerrible_Medicine</li>
		<li>AptitudeTerrible_Social</li>
		<li>AptitudeTerrible_Intellectual</li>
		<li>MLRP_BronyGene</li>
	</genes>
</XenotypeDef>

<XenotypeDef>
    <defName>MLRP_Xeno_DiamondDog</defName>
    <label>diamond dog</label>
    <description>This xenotype is one of several that was created by a group calling itself the 'Equestrian Integration Society.' Their goal was to create xenotypes based on the many races that inhabit Equestria, but the end results turned out to be much different than they expected.\n\nDiamond Dogs are exceptional miners who thrive in the underground parts of the world, where they have developed strong stomachs, super strong immunity, a complete disregard for psychic phenomena, and a lowered need to sleep. A lifetime spent underground has built up their resistances to varying levels of cold and heat, though side effects of the xenogerm implantation process include a heightened level of aggression, as well as a poison joke dependency.</description>
    <descriptionShort>Diamond Dogs are exceptional miners with strong stomachs and immune systems, total immunity to psychic phenomena, and a less frequent need for rest. They are also resistant to cold and heat, but highly aggressive and dependent on regular doses of poison joke.</descriptionShort>
	<iconPath>UI/Icons/Genes/DiamondDog</iconPath>
	<nameMaker>NamerDog</nameMaker>
	<nameMakerFemale>NamerDogFemale</nameMakerFemale>
	<chanceToUseNameMaker>1</chanceToUseNameMaker>
	<inheritable>true</inheritable>
	<genes>
			<li>StrongStomach</li>
			<li>Immunity_SuperStrong</li>
			<li>PsychicAbility_Deaf</li>
			<li>MinTemp_LargeDecrease</li>
			<li>MaxTemp_LargeIncrease</li>
			<li>Aggression_HyperAggressive</li>
			<li>LowSleep</li>
			<li>Tail_Furry</li>
			<li>Ears_Floppy</li>
			<li>VoiceRoar</li>
			<li>Body_Standard</li>
			<li>Body_Hulk</li>
			<li>DarkVision</li>
			<li>Furskin</li>
			<li>AptitudeTerrible_Shooting</li>
			<li>AptitudeRemarkable_Mining</li>
			<li>AptitudeTerrible_Crafting</li>
			<li>AptitudeTerrible_Medicine</li>
			<li>ChemicalDependency_MLRP_PoisonJoke</li>
	</genes>
</XenotypeDef>

</Defs>