<Patch>

<!--PATCH THE AMMO-->

<Operation Class="PatchOperationAdd">
	<xpath>/Defs/ThingDef[defName="MLRP_WeaponisedArrogance"]</xpath>
	<value>
		<thingClass>CombatExtended.BulletCE</thingClass>
	</value>
</Operation>

<Operation Class="PatchOperationReplace">
	<xpath>/Defs/ThingDef[defName="MLRP_WeaponisedArrogance"]/projectile</xpath>
	<value>
		<projectile Class="CombatExtended.ProjectilePropertiesCE">
			<damageAmountBase>1</damageAmountBase>
			<armorPenetrationSharp>3</armorPenetrationSharp> <!--Because of splinters.-->
			<armorPenetrationBlunt>1</armorPenetrationBlunt>
		</projectile>
	</value>
</Operation>

<!--PATCH EVERYTHING ELSE-->

	<Operation Class="PatchOperationReplace">
		<xpath>Defs/ThingDef[defName="MLRP_Mudbriar" or defName="MLRP_QuibblePants" or defName="MLRP_ZephyrBreeze"]/thingClass</xpath>
		<value>
			<thingClass>CombatExtended.Building_TurretGunCE</thingClass>
		</value>
	</Operation>
	
	<Operation Class="PatchOperationAdd">
		<xpath>Defs/ThingDef[defName="MLRP_Mudbriar" or defName="MLRP_QuibblePants" or defName="MLRP_ZephyrBreeze" or defName="MLRP_Weaponless"]/statBases</xpath>
		<value>
			<AimingAccuracy>0.25</AimingAccuracy>
		</value>
	</Operation>
	
  <Operation Class="CombatExtended.PatchOperationMakeGunCECompatible">
    <defName>MLRP_Weaponless</defName>
    <statBases>
      <RangedWeapon_Cooldown>3</RangedWeapon_Cooldown>
      <SightsEfficiency>1</SightsEfficiency>
      <ShotSpread>0.1</ShotSpread>
      <SwayFactor>0.8</SwayFactor>
      <Bulk>15.00</Bulk>
    </statBases>
    <Properties>
      <recoilAmount>0</recoilAmount>
      <verbClass>CombatExtended.Verb_ShootCE</verbClass>
      <hasStandardCommand>true</hasStandardCommand>
      <defaultProjectile>MLRP_WeaponisedArrogance</defaultProjectile>
      <warmupTime>0</warmupTime>
      <range>40</range>
      <ticksBetweenBurstShots>120</ticksBetweenBurstShots>
      <burstShotCount>9</burstShotCount>
      <!--<soundCast>MLRP_EOH_Fire</soundCast>
      <soundCastTail>GunTail_Light</soundCastTail>-->
      <muzzleFlashScale>9</muzzleFlashScale>
      <recoilPattern>Mounted</recoilPattern>
    </Properties>
    <AmmoUser>
      <magazineSize>300</magazineSize>
      <reloadTime>3</reloadTime>
      <ammoSet>AmmoSet_WoodenBullets</ammoSet>
    </AmmoUser>
    <FireModes>
      <aiAimMode>AimedShot</aiAimMode>
      <noSnapshot>true</noSnapshot>
      <noSingleShot>true</noSingleShot>
    </FireModes>
  </Operation>
  
	<Operation Class="PatchOperationReplace">
		<xpath>Defs/ThingDef[defName="MLRP_Weaponless"]/verbs</xpath>
		<value>
			<verbs>
				<li Class="CombatExtended.VerbPropertiesCE">
					<recoilAmount>1.5</recoilAmount>
					<verbClass>CombatExtended.Verb_ShootCE</verbClass>
					<forceNormalTimeSpeed>false</forceNormalTimeSpeed>
					<hasStandardCommand>true</hasStandardCommand>
					<requireLineOfSight>false</requireLineOfSight>
					<defaultProjectile>MLRP_WeaponisedArrogance</defaultProjectile>
					<warmupTime>0</warmupTime>
					<range>10</range>
					<burstShotCount>3</burstShotCount>
					<ticksBetweenBurstShots>250</ticksBetweenBurstShots>
					<targetParams>
						<canTargetLocations>false</canTargetLocations>
					</targetParams>
					<consumeFuelPerShot>1</consumeFuelPerShot>
				</li>
			</verbs>
		</value>
	</Operation>
  
</Patch>