<Patch>
	<Operation Class="PatchOperationAdd">
		<xpath>/Defs/ScenarioDef[defName="MLRP_Scenario"]/scenario/parts</xpath>
		<value>
			<li Class="ScenPart_StartingThing_Defined">
				<def>StartingThing_Defined</def>
				<thingDef>Ammo_556x45mmNATO_FMJ</thingDef>
				<count>300</count>
			</li>
			
			<li Class="ScenPart_StartingThing_Defined">
				<def>StartingThing_Defined</def>
				<thingDef>Bullet_45ACP_FMJ</thingDef>
				<count>70</count>
			</li>
		</value>
	</Operation>
</Patch>