<Patch>

	<!--Add bulk and worn bulk to plushies-->

	<Operation Class="PatchOperationAdd">
	    <xpath>/Defs/ThingDef[@Name="PonyPlushBase"]/statBases</xpath>
	    <value>
			<Bulk>0.1</Bulk>
			<WornBulk>0.1</WornBulk>
	    </value>
	</Operation>
	
	<Operation Class="PatchOperationAdd">
	    <xpath>/Defs/ThingDef[defName="PonyPlush_Ruined"]/statBases</xpath>
	    <value>
			<Bulk>0.1</Bulk>
	    </value>
	</Operation>
	
	<!--Big Macintosh-->
	
	<Operation Class="PatchOperationAdd">
	    <xpath>/Defs/ThingDef[defName="PonyPlush_BigMacintosh"]/equippedStatOffsets</xpath>
	    <value>
			<CarryBulk>20</CarryBulk>
	    </value>
	</Operation>
	
	<Operation Class="PatchOperationAdd" MayRequire="Ludeon.RimWorld.Biotech">
	    <xpath>/Defs/ThingDef[defName="PonyPlush_BigMacintosh_Child"]/equippedStatOffsets</xpath>
	    <value>
			<CarryBulk>30</CarryBulk>
	    </value>
	</Operation>
	
	<!--Rainbow Dash-->
	
	<Operation Class="PatchOperationAdd">
	    <xpath>/Defs/ThingDef[defName="PonyPlush_RainbowDash"]/equippedStatOffsets</xpath>
	    <value>
			<!--The child version is only affected if the appropriate setting is configured in XML Extensions.-->
			<NightVisionEfficiency_Apparel>0.1</NightVisionEfficiency_Apparel>
			<ReloadSpeed>0.05</ReloadSpeed>
			<Suppressability>-0.05</Suppressability>
	    </value>
	</Operation>
	
	<Operation Class="PatchOperationAdd">
	    <xpath>/Defs/ThingDef[defName="MLRP_ElementsOfHarmony"]/equippedStatOffsets</xpath>
	    <value>
			<!--The child version is only affected if the appropriate setting is configured in XML Extensions.-->
			<NightVisionEfficiency_Apparel>0.1</NightVisionEfficiency_Apparel>
			<ReloadSpeed>0.05</ReloadSpeed>
			<Suppressability>-0.05</Suppressability>
	    </value>
	</Operation>
	
	<!--Shining Armour-->
	
	<Operation Class="PatchOperationReplace">
	    <xpath>/Defs/ThingDef[defName="PonyPlush_ShiningArmour"]/statBases</xpath>
	    <value>
		<statBases>
			<ArmorRating_Blunt>5</ArmorRating_Blunt>
			<ArmorRating_Sharp>5</ArmorRating_Sharp>
			<ArmorRating_Heat>0.3</ArmorRating_Heat>
		</statBases>
	    </value>
	</Operation>
	
	<Operation Class="PatchOperationAdd">
		<xpath>/Defs/ThingDef[defName="PonyPlush_ShiningArmour"]/apparel/bodyPartGroups</xpath>
		<value>
			<li>Torso</li>
		</value>
	</Operation>
	
	<Operation Class="PatchOperationReplace" MayRequire="Ludeon.RimWorld.Biotech">
	    <xpath>/Defs/ThingDef[defName="PonyPlush_ShiningArmour_Child"]/statBases</xpath>
	    <value>
		<statBases>
			<ArmorRating_Blunt>10</ArmorRating_Blunt>
			<ArmorRating_Sharp>10</ArmorRating_Sharp>
			<ArmorRating_Heat>0.6</ArmorRating_Heat>
		</statBases>
	    </value>
	</Operation>
	
	<Operation Class="PatchOperationAdd" MayRequire="Ludeon.RimWorld.Biotech">
		<xpath>/Defs/ThingDef[defName="PonyPlush_ShiningArmour_Child"]/apparel/bodyPartGroups</xpath>
		<value>
			<li>Torso</li>
		</value>
	</Operation>
	
	<!--Spoiled Rich-->
	
	<Operation Class="PatchOperationAdd">
		<xpath>/Defs/ThingDef[defName="PonyPlush_SpoiledRich"]/equippedStatOffsets</xpath>
		<value>
			<SmokeSensitivity>-0.25</SmokeSensitivity>
		</value>
	</Operation>
	
	<!--Harmony Chip (Requires Royalty DLC)-->
	
	<Operation Class="PatchOperationReplace" MayRequire="Ludeon.RimWorld.Royalty">
		<xpath>/Defs/HediffDef[defName="MLRP_HarmonyChipInstalled"]/stages/li/statOffsets/ArmorRating_Blunt</xpath>
		<value>
			<ArmorRating_Blunt>5</ArmorRating_Blunt>
		</value>
	</Operation>
	
	<Operation Class="PatchOperationReplace" MayRequire="Ludeon.RimWorld.Royalty">
		<xpath>/Defs/HediffDef[defName="MLRP_HarmonyChipInstalled"]/stages/li/statOffsets/ArmorRating_Sharp</xpath>
		<value>
			<ArmorRating_Sharp>5</ArmorRating_Sharp>
		</value>
	</Operation>
	
	<Operation Class="PatchOperationReplace" MayRequire="Ludeon.RimWorld.Royalty">
		<xpath>/Defs/HediffDef[defName="MLRP_HarmonyChipInstalled"]/stages/li/statOffsets/ArmorRating_Heat</xpath>
		<value>
			<ArmorRating_Heat>0.3</ArmorRating_Heat>
		</value>
	</Operation>
	
</Patch>