<Patch>

	<Operation Class="PatchOperationReplace">
		<xpath>Defs/ThingDef[@Name="SweetieBotBase" or defName="MLRP_Turret_SweetieBot"]/thingClass</xpath>
		<value>
			<thingClass>CombatExtended.Building_TurretGunCE</thingClass>
		</value>
	</Operation>
	
	<Operation Class="PatchOperationReplace">
		<xpath>Defs/ThingDef[defName="MLRP_Turret_SweetieBot"]/description</xpath>
		<value>
			<description>Fires rainbow lasers that are accurate at medium to long range, as long as it is not behind cover. Will not explode if damaged.</description>
		</value>
	</Operation>
	
	<Operation Class="PatchOperationAdd">
		<xpath>Defs/ThingDef[defName="MLRP_Turret_SweetieBot"]/statBases</xpath>
		<value>
			<AimingAccuracy>0.6</AimingAccuracy>
		</value>
	</Operation>
	
  <Operation Class="CombatExtended.PatchOperationMakeGunCECompatible">
    <defName>MLRP_SweetieBotTurret</defName>
    <statBases>
      <RangedWeapon_Cooldown>3</RangedWeapon_Cooldown>
      <SightsEfficiency>1</SightsEfficiency>
      <ShotSpread>0.04</ShotSpread>
      <SwayFactor>0.7</SwayFactor>
      <Bulk>15.00</Bulk>
    </statBases>
    <Properties>
      <recoilAmount>0</recoilAmount>
      <verbClass>CombatExtended.Verb_ShootCE</verbClass>
      <hasStandardCommand>true</hasStandardCommand>
      <defaultProjectile>Projectile_HarmonyRainbow</defaultProjectile>
      <warmupTime>0</warmupTime>
      <range>40</range>
      <ticksBetweenBurstShots>3</ticksBetweenBurstShots>
      <burstShotCount>4</burstShotCount>
      <soundCast>MLRP_EOH_Fire</soundCast>
      <soundCastTail>GunTail_Light</soundCastTail>
      <muzzleFlashScale>9</muzzleFlashScale>
      <recoilPattern>Mounted</recoilPattern>
    </Properties>
    <AmmoUser>
      <magazineSize>100</magazineSize>
      <reloadTime>6</reloadTime>
      <ammoSet>AmmoSet_HarmonyLasers</ammoSet>
    </AmmoUser>
    <FireModes>
      <aiAimMode>AimedShot</aiAimMode>
      <noSnapshot>true</noSnapshot>
      <noSingleShot>true</noSingleShot>
    </FireModes>
  </Operation>
  
	<Operation Class="PatchOperationReplace">
		<xpath>Defs/ThingDef[defName="MLRP_SweetieBotTurret"]/verbs</xpath>
		<value>
			<verbs>
				<li Class="CombatExtended.VerbPropertiesCE">
					<recoilAmount>1.5</recoilAmount>
					<verbClass>CombatExtended.Verb_ShootCE</verbClass>
					<forceNormalTimeSpeed>false</forceNormalTimeSpeed>
					<hasStandardCommand>true</hasStandardCommand>
					<requireLineOfSight>false</requireLineOfSight>
					<defaultProjectile>Projectile_HarmonyRainbow</defaultProjectile>
					<warmupTime>0</warmupTime>
					<range>46</range>
					<burstShotCount>3</burstShotCount>
					<ticksBetweenBurstShots>30</ticksBetweenBurstShots>
					<soundCast>MLRP_EOH_Fire</soundCast>
					<soundCastTail>GunTail_Light</soundCastTail>
					<muzzleFlashScale>9</muzzleFlashScale>
					<targetParams>
						<canTargetLocations>false</canTargetLocations>
					</targetParams>
					<consumeFuelPerShot>1</consumeFuelPerShot>
				</li>
			</verbs>
		</value>
	</Operation>
</Patch>