<Patch>
	
	<Operation Class="PatchOperationFindMod">
		<mods>
			<li>Biotech</li>
		</mods>
		<match Class="PatchOperationSequence">
			<operations>
				<li Class="PatchOperationReplace">
					<xpath>Defs/ThingDef[defName="MLRP_ElementsOfHarmonyWeaponised_Mechanoid"]/tools</xpath>
					<value>
						<tools>
							<li Class="CombatExtended.ToolCE">
								<label>barrel</label>
								<capacities>
									<li>Blunt</li>
								</capacities>
								<power>6</power>
								<cooldownTime>2.0</cooldownTime>
								<armorPenetrationBlunt>3.0</armorPenetrationBlunt>
								<linkedBodyPartsGroup>Barrel</linkedBodyPartsGroup>
							</li>
						</tools>
					</value>
				</li>
				
				<li Class="CombatExtended.PatchOperationMakeGunCECompatible">
					<defName>MLRP_ElementsOfHarmonyWeaponised_Mechanoid</defName>
					<statBases>
						<RangedWeapon_Cooldown>2</RangedWeapon_Cooldown>
						<SightsEfficiency>1</SightsEfficiency>
						<ShotSpread>0.15</ShotSpread>
						<SwayFactor>2</SwayFactor>
						<Bulk>3</Bulk>
					</statBases>
					<Properties>
						<recoilAmount>1.5</recoilAmount>
						<verbClass>CombatExtended.Verb_ShootCE</verbClass>
						<hasStandardCommand>true</hasStandardCommand>
						<defaultProjectile>Projectile_HarmonyRainbow</defaultProjectile>
						<warmupTime>0.8</warmupTime>
						<range>40</range>
						<burstShotCount>3</burstShotCount>
						<soundCast>MLRP_EOH_Fire</soundCast>
						<soundCastTail>GunTail_Light</soundCastTail>
						<muzzleFlashScale>0</muzzleFlashScale>
					</Properties>
					<AmmoUser>
						<magazineSize>30</magazineSize>
						<reloadTime>2.5</reloadTime>
						<ammoSet>AmmoSet_HarmonyLasers</ammoSet>
					</AmmoUser>
					<FireModes>
						<aiAimMode>Snapshot</aiAimMode>
					</FireModes>
					<weaponTags>
						<li>CE_AI_BROOM</li>
						<li>NoSwitch</li>
					</weaponTags>
				</li>
				
				<li Class="PatchOperationReplace">
					<xpath>Defs/PawnKindDef[defName="MLRP_SweetieBotMech"]/combatPower</xpath>
					<value>
						<combatPower>60</combatPower>
					</value>
				</li>
				
				<li Class="PatchOperationAddModExtension">
					<xpath>Defs/PawnKindDef[defName="MLRP_SweetieBotMech"]</xpath>
					<value>
						<li Class="CombatExtended.LoadoutPropertiesExtension">
							<primaryMagazineCount>
								<min>15</min>
								<max>30</max>
							</primaryMagazineCount>
						</li>
					</value>
				</li>
		
				<li Class="PatchOperationAdd">
					<xpath>Defs/ThingDef[defName="MLRP_SweetieBotMech"]/statBases</xpath>
					<value>
						<CarryWeight>50</CarryWeight>
						<CarryBulk>20</CarryBulk>
						<MeleeDodgeChance>0.1</MeleeDodgeChance>
						<MeleeCritChance>0.05</MeleeCritChance>
						<MeleeParryChance>0.05</MeleeParryChance>
						<AimingAccuracy>1.0</AimingAccuracy>
						<ShootingAccuracyPawn>1.75</ShootingAccuracyPawn>
					</value>
				</li>
				
				<li Class="PatchOperationConditional">
					<xpath>Defs/ThingDef[defName="MLRP_SweetieBotMech"]/comps</xpath>
					<nomatch Class="PatchOperationAdd">
						<xpath>Defs/ThingDef[defName="MLRP_SweetieBotMech"]</xpath>
						<value>
							<comps></comps>
						</value>
					</nomatch>
				</li>
				
				<li Class="PatchOperationAdd">
					<xpath>Defs/ThingDef[defName="MLRP_SweetieBotMech"]/comps</xpath>
					<value>
						<li Class="CombatExtended.CompProperties_ArmorDurability">
							<Durability>700</Durability>
							<Regenerates>true</Regenerates>
							<RegenInterval>1250</RegenInterval>
							<RegenValue>5</RegenValue>
							<Repairable>true</Repairable>
							<RepairIngredients>
								<Steel>5</Steel>
								<Plasteel>5</Plasteel>
							</RepairIngredients>
							<RepairTime>300</RepairTime>
							<RepairValue>200</RepairValue>
							<CanOverHeal>true</CanOverHeal>
							<MaxOverHeal>70</MaxOverHeal>
							<MinArmorPct>0.75</MinArmorPct>
						</li>
					</value>
				</li>

				<li Class="PatchOperationAddModExtension">
					<xpath>Defs/ThingDef[defName="MLRP_SweetieBotMech"]</xpath>
					<value>
						<li Class="CombatExtended.RacePropertiesExtensionCE">
							<bodyShape>Vehicle</bodyShape>
						</li>
					</value>
				</li>
								
				<li Class="PatchOperationAdd">
					<xpath>Defs/ThingDef[@Name="MLRP_SweetieBot_MechanoidBase"]/comps</xpath>
					<value>
						<li>
							<compClass>CombatExtended.CompPawnGizmo</compClass>
						</li>
						<li>
							<compClass>CombatExtended.CompAmmoGiver</compClass>
						</li>
						<li Class="CombatExtended.CompProperties_MechAmmo">
							<gizmoIconSetMagCount>UI/Buttons/SetMagCount</gizmoIconSetMagCount>
							<gizmoIconTakeAmmoNow>UI/Buttons/TakeAmmoNow</gizmoIconTakeAmmoNow>
						</li>
					</value>
				</li>
			
			
				<li Class="PatchOperationReplace">
					<xpath>Defs/ThingDef[defName="MLRP_SweetieBotMech"]/tools</xpath>
					<value>
						<tools>
							<li Class="CombatExtended.ToolCE">
								<label>horn</label>
								<capacities>
									<li>Poke</li>
									<li>Stab</li>
								</capacities>
								<power>9</power>
								<cooldownTime>2.0</cooldownTime>
								<linkedBodyPartsGroup>HeadAttackTool</linkedBodyPartsGroup>
								<ensureLinkedBodyPartsGroupAlwaysUsable>true</ensureLinkedBodyPartsGroupAlwaysUsable>
								<armorPenetrationSharp>2.5</armorPenetrationSharp>
							</li>
							<li Class="CombatExtended.ToolCE">
								<label>front left hoof</label>
								<capacities>
									<li>Blunt</li>
								</capacities>
								<power>9</power>
								<cooldownTime>2.0</cooldownTime>
								<linkedBodyPartsGroup>FrontLeftLeg</linkedBodyPartsGroup>
								<ensureLinkedBodyPartsGroupAlwaysUsable>true</ensureLinkedBodyPartsGroupAlwaysUsable>
								<armorPenetrationBlunt>2</armorPenetrationBlunt>
							</li>
							<li Class="CombatExtended.ToolCE">
								<label>front right hoof</label>
								<capacities>
									<li>Blunt</li>
								</capacities>
								<power>9</power>
								<cooldownTime>2.0</cooldownTime>
								<linkedBodyPartsGroup>FrontRightLeg</linkedBodyPartsGroup>
								<ensureLinkedBodyPartsGroupAlwaysUsable>true</ensureLinkedBodyPartsGroupAlwaysUsable>
								<armorPenetrationBlunt>2</armorPenetrationBlunt>
							</li>
						</tools>
					</value>
				</li>
				
				<li Class="PatchOperationReplace">
					<xpath>Defs/ThingDef[defName="MLRP_SweetieBotMech"]/statBases/ArmorRating_Blunt</xpath>
					<value>
						<ArmorRating_Blunt>10</ArmorRating_Blunt>
					</value>
				</li>
				
				<li Class="PatchOperationReplace">
					<xpath>Defs/ThingDef[defName="MLRP_SweetieBotMech"]/statBases/ArmorRating_Sharp</xpath>
					<value>
						<ArmorRating_Sharp>15</ArmorRating_Sharp>
					</value>
				</li>
				
				<li Class="PatchOperationAdd">
					<xpath>Defs/ThingDef[defName="MLRP_SweetieBotMech"]/statBases</xpath>
					<value>
						<NightVisionEfficiency>0.8</NightVisionEfficiency>
					</value>
				</li>
				

			</operations>
		</match>
	</Operation>
</Patch>