<Patch>

	<Operation Class="PatchOperationAdd">
		<xpath>Defs/TraderKindDef[defName="MLRP_BronyBaseTrader" or defName="MLRP_NPCFaction_BulkGoods" or defName="MLRP_NPCFaction_CombatSupplier"]/stockGenerators</xpath>
		<value>
			<li Class="StockGenerator_Tag">
				<tradeTag>CE_Ammo</tradeTag>
				<countRange>
					<min>500</min>
					<max>2000</max>
				</countRange>
				<thingDefCountRange>
					<min>5</min>
					<max>9</max>
				</thingDefCountRange>
			</li>
			<li Class="StockGenerator_Tag">
				<tradeTag>CE_MediumAmmo</tradeTag>
				<countRange>
					<min>30</min>
					<max>120</max>
				</countRange>
				<thingDefCountRange>
					<min>5</min>
					<max>8</max>
				</thingDefCountRange>
			</li>
			<li Class="StockGenerator_Tag">
				<tradeTag>CE_HeavyAmmo</tradeTag>
				<countRange>
					<min>10</min>
					<max>50</max>
				</countRange>
				<thingDefCountRange>
					<min>4</min>
					<max>6</max>
				</thingDefCountRange>
			</li>
			<li Class="StockGenerator_Tag">
				<tradeTag>MLRP_Ammo</tradeTag>
				<countRange>
					<min>50</min>
					<max>250</max>
				</countRange>
				<thingDefCountRange>
					<min>5</min>
					<max>5</max>
				</thingDefCountRange>
			</li>
			<li Class="StockGenerator_SingleDef">
				<thingDef>FSX</thingDef>
				<countRange>
					<min>25</min>
					<max>100</max>
				</countRange>
			</li>
			<li Class="StockGenerator_SingleDef">
				<thingDef>Prometheum</thingDef>
				<countRange>
					<min>25</min>
					<max>100</max>
				</countRange>
			</li>
			<!--<li Class="StockGenerator_SingleDef">
				<thingDef>Ammo_CadenceJavelins</thingDef>
				<countRange>
					<min>5</min>
					<max>25</max>
				</countRange>
			</li>
			<li Class="StockGenerator_SingleDef">
				<thingDef>Ammo_HarmonyLaser</thingDef>
				<countRange>
					<min>30</min>
					<max>120</max>
				</countRange>
			</li>
			<li Class="StockGenerator_SingleDef">
				<thingDef>Ammo_TennisBalls</thingDef>
				<countRange>
					<min>1</min>
					<max>10</max>
				</countRange>
			</li>
			<li Class="StockGenerator_SingleDef">
				<thingDef>Ammo_WoodenBullets</thingDef>
				<countRange>
					<min>100</min>
					<max>500</max>
				</countRange>
			</li>-->
		</value>
	</Operation>

</Patch>